crash_row_id,site_id,site_name,site_gemeente,site_lat,site_long,distance_km,crash_lat,crash_long,DT_YEAR_COLLISION,DT_MONTH_COLLISION,DT_TIME,CD_NIS,TX_MUNTY_COLLISION_NL,TX_WEATHER_NL,TX_ROAD_CONDITION_NL,TX_LIGHT_CONDITION_NL,TX_CLASS_ACCIDENTS_NL,CD_ROAD_USR_TYPE1,TX_ROAD_USR_TYPE1_NL,CD_ROAD_USR_TYPE2,TX_ROAD_USR_TYPE2_NL,TX_CROSSWAY_NL,CD_ROAD_TYPE_NL,TX_BUILD_UP_AREA_NL,TX_COLLISION_TYPE_NL,TX_OBSTACLES_NL
52,3,Brasschaat 1,Brasschaat,51.27503,4.47222,0.3993145607615659,51.278005023489335,4.475435212618602,2017,1,15,11008,Brasschaat,Regenval,"Nat, plassen",Dag,met lichtgewonden,9,personenauto,3,Fiets,Buiten Kruispunt,Gewestweg,buiten bebouwde kom,Tss. 2 best.: langs opzij (voor-/achterkant-flank),Geen hindernis
52,2,Brasschaat 2,Brasschaat,51.27512,4.47169,0.4132558135332935,51.278005023489335,4.475435212618602,2017,1,15,11008,Brasschaat,Regenval,"Nat, plassen",Dag,met lichtgewonden,9,personenauto,3,Fiets,Buiten Kruispunt,Gewestweg,buiten bebouwde kom,Tss. 2 best.: langs opzij (voor-/achterkant-flank),Geen hindernis
109,25,Bree,Bree,51.13679500160176,5.597669323604317,0.28594037088357077,51.13907135257048,5.5957628264363555,2017,1,10,72004,Bree,Sneeuwval,"Ijzel, sneeuw",Dag,met lichtgewonden,3,Fiets,11,een weggebruiker tegen een hindernis,Buiten Kruispunt,Gewestweg,binnen bebouwde kom,Weggebruiker tegen hindernis buiten rijbaan,Andere hindernis
119,77,Leuven teller 2,Leuven,50.88672,4.70796,0.45790435732223544,50.88278071837383,4.706057733914377,2017,1,10,24062,Leuven,Regenval,"Nat, plassen",Dag,met lichtgewonden,6,Bromfiets,3,Fiets,Buiten Kruispunt,Gemeenteweg,binnen bebouwde kom,Tss. 2 best.: langs opzij (voor-/achterkant-flank),Geen hindernis
237,55,Torhout teller 1,Torhout,51.07161,3.08261,0.4165801406463716,51.06981215682168,3.08784079698561,2017,1,10,31033,Torhout,Normaal,"Ijzel, sneeuw",Dag,met lichtgewonden,3,Fiets,10,"één bestuurder, geen hindernis",Buiten Kruispunt,Gewestweg,binnen bebouwde kom,"Eén bestuurder, geen hindernis (incl. val)",Geen hindernis
237,56,Torhout teller 2,Torhout,51.07147,3.08244,0.4199774132028807,51.06981215682168,3.08784079698561,2017,1,10,31033,Torhout,Normaal,"Ijzel, sneeuw",Dag,met lichtgewonden,3,Fiets,10,"één bestuurder, geen hindernis",Buiten Kruispunt,Gewestweg,binnen bebouwde kom,"Eén bestuurder, geen hindernis (incl. val)",Geen hindernis
285,35,Lanaken teller 1,Lanaken,50.88112,5.6314,0.23383814701900316,50.88227089154238,5.634189685350802,2017,1,10,73042,Lanaken,Onbekend,Droog,Dag,met lichtgewonden,5,Lichte vrachtauto,3,Fiets,Buiten Kruispunt,Gemeenteweg,buiten bebouwde kom,Tss. 2 best.: langs opzij (voor-/achterkant-flank),Geen hindernis
285,36,Lanaken teller 2,Lanaken,50.88131,5.63012,0.30484791162588665,50.88227089154238,5.634189685350802,2017,1,10,73042,Lanaken,Onbekend,Droog,Dag,met lichtgewonden,5,Lichte vrachtauto,3,Fiets,Buiten Kruispunt,Gemeenteweg,buiten bebouwde kom,Tss. 2 best.: langs opzij (voor-/achterkant-flank),Geen hindernis
295,99,Mechelen teller 1,Mechelen,51.04564,4.46882,0.4981345312115828,51.04144013068556,4.471299351503357,2017,1,16,12025,Mechelen,Regenval,"Nat, plassen",Dag,met lichtgewonden,3,Fiets,6,Bromfiets,Buiten Kruispunt,Gewestweg,binnen bebouwde kom,Tussen 2 bestuurders: Frontale botsing,Geen hindernis
298,100,Mechelen teller 2,Mechelen,51.0457,4.46883,0.19962810189358912,51.047399028365824,4.467907445179255,2017,1,7,12025,Mechelen,Normaal,Droog,Dageraad - schemering,met lichtgewonden,9,personenauto,3,Fiets,Op Kruispunt,Gewestweg,buiten bebouwde kom,Tussen 2 bestuurders: Frontale botsing,Geen hindernis
298,99,Mechelen teller 1,Mechelen,51.04564,4.46882,0.20573549087624338,51.047399028365824,4.467907445179255,2017,1,7,12025,Mechelen,Normaal,Droog,Dageraad - schemering,met lichtgewonden,9,personenauto,3,Fiets,Op Kruispunt,Gewestweg,buiten bebouwde kom,Tussen 2 bestuurders: Frontale botsing,Geen hindernis
412,69,Leuven teller 1,Leuven,50.87549,4.71526,0.439194109024113,50.8725285820257,4.719401742376419,2017,2,14,24062,Leuven,Normaal,Droog,Dag,met lichtgewonden,3,Fiets,9,personenauto,Op Kruispunt,Gewestweg,binnen bebouwde kom,Tss. 2 best.: langs opzij (voor-/achterkant-flank),Geen hindernis
414,69,Leuven teller 1,Leuven,50.87549,4.71526,0.4654848715540379,50.87890996197309,4.719086024727672,2017,2,16,24062,Leuven,Onbekend,Onbekend,Dag,met lichtgewonden,3,Fiets,9,personenauto,Buiten Kruispunt,Gewestweg,binnen bebouwde kom,Tss. 2 best.: langs opzij (voor-/achterkant-flank),Geen hindernis
415,77,Leuven teller 2,Leuven,50.88672,4.70796,0.4194991113712179,50.88676277894048,4.701980176792318,2017,2,22,24062,Leuven,Normaal,Droog,"Nacht, openbare verlichting aanwezig en ontstoken",met lichtgewonden,9,personenauto,3,Fiets,Op Kruispunt,Gemeenteweg,binnen bebouwde kom,Tussen 2 bestuurders: Frontale botsing,Geen hindernis
415,107,leuven totem,Leuven,50.8870744,4.7087919,0.4790811152442494,50.88676277894048,4.701980176792318,2017,2,22,24062,Leuven,Normaal,Droog,"Nacht, openbare verlichting aanwezig en ontstoken",met lichtgewonden,9,personenauto,3,Fiets,Op Kruispunt,Gemeenteweg,binnen bebouwde kom,Tussen 2 bestuurders: Frontale botsing,Geen hindernis
422,23,Tienen 3,Tienen,50.81324,4.93447,0.45173793630825954,50.80919498332195,4.9338728580358895,2017,2,18,24107,Tienen,Normaal,Droog,"Nacht, openbare verlichting aanwezig en ontstoken",met lichtgewonden,9,personenauto,3,Fiets,Buiten Kruispunt,Gemeenteweg,binnen bebouwde kom,Tss. 2 best.: langs opzij (voor-/achterkant-flank),Geen hindernis
422,24,Tienen 1,Tienen,50.8133795491886,4.935044252605416,0.4725254967877279,50.80919498332195,4.9338728580358895,2017,2,18,24107,Tienen,Normaal,Droog,"Nacht, openbare verlichting aanwezig en ontstoken",met lichtgewonden,9,personenauto,3,Fiets,Buiten Kruispunt,Gemeenteweg,binnen bebouwde kom,Tss. 2 best.: langs opzij (voor-/achterkant-flank),Geen hindernis
422,22,Tienen 2,Tienen,50.81330800184882,4.935984252796022,0.4808053240656536,50.80919498332195,4.9338728580358895,2017,2,18,24107,Tienen,Normaal,Droog,"Nacht, openbare verlichting aanwezig en ontstoken",met lichtgewonden,9,personenauto,3,Fiets,Buiten Kruispunt,Gemeenteweg,binnen bebouwde kom,Tss. 2 best.: langs opzij (voor-/achterkant-flank),Geen hindernis
433,27,Grimbergen,Meise,50.92127,4.34013,0.3687714128294511,50.923665697299136,4.3364919203466,2017,2,7,23050,Meise,Normaal,Droog,Dageraad - schemering,met lichtgewonden,3,Fiets,9,personenauto,Op Kruispunt,Gewestweg,binnen bebouwde kom,Tss. 2 best.: langs opzij (voor-/achterkant-flank),Geen hindernis
498,114,Deinze teller 1,Nazareth,50.9598305,3.555502,0.29450029775731296,50.959475002783165,3.5513351903633463,2017,2,4,44083,Deinze,Normaal,"Nat, plassen","Nacht, openbare verlichting aanwezig en ontstoken",met lichtgewonden,4,Vrachtwagen,3,Fiets,Op Kruispunt,Gemeenteweg,binnen bebouwde kom,Tss. 2 best.: langs opzij (voor-/achterkant-flank),Geen hindernis
498,113,Deinze teller 2,Deinze,50.96018,3.55578,0.3210232865314918,50.959475002783165,3.5513351903633463,2017,2,4,44083,Deinze,Normaal,"Nat, plassen","Nacht, openbare verlichting aanwezig en ontstoken",met lichtgewonden,4,Vrachtwagen,3,Fiets,Op Kruispunt,Gemeenteweg,binnen bebouwde kom,Tss. 2 best.: langs opzij (voor-/achterkant-flank),Geen hindernis
612,143,Eco Display Classic Budastraat,Kortrijk,50.83066,3.26286,0.16094096296481988,50.829311978473925,3.2620256292858083,2017,2,8,34022,Kortrijk,Normaal,Droog,Dag,met lichtgewonden,3,Fiets,9,personenauto,Op Kruispunt,Gemeenteweg,binnen bebouwde kom,Tss. 2 best.: langs opzij (voor-/achterkant-flank),Geen hindernis
614,75,Kortrijk teller 2,Kortrijk,50.81925,3.25731,0.2883644082214217,50.82174464602702,3.2584315908331276,2017,2,8,34022,Kortrijk,Regenval,"Nat, plassen",Dag,met lichtgewonden,9,personenauto,3,Fiets,Op Kruispunt,Gewestweg,binnen bebouwde kom,Tss. 2 best.: langs opzij (voor-/achterkant-flank),Geen hindernis
614,74,Kortrijk teller 1,Kortrijk,50.81909,3.25728,0.30606759496688396,50.82174464602702,3.2584315908331276,2017,2,8,34022,Kortrijk,Regenval,"Nat, plassen",Dag,met lichtgewonden,9,personenauto,3,Fiets,Op Kruispunt,Gewestweg,binnen bebouwde kom,Tss. 2 best.: langs opzij (voor-/achterkant-flank),Geen hindernis
650,138,Hasselt-Kempische brug,Hasselt,50.9405318,5.3422472,0.3151359929687238,50.93784039207889,5.340838158233632,2017,2,12,71022,Hasselt,Normaal,"Nat, plassen",Dag,met zwaargewonden,5,Lichte vrachtauto,3,Fiets,Op Kruispunt,Gewestweg,binnen bebouwde kom,Tss. 2 best.: langs opzij (voor-/achterkant-flank),Geen hindernis
650,137,Hasselt-Kempische brug,Hasselt,50.9411605,5.3417576,0.37475816538959594,50.93784039207889,5.340838158233632,2017,2,12,71022,Hasselt,Normaal,"Nat, plassen",Dag,met zwaargewonden,5,Lichte vrachtauto,3,Fiets,Op Kruispunt,Gewestweg,binnen bebouwde kom,Tss. 2 best.: langs opzij (voor-/achterkant-flank),Geen hindernis
787,88,Westerlo teller 1,Westerlo,51.082,4.91325,0.05625248740143969,51.08247490394491,4.912972491225178,2017,3,16,13049,Westerlo,Normaal,Droog,Dag,met lichtgewonden,6,Bromfiets,3,Fiets,Buiten Kruispunt,Gewestweg,binnen bebouwde kom,Tss. 2 best.: langs opzij (voor-/achterkant-flank),Geen hindernis
787,89,Westerlo teller 2,Westerlo,51.08191,4.91334,0.06785786446359623,51.08247490394491,4.912972491225178,2017,3,16,13049,Westerlo,Normaal,Droog,Dag,met lichtgewonden,6,Bromfiets,3,Fiets,Buiten Kruispunt,Gewestweg,binnen bebouwde kom,Tss. 2 best.: langs opzij (voor-/achterkant-flank),Geen hindernis
828,25,Bree,Bree,51.13679500160176,5.597669323604317,0.4166728265622194,51.13908245892577,5.59293898414101,2017,3,15,72004,Bree,Normaal,Droog,Dag,met lichtgewonden,3,Fiets,10,"één bestuurder, geen hindernis",Buiten Kruispunt,Gewestweg,binnen bebouwde kom,"Eén bestuurder, geen hindernis (incl. val)",Geen hindernis
841,69,Leuven teller 1,Leuven,50.87549,4.71526,0.4486710708710421,50.871867017248356,4.718074887514825,2017,3,8,24062,Leuven,Normaal,Droog,Dag,met lichtgewonden,3,Fiets,3,Fiets,Buiten Kruispunt,Gemeenteweg,binnen bebouwde kom,Tussen 2 bestuurders: Frontale botsing,Geen hindernis
845,77,Leuven teller 2,Leuven,50.88672,4.70796,0.4952169586842211,50.88330457347213,4.703429481468307,2017,3,5,24062,Leuven,Onbekend,Onbekend,"Nacht, openbare verlichting aanwezig en ontstoken",met lichtgewonden,3,Fiets,5,Lichte vrachtauto,Op Kruispunt,Gemeenteweg,binnen bebouwde kom,Tss. 2 best.: langs opzij (voor-/achterkant-flank),Geen hindernis
863,101,Diest teller 1,Diest,50.97799,5.04481,0.0350949406238372,50.978280315801484,5.045006653137968,2017,3,12,24020,Diest,Normaal,Droog,Dag,met lichtgewonden,9,personenauto,3,Fiets,Op Kruispunt,Gewestweg,binnen bebouwde kom,Tss. 2 best.: langs opzij (voor-/achterkant-flank),Geen hindernis
863,102,Diest teller 2,Diest,50.9779,5.04474,0.046226472584104075,50.978280315801484,5.045006653137968,2017,3,12,24020,Diest,Normaal,Droog,Dag,met lichtgewonden,9,personenauto,3,Fiets,Op Kruispunt,Gewestweg,binnen bebouwde kom,Tss. 2 best.: langs opzij (voor-/achterkant-flank),Geen hindernis
864,101,Diest teller 1,Diest,50.97799,5.04481,0.0350949406238372,50.978280315801484,5.045006653137968,2017,3,8,24020,Diest,Normaal,Droog,Dag,met lichtgewonden,3,Fiets,9,personenauto,Op Kruispunt,Gewestweg,binnen bebouwde kom,Tss. 2 best.: langs opzij (voor-/achterkant-flank),Geen hindernis
864,102,Diest teller 2,Diest,50.9779,5.04474,0.046226472584104075,50.978280315801484,5.045006653137968,2017,3,8,24020,Diest,Normaal,Droog,Dag,met lichtgewonden,3,Fiets,9,personenauto,Op Kruispunt,Gewestweg,binnen bebouwde kom,Tss. 2 best.: langs opzij (voor-/achterkant-flank),Geen hindernis
868,102,Diest teller 2,Diest,50.9779,5.04474,0.49385684221344817,50.97541161900839,5.050582749264745,2017,3,19,24020,Diest,Normaal,"Nat, plassen",Dag,met lichtgewonden,3,Fiets,9,personenauto,Buiten Kruispunt,Gemeenteweg,binnen bebouwde kom,Tussen 2 bestuurders: Langs achteren,Geen hindernis
868,101,Diest teller 1,Diest,50.97799,5.04481,0.49552695622928633,50.97541161900839,5.050582749264745,2017,3,19,24020,Diest,Normaal,"Nat, plassen",Dag,met lichtgewonden,3,Fiets,9,personenauto,Buiten Kruispunt,Gemeenteweg,binnen bebouwde kom,Tussen 2 bestuurders: Langs achteren,Geen hindernis
947,116,Melle teller 2,Melle,50.9986113,3.8040599,0.19925192363540806,50.99958013837921,3.806455166697817,2017,3,16,44040,Melle,Normaal,Droog,Dag,met lichtgewonden,9,personenauto,3,Fiets,Buiten Kruispunt,Gewestweg,binnen bebouwde kom,Tss. 2 best.: langs opzij (voor-/achterkant-flank),Geen hindernis
947,117,Melle teller 1,Melle,50.9986113,3.8040599,0.19925192363540806,50.99958013837921,3.806455166697817,2017,3,16,44040,Melle,Normaal,Droog,Dag,met lichtgewonden,9,personenauto,3,Fiets,Buiten Kruispunt,Gewestweg,binnen bebouwde kom,Tss. 2 best.: langs opzij (voor-/achterkant-flank),Geen hindernis
1057,15,Oostende 2,Oostende,51.21371,2.92743,0.41989604979428097,51.21681629276849,2.9240020319162894,2017,3,9,35013,Oostende,Normaal,"Nat, plassen",Dag,met lichtgewonden,9,personenauto,3,Fiets,Op Kruispunt,Gemeenteweg,binnen bebouwde kom,Tss. 2 best.: langs opzij (voor-/achterkant-flank),Geen hindernis
1057,18,Oostende 1,Oostende,51.21378,2.92765,0.42254987546496453,51.21681629276849,2.9240020319162894,2017,3,9,35013,Oostende,Normaal,"Nat, plassen",Dag,met lichtgewonden,9,personenauto,3,Fiets,Op Kruispunt,Gemeenteweg,binnen bebouwde kom,Tss. 2 best.: langs opzij (voor-/achterkant-flank),Geen hindernis
1121,41,Maasmechelen teller 1,Maasmechelen,50.97025,5.69799,0.030783648186253128,50.96999401387289,5.697822591285061,2017,3,9,73107,Maasmechelen,Normaal,Droog,Dag,met lichtgewonden,9,personenauto,3,Fiets,Op Kruispunt,Gewestweg,binnen bebouwde kom,Tss. 2 best.: langs opzij (voor-/achterkant-flank),Geen hindernis
1121,42,Maasmechelen teller 2,Maasmechelen,50.97043,5.6981,0.052226217022887544,50.96999401387289,5.697822591285061,2017,3,9,73107,Maasmechelen,Normaal,Droog,Dag,met lichtgewonden,9,personenauto,3,Fiets,Op Kruispunt,Gewestweg,binnen bebouwde kom,Tss. 2 best.: langs opzij (voor-/achterkant-flank),Geen hindernis
1149,140,Hasselt ring,Hasselt,50.9300038,5.3438616,0.049638296669573034,50.929570007346754,5.343694409745199,2017,3,19,71022,Hasselt,Normaal,Onbekend,Dag,met lichtgewonden,9,personenauto,3,Fiets,Buiten Kruispunt,Gewestweg,binnen bebouwde kom,Tussen 2 bestuurders: Langs achteren,Geen hindernis
1151,140,Hasselt ring,Hasselt,50.9300038,5.3438616,0.4372595563417578,50.92971203856034,5.350083573105462,2017,3,11,71022,Hasselt,Onbekend,Onbekend,Dag,met lichtgewonden,9,personenauto,3,Fiets,Op Kruispunt,Gewestweg,binnen bebouwde kom,Tss. 2 best.: langs opzij (voor-/achterkant-flank),Geen hindernis
1266,38,Lommel teller 2,Lommel,51.23277,5.29189,0.01368120758983138,51.2328913354185,5.2918574234743465,2017,4,17,72020,Lommel,Normaal,Droog,Dag,met lichtgewonden,9,personenauto,3,Fiets,Buiten Kruispunt,Gewestweg,buiten bebouwde kom,Tss. 2 best.: langs opzij (voor-/achterkant-flank),Geen hindernis
1266,37,Lommel teller 1,Lommel,51.23299,5.29211,0.020727290223475005,51.2328913354185,5.2918574234743465,2017,4,17,72020,Lommel,Normaal,Droog,Dag,met lichtgewonden,9,personenauto,3,Fiets,Buiten Kruispunt,Gewestweg,buiten bebouwde kom,Tss. 2 best.: langs opzij (voor-/achterkant-flank),Geen hindernis
1293,69,Leuven teller 1,Leuven,50.87549,4.71526,0.439194109024113,50.8725285820257,4.719401742376419,2017,4,14,24062,Leuven,Normaal,Droog,Dag,met zwaargewonden,4,Vrachtwagen,3,Fiets,Op Kruispunt,Gewestweg,binnen bebouwde kom,Tussen 2 bestuurders: Frontale botsing,Geen hindernis
1297,73,Herent teller 2,Herent,50.89128,4.64685,0.2452240019374092,50.8893578516412,4.64856394498921,2017,4,14,24038,Herent,Normaal,Droog,Dag,met lichtgewonden,3,Fiets,8,Voetganger,Buiten Kruispunt,Gemeenteweg,binnen bebouwde kom,Met een voetganger,Geen hindernis
1297,72,Herent teller 1,Herent,50.89135,4.64689,0.25071076572875217,50.8893578516412,4.64856394498921,2017,4,14,24038,Herent,Normaal,Droog,Dag,met lichtgewonden,3,Fiets,8,Voetganger,Buiten Kruispunt,Gemeenteweg,binnen bebouwde kom,Met een voetganger,Geen hindernis
1299,101,Diest teller 1,Diest,50.97799,5.04481,0.4388330332248166,50.97986480052137,5.039294215447558,2017,4,13,24020,Diest,Normaal,Droog,Dag,met lichtgewonden,3,Fiets,3,Fiets,Op Kruispunt,Gewestweg,binnen bebouwde kom,Tussen 2 bestuurders: Frontale botsing,Geen hindernis
1299,102,Diest teller 2,Diest,50.9779,5.04474,0.4394161906273593,50.97986480052137,5.039294215447558,2017,4,13,24020,Diest,Normaal,Droog,Dag,met lichtgewonden,3,Fiets,3,Fiets,Op Kruispunt,Gewestweg,binnen bebouwde kom,Tussen 2 bestuurders: Frontale botsing,Geen hindernis
1452,18,Oostende 1,Oostende,51.21378,2.92765,0.22243308362198785,51.215617830505806,2.926389000225458,2017,4,19,35013,Oostende,Normaal,Droog,Dag,met lichtgewonden,3,Fiets,3,Fiets,Buiten Kruispunt,Gemeenteweg,binnen bebouwde kom,Tss. 2 best.: langs opzij (voor-/achterkant-flank),Geen hindernis
1452,15,Oostende 2,Oostende,51.21371,2.92743,0.22419043767230035,51.215617830505806,2.926389000225458,2017,4,19,35013,Oostende,Normaal,Droog,Dag,met lichtgewonden,3,Fiets,3,Fiets,Buiten Kruispunt,Gemeenteweg,binnen bebouwde kom,Tss. 2 best.: langs opzij (voor-/achterkant-flank),Geen hindernis
1491,61,Wervik teller 2,Wervik,50.80555,3.0921,0.3175621201664098,50.80423407017911,3.0961107779836086,2017,4,17,34027,Menen,Normaal,Droog,Dag,met lichtgewonden,9,personenauto,3,Fiets,Buiten Kruispunt,Gewestweg,binnen bebouwde kom,Tss. 2 best.: langs opzij (voor-/achterkant-flank),Geen hindernis
1491,62,Wervik teller 1,Wervik,50.8058,3.09154,0.3653542585241202,50.80423407017911,3.0961107779836086,2017,4,17,34027,Menen,Normaal,Droog,Dag,met lichtgewonden,9,personenauto,3,Fiets,Buiten Kruispunt,Gewestweg,binnen bebouwde kom,Tss. 2 best.: langs opzij (voor-/achterkant-flank),Geen hindernis
1499,75,Kortrijk teller 2,Kortrijk,50.81925,3.25731,0.4342312287979598,50.8207158890414,3.2630393446694668,2017,4,11,34022,Kortrijk,Normaal,Droog,Dag,met lichtgewonden,5,Lichte vrachtauto,3,Fiets,Op Kruispunt,Gemeenteweg,binnen bebouwde kom,Tss. 2 best.: langs opzij (voor-/achterkant-flank),Geen hindernis
1499,74,Kortrijk teller 1,Kortrijk,50.81909,3.25728,0.4431417362817073,50.8207158890414,3.2630393446694668,2017,4,11,34022,Kortrijk,Normaal,Droog,Dag,met lichtgewonden,5,Lichte vrachtauto,3,Fiets,Op Kruispunt,Gemeenteweg,binnen bebouwde kom,Tss. 2 best.: langs opzij (voor-/achterkant-flank),Geen hindernis
1754,21,Bilzen,Bilzen,50.86015,5.50161,0.19893914016359154,50.86169923270364,5.503027694140075,2017,5,17,73006,Bilzen,Normaal,Droog,Dag,met lichtgewonden,3,Fiets,10,"één bestuurder, geen hindernis",Buiten Kruispunt,Gewestweg,binnen bebouwde kom,"Eén bestuurder, geen hindernis (incl. val)",Geen hindernis
1770,25,Bree,Bree,51.13679500160176,5.597669323604317,0.48811255596430336,51.140463200983305,5.601512221580173,2017,5,13,72004,Bree,Normaal,Droog,Dag,met lichtgewonden,6,Bromfiets,3,Fiets,Op Kruispunt,Gewestweg,binnen bebouwde kom,Tussen 2 bestuurders: Frontale botsing,Geen hindernis
1776,14,Genk,Genk,50.97172,5.48927,0.4944469367133339,50.97585671415436,5.486679636001186,2017,5,14,71016,Genk,Normaal,Droog,Dag,met lichtgewonden,9,personenauto,3,Fiets,Buiten Kruispunt,Gemeenteweg,buiten bebouwde kom,Tss. 2 best.: langs opzij (voor-/achterkant-flank),Geen hindernis
1790,77,Leuven teller 2,Leuven,50.88672,4.70796,0.1514767017270262,50.88691777942181,4.7058234861662775,2017,5,16,24062,Leuven,Normaal,Droog,Dag,met lichtgewonden,9,personenauto,3,Fiets,Buiten Kruispunt,Gemeenteweg,binnen bebouwde kom,Tss. 2 best.: langs opzij (voor-/achterkant-flank),Geen hindernis
1790,107,leuven totem,Leuven,50.8870744,4.7087919,0.2089539231919342,50.88691777942181,4.7058234861662775,2017,5,16,24062,Leuven,Normaal,Droog,Dag,met lichtgewonden,9,personenauto,3,Fiets,Buiten Kruispunt,Gemeenteweg,binnen bebouwde kom,Tss. 2 best.: langs opzij (voor-/achterkant-flank),Geen hindernis
1792,77,Leuven teller 2,Leuven,50.88672,4.70796,0.4984876894625004,50.8824195067976,4.705953070074601,2017,4,18,24062,Leuven,Onbekend,Onbekend,Onbekend,met lichtgewonden,3,Fiets,11,een weggebruiker tegen een hindernis,Buiten Kruispunt,Gemeenteweg,binnen bebouwde kom,Weggebruiker tegen hindernis buiten rijbaan,Buiten de rijbaan: Andere paal
1846,109,Zemst,Zemst,50.9903936,4.4707023,0.45128315616341447,50.98643584001912,4.469274793306057,2017,5,11,23096,Zemst,Normaal,Droog,Dag,met lichtgewonden,9,personenauto,3,Fiets,Op Kruispunt,Gewestweg,binnen bebouwde kom,Tss. 2 best.: langs opzij (voor-/achterkant-flank),Geen hindernis
2060,15,Oostende 2,Oostende,51.21371,2.92743,0.41989604979428097,51.21681629276849,2.9240020319162894,2017,5,12,35013,Oostende,Normaal,Proper,Dag,met lichtgewonden,3,Fiets,3,Fiets,Op Kruispunt,Gemeenteweg,binnen bebouwde kom,Tussen 2 bestuurders: Langs achteren,Geen hindernis
2060,18,Oostende 1,Oostende,51.21378,2.92765,0.42254987546496453,51.21681629276849,2.9240020319162894,2017,5,12,35013,Oostende,Normaal,Proper,Dag,met lichtgewonden,3,Fiets,3,Fiets,Op Kruispunt,Gemeenteweg,binnen bebouwde kom,Tussen 2 bestuurders: Langs achteren,Geen hindernis
2097,16,Kortrijk 1,Kortrijk,50.83332,3.27777,0.23196666107456096,50.831256587233185,3.2772839227076767,2017,5,19,34022,Kortrijk,Normaal,Droog,Dag,met lichtgewonden,9,personenauto,3,Fiets,Buiten Kruispunt,Gemeenteweg,binnen bebouwde kom,Tss. 2 best.: langs opzij (voor-/achterkant-flank),Geen hindernis
2097,17,Kortrijk 2,Kortrijk,50.83339,3.27773,0.2392843209503697,50.831256587233185,3.2772839227076767,2017,5,19,34022,Kortrijk,Normaal,Droog,Dag,met lichtgewonden,9,personenauto,3,Fiets,Buiten Kruispunt,Gemeenteweg,binnen bebouwde kom,Tss. 2 best.: langs opzij (voor-/achterkant-flank),Geen hindernis
2099,143,Eco Display Classic Budastraat,Kortrijk,50.83066,3.26286,0.3158592475760789,50.83308195689341,3.2652100342359396,2017,5,16,34022,Kortrijk,Normaal,Droog,Dag,met lichtgewonden,3,Fiets,3,Fiets,Buiten Kruispunt,Gemeenteweg,binnen bebouwde kom,Tussen 2 bestuurders: Frontale botsing,Geen hindernis
2101,75,Kortrijk teller 2,Kortrijk,50.81925,3.25731,0.23888332966564954,50.821309108652265,3.2582798244199904,2017,5,17,34022,Kortrijk,Normaal,Droog,Dag,met lichtgewonden,9,personenauto,3,Fiets,Buiten Kruispunt,Gewestweg,binnen bebouwde kom,Tss. 2 best.: langs opzij (voor-/achterkant-flank),Geen hindernis
2101,74,Kortrijk teller 1,Kortrijk,50.81909,3.25728,0.25655488542457416,50.821309108652265,3.2582798244199904,2017,5,17,34022,Kortrijk,Normaal,Droog,Dag,met lichtgewonden,9,personenauto,3,Fiets,Buiten Kruispunt,Gewestweg,binnen bebouwde kom,Tss. 2 best.: langs opzij (voor-/achterkant-flank),Geen hindernis
2102,143,Eco Display Classic Budastraat,Kortrijk,50.83066,3.26286,0.48909914817342803,50.83459815060108,3.259757992886863,2017,5,17,34022,Kortrijk,Normaal,Droog+Proper,Dag,met zwaargewonden,9,personenauto,3,Fiets,Buiten Kruispunt,Gewestweg,binnen bebouwde kom,Tss. 2 best.: langs opzij (voor-/achterkant-flank),Geen hindernis
2141,99,Mechelen teller 1,Mechelen,51.04564,4.46882,0.26074081098261387,51.043745950306445,4.471018828520913,2017,5,8,12025,Mechelen,Normaal,Droog,Dag,met lichtgewonden,3,Fiets,9,personenauto,Buiten Kruispunt,Gemeenteweg,binnen bebouwde kom,Tss. 2 best.: langs opzij (voor-/achterkant-flank),Geen hindernis
2141,100,Mechelen teller 2,Mechelen,51.0457,4.46883,0.2657556108212765,51.043745950306445,4.471018828520913,2017,5,8,12025,Mechelen,Normaal,Droog,Dag,met lichtgewonden,3,Fiets,9,personenauto,Buiten Kruispunt,Gemeenteweg,binnen bebouwde kom,Tss. 2 best.: langs opzij (voor-/achterkant-flank),Geen hindernis
2290,2,Brasschaat 2,Brasschaat,51.27512,4.47169,0.2513456970542899,51.27319198308799,4.4698039389246516,2017,6,0,11008,Brasschaat,Normaal,Droog,"Nacht, geen openbare verlichting aanwezig",met lichtgewonden,3,Fiets,11,een weggebruiker tegen een hindernis,Buiten Kruispunt,Gewestweg,buiten bebouwde kom,Weggebruiker tegen hindernis op de rijbaan,Op de rijbaan: Container
2290,3,Brasschaat 1,Brasschaat,51.27503,4.47222,0.264608105046415,51.27319198308799,4.4698039389246516,2017,6,0,11008,Brasschaat,Normaal,Droog,"Nacht, geen openbare verlichting aanwezig",met lichtgewonden,3,Fiets,11,een weggebruiker tegen een hindernis,Buiten Kruispunt,Gewestweg,buiten bebouwde kom,Weggebruiker tegen hindernis op de rijbaan,Op de rijbaan: Container