crash_row_id,site_id,site_name,site_gemeente,site_lat,site_long,distance_km,crash_lat,crash_long,DT_YEAR_COLLISION,DT_MONTH_COLLISION,DT_TIME,CD_NIS,TX_MUNTY_COLLISION_NL,TX_WEATHER_NL,TX_ROAD_CONDITION_NL,TX_LIGHT_CONDITION_NL,TX_CLASS_ACCIDENTS_NL,CD_ROAD_USR_TYPE1,TX_ROAD_USR_TYPE1_NL,CD_ROAD_USR_TYPE2,TX_ROAD_USR_TYPE2_NL,TX_CROSSWAY_NL,CD_ROAD_TYPE_NL,TX_BUILD_UP_AREA_NL,TX_COLLISION_TYPE_NL,TX_OBSTACLES_NL
2317,95,Lier teller 1,Lier,51.11687,4.58437,0.10165803320881307,51.116270385745324,4.585469397255261,2017,6,17,12021,Lier,Normaal,Droog,Dag,met lichtgewonden,9,personenauto,3,Fiets,Buiten Kruispunt,Gewestweg,buiten bebouwde kom,Tss. 2 best.: langs opzij (voor-/achterkant-flank),Geen hindernis
2317,96,Lier teller 2,Lier,51.11705,4.58444,0.11259607909317647,51.116270385745324,4.585469397255261,2017,6,17,12021,Lier,Normaal,Droog,Dag,met lichtgewonden,9,personenauto,3,Fiets,Buiten Kruispunt,Gewestweg,buiten bebouwde kom,Tss. 2 best.: langs opzij (voor-/achterkant-flank),Geen hindernis
2326,9,Heist op den Berg 2,Heist-op-den-Berg,51.06904,4.69524,0.06452259779731256,51.06913315192366,4.696151450496053,2017,6,20,12014,Heist-op-den-Berg,Normaal,Droog,Dag,met lichtgewonden,9,personenauto,3,Fiets,Op Kruispunt,Gewestweg,buiten bebouwde kom,Tussen 2 bestuurders: Frontale botsing,Geen hindernis
2379,39,Peer teller 1,Peer,51.13425,5.47817,0.19687785503830854,51.13448385392586,5.47537308466733,2017,6,15,72030,Peer,Normaal,Droog,Dag,met lichtgewonden,9,personenauto,3,Fiets,Op Kruispunt,Gewestweg,buiten bebouwde kom,Tss. 2 best.: langs opzij (voor-/achterkant-flank),Geen hindernis
2379,40,Peer teller 2,Peer,51.13438,5.47892,0.2477527759015075,51.13448385392586,5.47537308466733,2017,6,15,72030,Peer,Normaal,Droog,Dag,met lichtgewonden,9,personenauto,3,Fiets,Op Kruispunt,Gewestweg,buiten bebouwde kom,Tss. 2 best.: langs opzij (voor-/achterkant-flank),Geen hindernis
2407,107,leuven totem,Leuven,50.8870744,4.7087919,0.36298835363328785,50.88438295988388,4.711720148689893,2017,6,11,24062,Leuven,Normaal,Droog,Dag,met lichtgewonden,3,Fiets,9,personenauto,Buiten Kruispunt,Gewestweg,binnen bebouwde kom,Tss. 2 best.: langs opzij (voor-/achterkant-flank),Geen hindernis
2407,77,Leuven teller 2,Leuven,50.88672,4.70796,0.3702799375101162,50.88438295988388,4.711720148689893,2017,6,11,24062,Leuven,Normaal,Droog,Dag,met lichtgewonden,3,Fiets,9,personenauto,Buiten Kruispunt,Gewestweg,binnen bebouwde kom,Tss. 2 best.: langs opzij (voor-/achterkant-flank),Geen hindernis
2412,69,Leuven teller 1,Leuven,50.87549,4.71526,0.42428647845039363,50.87644982045099,4.7094073832029535,2017,6,6,24062,Leuven,Normaal,Droog,Dageraad - schemering,met lichtgewonden,3,Fiets,3,Fiets,Op Kruispunt,Gemeenteweg,binnen bebouwde kom,Tss. 2 best.: langs opzij (voor-/achterkant-flank),Geen hindernis
2438,101,Diest teller 1,Diest,50.97799,5.04481,0.02284171269759095,50.97815901657834,5.044995432680816,2017,6,16,24020,Diest,Normaal,Droog,Dag,met lichtgewonden,6,Bromfiets,3,Fiets,Buiten Kruispunt,Gewestweg,binnen bebouwde kom,Tss. 2 best.: langs opzij (voor-/achterkant-flank),Geen hindernis
2438,102,Diest teller 2,Diest,50.9779,5.04474,0.03390156275509915,50.97815901657834,5.044995432680816,2017,6,16,24020,Diest,Normaal,Droog,Dag,met lichtgewonden,6,Bromfiets,3,Fiets,Buiten Kruispunt,Gewestweg,binnen bebouwde kom,Tss. 2 best.: langs opzij (voor-/achterkant-flank),Geen hindernis
2466,27,Grimbergen,Meise,50.92127,4.34013,0.2669602568320882,50.923657302752865,4.340533749186966,2017,6,17,23050,Meise,Normaal,Droog,Dag,met lichtgewonden,9,personenauto,3,Fiets,Buiten Kruispunt,Gemeenteweg,binnen bebouwde kom,Tussen 2 bestuurders: Langs achteren,Geen hindernis
2540,116,Melle teller 2,Melle,50.9986113,3.8040599,0.3615599521309045,50.998864618604436,3.8092108788723658,2017,6,7,44040,Melle,Regenval,"Nat, plassen",Dag,met lichtgewonden,9,personenauto,3,Fiets,Buiten Kruispunt,Gewestweg,binnen bebouwde kom,Tss. 2 best.: langs opzij (voor-/achterkant-flank),Geen hindernis
2540,117,Melle teller 1,Melle,50.9986113,3.8040599,0.3615599521309045,50.998864618604436,3.8092108788723658,2017,6,7,44040,Melle,Regenval,"Nat, plassen",Dag,met lichtgewonden,9,personenauto,3,Fiets,Buiten Kruispunt,Gewestweg,binnen bebouwde kom,Tss. 2 best.: langs opzij (voor-/achterkant-flank),Geen hindernis
2738,143,Eco Display Classic Budastraat,Kortrijk,50.83066,3.26286,0.49918979076782644,50.82990333951439,3.2698659503982985,2017,6,12,34022,Kortrijk,Normaal,Droog,Dag,met lichtgewonden,3,Fiets,8,Voetganger,Op Kruispunt,Gewestweg,binnen bebouwde kom,Met een voetganger,Geen hindernis
2745,143,Eco Display Classic Budastraat,Kortrijk,50.83066,3.26286,0.21399616139248018,50.83254390879479,3.263482613522432,2017,6,9,34022,Kortrijk,Normaal,Droog,Dag,met lichtgewonden,3,Fiets,9,personenauto,Op Kruispunt,Gemeenteweg,binnen bebouwde kom,Tss. 2 best.: langs opzij (voor-/achterkant-flank),Geen hindernis
2755,66,Nieuwpoort totem,Nieuwpoort,51.1347,2.74369,0.38232323912928196,51.13234607366906,2.747683897641286,2017,6,12,38016,Nieuwpoort,Normaal,Droog,Dag,met lichtgewonden,3,Fiets,9,personenauto,Op Kruispunt,Gewestweg,binnen bebouwde kom,Tss. 2 best.: langs opzij (voor-/achterkant-flank),Geen hindernis
2755,63,Nieuwpoort teller 3,Nieuwpoort,51.13529,2.74289,0.46802230564023073,51.13234607366906,2.747683897641286,2017,6,12,38016,Nieuwpoort,Normaal,Droog,Dag,met lichtgewonden,3,Fiets,9,personenauto,Op Kruispunt,Gewestweg,binnen bebouwde kom,Tss. 2 best.: langs opzij (voor-/achterkant-flank),Geen hindernis
2759,68,Ieper,Ieper,50.85032,2.85608,0.4313440610562812,50.8540541770932,2.857744217036697,2017,6,3,33011,Ieper,Normaal,Droog,"Nacht, openbare verlichting aanwezig en ontstoken",met zwaargewonden,3,Fiets,10,"één bestuurder, geen hindernis",Buiten Kruispunt,Gemeenteweg,binnen bebouwde kom,"Eén bestuurder, geen hindernis (incl. val)",Geen hindernis
2759,67,Ieper totem,Ieper,50.85018,2.85624,0.44354205960608367,50.8540541770932,2.857744217036697,2017,6,3,33011,Ieper,Normaal,Droog,"Nacht, openbare verlichting aanwezig en ontstoken",met zwaargewonden,3,Fiets,10,"één bestuurder, geen hindernis",Buiten Kruispunt,Gemeenteweg,binnen bebouwde kom,"Eén bestuurder, geen hindernis (incl. val)",Geen hindernis
2883,2,Brasschaat 2,Brasschaat,51.27512,4.47169,0.21759953543805907,51.276728318606956,4.469907898963832,2017,7,8,11008,Brasschaat,Normaal,Droog,Dag,met lichtgewonden,9,personenauto,3,Fiets,Buiten Kruispunt,Gewestweg,buiten bebouwde kom,Tss. 2 best.: langs opzij (voor-/achterkant-flank),Geen hindernis
2883,3,Brasschaat 1,Brasschaat,51.27503,4.47222,0.2480497366510082,51.276728318606956,4.469907898963832,2017,7,8,11008,Brasschaat,Normaal,Droog,Dag,met lichtgewonden,9,personenauto,3,Fiets,Buiten Kruispunt,Gewestweg,buiten bebouwde kom,Tss. 2 best.: langs opzij (voor-/achterkant-flank),Geen hindernis
2922,98,Geel teller 2,Geel,51.1481,4.99643,0.2676919747493336,51.15016892618068,4.994467727155527,2017,7,5,13008,Geel,Normaal,Droog,Dageraad - schemering,met lichtgewonden,9,personenauto,3,Fiets,Op Kruispunt,Gewestweg,buiten bebouwde kom,Tussen 2 bestuurders: Frontale botsing,Geen hindernis
2922,97,Geel teller 1,Geel,51.14813,4.99698,0.2865464718675906,51.15016892618068,4.994467727155527,2017,7,5,13008,Geel,Normaal,Droog,Dageraad - schemering,met lichtgewonden,9,personenauto,3,Fiets,Op Kruispunt,Gewestweg,buiten bebouwde kom,Tussen 2 bestuurders: Frontale botsing,Geen hindernis
2924,98,Geel teller 2,Geel,51.1481,4.99643,0.24277332502614,51.1499670921796,4.994625855324165,2017,7,10,13008,Geel,Normaal,Droog,Dag,met zwaargewonden,9,personenauto,3,Fiets,Op Kruispunt,Gewestweg,buiten bebouwde kom,Tss. 2 best.: langs opzij (voor-/achterkant-flank),Geen hindernis
2924,97,Geel teller 1,Geel,51.14813,4.99698,0.2620921096652089,51.1499670921796,4.994625855324165,2017,7,10,13008,Geel,Normaal,Droog,Dag,met zwaargewonden,9,personenauto,3,Fiets,Op Kruispunt,Gewestweg,buiten bebouwde kom,Tss. 2 best.: langs opzij (voor-/achterkant-flank),Geen hindernis
2972,69,Leuven teller 1,Leuven,50.87549,4.71526,0.4816146842514026,50.875690451300294,4.7084032958802196,2017,7,8,24062,Leuven,Normaal,Droog+Proper,Dag,met lichtgewonden,9,personenauto,3,Fiets,Op Kruispunt,Gemeenteweg,binnen bebouwde kom,Tss. 2 best.: langs opzij (voor-/achterkant-flank),Geen hindernis
2973,107,leuven totem,Leuven,50.8870744,4.7087919,0.26941895330372523,50.88506956085931,4.710948646404899,2017,8,17,24062,Leuven,Normaal,Droog,Dag,met lichtgewonden,3,Fiets,8,Voetganger,Buiten Kruispunt,Gewestweg,binnen bebouwde kom,Met een voetganger,Geen hindernis
2973,77,Leuven teller 2,Leuven,50.88672,4.70796,0.27862762794763546,50.88506956085931,4.710948646404899,2017,8,17,24062,Leuven,Normaal,Droog,Dag,met lichtgewonden,3,Fiets,8,Voetganger,Buiten Kruispunt,Gewestweg,binnen bebouwde kom,Met een voetganger,Geen hindernis
2994,101,Diest teller 1,Diest,50.97799,5.04481,0.0350949406238372,50.978280315801484,5.045006653137968,2017,7,17,24020,Diest,Normaal,Droog,Dag,met lichtgewonden,9,personenauto,3,Fiets,Op Kruispunt,Gewestweg,binnen bebouwde kom,Tss. 2 best.: langs opzij (voor-/achterkant-flank),Geen hindernis
2994,102,Diest teller 2,Diest,50.9779,5.04474,0.046226472584104075,50.978280315801484,5.045006653137968,2017,7,17,24020,Diest,Normaal,Droog,Dag,met lichtgewonden,9,personenauto,3,Fiets,Op Kruispunt,Gewestweg,binnen bebouwde kom,Tss. 2 best.: langs opzij (voor-/achterkant-flank),Geen hindernis
3024,118,Gent teller 1,Gent,51.028049,3.7681359,0.3210690891666237,51.02982420602987,3.7645150178815046,2017,7,14,44021,Gent,Normaal,Droog,Dag,met lichtgewonden,9,personenauto,3,Fiets,Buiten Kruispunt,Gewestweg,buiten bebouwde kom,Tss. 2 best.: langs opzij (voor-/achterkant-flank),Geen hindernis
3024,119,Gent teller 2,Gent,51.0281795,3.7683918,0.3270329391114074,51.02982420602987,3.7645150178815046,2017,7,14,44021,Gent,Normaal,Droog,Dag,met lichtgewonden,9,personenauto,3,Fiets,Buiten Kruispunt,Gewestweg,buiten bebouwde kom,Tss. 2 best.: langs opzij (voor-/achterkant-flank),Geen hindernis
3077,113,Deinze teller 2,Deinze,50.96018,3.55578,0.15507235690539714,50.96102853737939,3.554022851494733,2017,7,14,44083,Deinze,Normaal,Droog,Dag,met lichtgewonden,3,Fiets,9,personenauto,Op Kruispunt,Gewestweg,buiten bebouwde kom,Tss. 2 best.: langs opzij (voor-/achterkant-flank),Geen hindernis
3077,114,Deinze teller 1,Nazareth,50.9598305,3.555502,0.1687552539956328,50.96102853737939,3.554022851494733,2017,7,14,44083,Deinze,Normaal,Droog,Dag,met lichtgewonden,3,Fiets,9,personenauto,Op Kruispunt,Gewestweg,buiten bebouwde kom,Tss. 2 best.: langs opzij (voor-/achterkant-flank),Geen hindernis
3182,122,Dendermonde teller 2,Dendermonde,51.0373918,4.1019222,0.061820587917849106,51.03784872163625,4.102425904532823,2017,7,16,42006,Dendermonde,Normaal,Droog,Dag,met lichtgewonden,9,personenauto,3,Fiets,Buiten Kruispunt,Gewestweg,binnen bebouwde kom,Tussen 2 bestuurders: Langs achteren,Geen hindernis
3182,125,Dendermonde totem,Dendermonde,51.0372706,4.1025998,0.06542396801974093,51.03784872163625,4.102425904532823,2017,7,16,42006,Dendermonde,Normaal,Droog,Dag,met lichtgewonden,9,personenauto,3,Fiets,Buiten Kruispunt,Gewestweg,binnen bebouwde kom,Tussen 2 bestuurders: Langs achteren,Geen hindernis
3345,138,Hasselt-Kempische brug,Hasselt,50.9405318,5.3422472,0.19033788304560756,50.93902709409728,5.340952154535162,2017,7,17,71022,Hasselt,Normaal,Droog,Dag,met lichtgewonden,6,Bromfiets,3,Fiets,Buiten Kruispunt,Gewestweg,binnen bebouwde kom,Tussen 2 bestuurders: Frontale botsing,Geen hindernis
3345,137,Hasselt-Kempische brug,Hasselt,50.9411605,5.3417576,0.24384454172697873,50.93902709409728,5.340952154535162,2017,7,17,71022,Hasselt,Normaal,Droog,Dag,met lichtgewonden,6,Bromfiets,3,Fiets,Buiten Kruispunt,Gewestweg,binnen bebouwde kom,Tussen 2 bestuurders: Frontale botsing,Geen hindernis
3460,42,Maasmechelen teller 2,Maasmechelen,50.97043,5.6981,0.12747036712563858,50.971541823973936,5.698543534276606,2017,8,12,73107,Maasmechelen,Normaal,Droog,Dag,met lichtgewonden,3,Fiets,5,Lichte vrachtauto,Buiten Kruispunt,Gewestweg,buiten bebouwde kom,Tss. 2 best.: langs opzij (voor-/achterkant-flank),Geen hindernis
3460,41,Maasmechelen teller 1,Maasmechelen,50.97025,5.69799,0.14878153107228786,50.971541823973936,5.698543534276606,2017,8,12,73107,Maasmechelen,Normaal,Droog,Dag,met lichtgewonden,3,Fiets,5,Lichte vrachtauto,Buiten Kruispunt,Gewestweg,buiten bebouwde kom,Tss. 2 best.: langs opzij (voor-/achterkant-flank),Geen hindernis
3470,69,Leuven teller 1,Leuven,50.87549,4.71526,0.3966929411369908,50.87230794722024,4.71270378459339,2017,8,15,24062,Leuven,Normaal,Droog,Dag,met lichtgewonden,9,personenauto,3,Fiets,Op Kruispunt,Gewestweg,binnen bebouwde kom,Tussen 2 bestuurders: Frontale botsing,Geen hindernis
3473,69,Leuven teller 1,Leuven,50.87549,4.71526,0.21051247759175987,50.87366810902584,4.714444423409694,2017,8,14,24062,Leuven,Normaal,Droog,Dag,met lichtgewonden,6,Bromfiets,3,Fiets,Op Kruispunt,Gewestweg,binnen bebouwde kom,Tussen 2 bestuurders: Frontale botsing,Geen hindernis
3489,101,Diest teller 1,Diest,50.97799,5.04481,0.04771157508636574,50.978340211118756,5.045203756850664,2017,8,10,24020,Diest,Normaal,Droog,Dag,met lichtgewonden,9,personenauto,3,Fiets,Buiten Kruispunt,Gewestweg,binnen bebouwde kom,Tss. 2 best.: langs opzij (voor-/achterkant-flank),Geen hindernis
3489,102,Diest teller 2,Diest,50.9779,5.04474,0.058738245318281895,50.978340211118756,5.045203756850664,2017,8,10,24020,Diest,Normaal,Droog,Dag,met lichtgewonden,9,personenauto,3,Fiets,Buiten Kruispunt,Gewestweg,binnen bebouwde kom,Tss. 2 best.: langs opzij (voor-/achterkant-flank),Geen hindernis
3501,71,Kampenhout teller 2,Kampenhout,50.95589,4.59164,0.15716749015911824,50.95512349266718,4.593525233359327,2017,8,7,23038,Kampenhout,Normaal,Droog,Dag,met lichtgewonden,6,Bromfiets,3,Fiets,Op Kruispunt,Gewestweg,buiten bebouwde kom,Tussen 2 bestuurders: Frontale botsing,Geen hindernis
3501,70,Kampenhout teller 1,Kampenhout,50.95682,4.59318,0.1901865516471831,50.95512349266718,4.593525233359327,2017,8,7,23038,Kampenhout,Normaal,Droog,Dag,met lichtgewonden,6,Bromfiets,3,Fiets,Op Kruispunt,Gewestweg,buiten bebouwde kom,Tussen 2 bestuurders: Frontale botsing,Geen hindernis
3634,15,Oostende 2,Oostende,51.21371,2.92743,0.4613069526188462,51.20995905830287,2.9302593945806117,2017,8,10,35013,Oostende,Normaal,Droog,Dag,met lichtgewonden,9,personenauto,3,Fiets,Op Kruispunt,Gemeenteweg,binnen bebouwde kom,Tss. 2 best.: langs opzij (voor-/achterkant-flank),Geen hindernis
3634,18,Oostende 1,Oostende,51.21378,2.92765,0.4621166424629185,51.20995905830287,2.9302593945806117,2017,8,10,35013,Oostende,Normaal,Droog,Dag,met lichtgewonden,9,personenauto,3,Fiets,Op Kruispunt,Gemeenteweg,binnen bebouwde kom,Tss. 2 best.: langs opzij (voor-/achterkant-flank),Geen hindernis
3656,16,Kortrijk 1,Kortrijk,50.83332,3.27777,0.08611113940163467,50.83284625815824,3.276800041135042,2017,8,17,34022,Kortrijk,Normaal,Droog,Dag,met lichtgewonden,9,personenauto,3,Fiets,Op Kruispunt,Gewestweg,binnen bebouwde kom,Tussen 2 bestuurders: Frontale botsing,Geen hindernis
3656,17,Kortrijk 2,Kortrijk,50.83339,3.27773,0.0889996346065085,50.83284625815824,3.276800041135042,2017,8,17,34022,Kortrijk,Normaal,Droog,Dag,met lichtgewonden,9,personenauto,3,Fiets,Op Kruispunt,Gewestweg,binnen bebouwde kom,Tussen 2 bestuurders: Frontale botsing,Geen hindernis
3665,65,Nieuwpoort teller 2,Nieuwpoort,51.13435,2.75511,0.30044696296408263,51.13359682755818,2.7509747278253784,2017,8,13,38016,Nieuwpoort,Normaal,Droog,Dag,met lichtgewonden,3,Fiets,5,Lichte vrachtauto,Op Kruispunt,Gewestweg,binnen bebouwde kom,Tss. 2 best.: langs opzij (voor-/achterkant-flank),Geen hindernis
3665,64,Nieuwpoort teller 1,Nieuwpoort,51.13359,2.75737,0.4462343194372577,51.13359682755818,2.7509747278253784,2017,8,13,38016,Nieuwpoort,Normaal,Droog,Dag,met lichtgewonden,3,Fiets,5,Lichte vrachtauto,Op Kruispunt,Gewestweg,binnen bebouwde kom,Tss. 2 best.: langs opzij (voor-/achterkant-flank),Geen hindernis
3671,68,Ieper,Ieper,50.85032,2.85608,0.16627114411565205,50.85074996755613,2.853811572529685,2017,8,17,33011,Ieper,Normaal,Droog,Dag,met lichtgewonden,3,Fiets,10,"één bestuurder, geen hindernis",Buiten Kruispunt,Gewestweg,buiten bebouwde kom,"Eén bestuurder, geen hindernis (incl. val)",Geen hindernis
3671,67,Ieper totem,Ieper,50.85018,2.85624,0.18188109789932067,50.85074996755613,2.853811572529685,2017,8,17,33011,Ieper,Normaal,Droog,Dag,met lichtgewonden,3,Fiets,10,"één bestuurder, geen hindernis",Buiten Kruispunt,Gewestweg,buiten bebouwde kom,"Eén bestuurder, geen hindernis (incl. val)",Geen hindernis
3689,100,Mechelen teller 2,Mechelen,51.0457,4.46883,0.4757951904949246,51.049725243708544,4.466521281574903,2017,8,22,12025,Mechelen,Normaal,Droog,"Nacht, openbare verlichting aanwezig en ontstoken",met lichtgewonden,9,personenauto,3,Fiets,Op Kruispunt,Gewestweg,binnen bebouwde kom,Tss. 2 best.: langs opzij (voor-/achterkant-flank),Geen hindernis
3689,99,Mechelen teller 1,Mechelen,51.04564,4.46882,0.4818431059813998,51.049725243708544,4.466521281574903,2017,8,22,12025,Mechelen,Normaal,Droog,"Nacht, openbare verlichting aanwezig en ontstoken",met lichtgewonden,9,personenauto,3,Fiets,Op Kruispunt,Gewestweg,binnen bebouwde kom,Tss. 2 best.: langs opzij (voor-/achterkant-flank),Geen hindernis
3702,140,Hasselt ring,Hasselt,50.9300038,5.3438616,0.4628051819644861,50.931966766693485,5.338038354278031,2017,8,6,71022,Hasselt,Normaal,Droog+Proper,Dageraad - schemering,met lichtgewonden,3,Fiets,3,Fiets,Op Kruispunt,Gemeenteweg,binnen bebouwde kom,Tss. 2 best.: langs opzij (voor-/achterkant-flank),Geen hindernis
4028,89,Westerlo teller 2,Westerlo,51.08191,4.91334,0.09574496504636476,51.0810894983241,4.913755682766724,2017,10,8,13013,Herselt,Onbekend,Droog,Dag,met zwaargewonden,3,Fiets,5,Lichte vrachtauto,Op Kruispunt,Gewestweg,buiten bebouwde kom,Tss. 2 best.: langs opzij (voor-/achterkant-flank),Geen hindernis
4028,88,Westerlo teller 1,Westerlo,51.082,4.91325,0.10722857646286305,51.0810894983241,4.913755682766724,2017,10,8,13013,Herselt,Onbekend,Droog,Dag,met zwaargewonden,3,Fiets,5,Lichte vrachtauto,Op Kruispunt,Gewestweg,buiten bebouwde kom,Tss. 2 best.: langs opzij (voor-/achterkant-flank),Geen hindernis
4120,69,Leuven teller 1,Leuven,50.87549,4.71526,0.05879151349908873,50.87497526773162,4.71545149088372,2017,10,18,24062,Leuven,Onbekend,Onbekend,Dag,met lichtgewonden,3,Fiets,3,Fiets,Buiten Kruispunt,Gewestweg,binnen bebouwde kom,Tussen 2 bestuurders: Frontale botsing,Geen hindernis
4124,69,Leuven teller 1,Leuven,50.87549,4.71526,0.3286838791984537,50.875264095423276,4.710589259962661,2017,9,15,24062,Leuven,Normaal,Droog,Dag,met lichtgewonden,9,personenauto,3,Fiets,Buiten Kruispunt,Gemeenteweg,binnen bebouwde kom,Tussen 2 bestuurders: Langs achteren,Geen hindernis
4138,77,Leuven teller 2,Leuven,50.88672,4.70796,0.3401408856663086,50.888825294272934,4.704442113423112,2017,10,18,24062,Leuven,Normaal,Proper,Dag,met lichtgewonden,9,personenauto,3,Fiets,Buiten Kruispunt,Gemeenteweg,binnen bebouwde kom,Tss. 2 best.: langs opzij (voor-/achterkant-flank),Geen hindernis
4138,107,leuven totem,Leuven,50.8870744,4.7087919,0.3619433178920711,50.888825294272934,4.704442113423112,2017,10,18,24062,Leuven,Normaal,Proper,Dag,met lichtgewonden,9,personenauto,3,Fiets,Buiten Kruispunt,Gemeenteweg,binnen bebouwde kom,Tss. 2 best.: langs opzij (voor-/achterkant-flank),Geen hindernis
4143,69,Leuven teller 1,Leuven,50.87549,4.71526,0.19381385485082925,50.87453081617732,4.712953630226136,2017,9,8,24062,Leuven,Normaal,Droog,Dag,met lichtgewonden,9,personenauto,3,Fiets,Buiten Kruispunt,Gemeenteweg,binnen bebouwde kom,Tussen 2 bestuurders: Langs achteren,Geen hindernis
4153,69,Leuven teller 1,Leuven,50.87549,4.71526,0.22307699810233445,50.87348393017765,4.715293265151324,2017,9,13,24062,Leuven,Normaal,Droog,Dag,met lichtgewonden,9,personenauto,3,Fiets,Buiten Kruispunt,Gewestweg,binnen bebouwde kom,Tss. 2 best.: langs opzij (voor-/achterkant-flank),Geen hindernis
4166,24,Tienen 1,Tienen,50.8133795491886,4.935044252605416,0.03425028673718129,50.813071821087966,4.935065478891149,2017,9,8,24107,Tienen,Regenval,"Nat, plassen",Dageraad - schemering,met lichtgewonden,9,personenauto,3,Fiets,Op Kruispunt,Gewestweg,binnen bebouwde kom,Tss. 2 best.: langs opzij (voor-/achterkant-flank),Geen hindernis
4166,23,Tienen 3,Tienen,50.81324,4.93447,0.04582679040519459,50.813071821087966,4.935065478891149,2017,9,8,24107,Tienen,Regenval,"Nat, plassen",Dageraad - schemering,met lichtgewonden,9,personenauto,3,Fiets,Op Kruispunt,Gewestweg,binnen bebouwde kom,Tss. 2 best.: langs opzij (voor-/achterkant-flank),Geen hindernis
4166,22,Tienen 2,Tienen,50.81330800184882,4.935984252796022,0.06968952838735547,50.813071821087966,4.935065478891149,2017,9,8,24107,Tienen,Regenval,"Nat, plassen",Dageraad - schemering,met lichtgewonden,9,personenauto,3,Fiets,Op Kruispunt,Gewestweg,binnen bebouwde kom,Tss. 2 best.: langs opzij (voor-/achterkant-flank),Geen hindernis
4167,22,Tienen 2,Tienen,50.81330800184882,4.935984252796022,0.42806058880597386,50.809528774541874,4.937144174498935,2017,9,13,24107,Tienen,Normaal,Droog,Dag,met lichtgewonden,9,personenauto,3,Fiets,Buiten Kruispunt,Gemeenteweg,binnen bebouwde kom,Tss. 2 best.: langs opzij (voor-/achterkant-flank),Geen hindernis
4167,24,Tienen 1,Tienen,50.8133795491886,4.935044252605416,0.45289372855685156,50.809528774541874,4.937144174498935,2017,9,13,24107,Tienen,Normaal,Droog,Dag,met lichtgewonden,9,personenauto,3,Fiets,Buiten Kruispunt,Gemeenteweg,binnen bebouwde kom,Tss. 2 best.: langs opzij (voor-/achterkant-flank),Geen hindernis
4167,23,Tienen 3,Tienen,50.81324,4.93447,0.4534303883403569,50.809528774541874,4.937144174498935,2017,9,13,24107,Tienen,Normaal,Droog,Dag,met lichtgewonden,9,personenauto,3,Fiets,Buiten Kruispunt,Gemeenteweg,binnen bebouwde kom,Tss. 2 best.: langs opzij (voor-/achterkant-flank),Geen hindernis
4186,101,Diest teller 1,Diest,50.97799,5.04481,0.35792842605581776,50.9804223977403,5.048158624228712,2017,10,10,24020,Diest,Normaal,Droog,Dag,met lichtgewonden,9,personenauto,3,Fiets,Buiten Kruispunt,Gewestweg,binnen bebouwde kom,Tss. 2 best.: langs opzij (voor-/achterkant-flank),Geen hindernis
4186,102,Diest teller 2,Diest,50.9779,5.04474,0.3687115979657192,50.9804223977403,5.048158624228712,2017,10,10,24020,Diest,Normaal,Droog,Dag,met lichtgewonden,9,personenauto,3,Fiets,Buiten Kruispunt,Gewestweg,binnen bebouwde kom,Tss. 2 best.: langs opzij (voor-/achterkant-flank),Geen hindernis
4192,87,Aarschot,Aarschot,50.99084,4.81259,0.2017743783785737,50.990622607807076,4.8097279097598316,2017,9,18,24007,Begijnendijk,Normaal,Droog+Proper,Dag,met lichtgewonden,3,Fiets,9,personenauto,Op Kruispunt,Gewestweg,buiten bebouwde kom,Tussen 2 bestuurders: Langs achteren,Geen hindernis
4195,87,Aarschot,Aarschot,50.99084,4.81259,0.18575958792082087,50.99024294480608,4.810111258986263,2017,10,13,24007,Begijnendijk,Normaal,Droog,Dag,met zwaargewonden,9,personenauto,3,Fiets,Buiten Kruispunt,Gewestweg,buiten bebouwde kom,Tss. 2 best.: langs opzij (voor-/achterkant-flank),Geen hindernis
4208,26,Zaventem,Zaventem,50.86995,4.45444,0.4703357863231983,50.866077089503335,4.451745379430401,2017,9,13,23099,Kraainem,Normaal,Droog,Dag,met zwaargewonden,9,personenauto,3,Fiets,Op Kruispunt,Gewestweg,buiten bebouwde kom,Tss. 2 best.: langs opzij (voor-/achterkant-flank),Geen hindernis
4255,119,Gent teller 2,Gent,51.0281795,3.7683918,0.028015317256526118,51.02796631451085,3.7686052934955527,2017,10,15,44021,Gent,Normaal,Droog,Dag,met lichtgewonden,3,Fiets,9,personenauto,Buiten Kruispunt,Gewestweg,onbekend,Tss. 2 best.: langs opzij (voor-/achterkant-flank),Geen hindernis
4255,118,Gent teller 1,Gent,51.028049,3.7681359,0.03409027919138015,51.02796631451085,3.7686052934955527,2017,10,15,44021,Gent,Normaal,Droog,Dag,met lichtgewonden,3,Fiets,9,personenauto,Buiten Kruispunt,Gewestweg,onbekend,Tss. 2 best.: langs opzij (voor-/achterkant-flank),Geen hindernis
4385,119,Gent teller 2,Gent,51.0281795,3.7683918,0.3586923139596996,51.025618587990785,3.7715104695696784,2017,10,7,44040,Melle,Normaal,Droog,"Nacht, openbare verlichting aanwezig en ontstoken",met lichtgewonden,3,Fiets,6,Bromfiets,Buiten Kruispunt,Gewestweg,buiten bebouwde kom,Tussen 2 bestuurders: Frontale botsing,Geen hindernis