crash_row_id,site_id,site_name,site_gemeente,site_lat,site_long,distance_km,crash_lat,crash_long,DT_YEAR_COLLISION,DT_MONTH_COLLISION,DT_TIME,CD_NIS,TX_MUNTY_COLLISION_NL,TX_WEATHER_NL,TX_ROAD_CONDITION_NL,TX_LIGHT_CONDITION_NL,TX_CLASS_ACCIDENTS_NL,CD_ROAD_USR_TYPE1,TX_ROAD_USR_TYPE1_NL,CD_ROAD_USR_TYPE2,TX_ROAD_USR_TYPE2_NL,TX_CROSSWAY_NL,CD_ROAD_TYPE_NL,TX_BUILD_UP_AREA_NL,TX_COLLISION_TYPE_NL,TX_OBSTACLES_NL
4385,118,Gent teller 1,Gent,51.028049,3.7681359,0.35879496585976745,51.025618587990785,3.7715104695696784,2017,10,7,44040,Melle,Normaal,Droog,"Nacht, openbare verlichting aanwezig en ontstoken",met lichtgewonden,3,Fiets,6,Bromfiets,Buiten Kruispunt,Gewestweg,buiten bebouwde kom,Tussen 2 bestuurders: Frontale botsing,Geen hindernis
4405,6,Evergem 2,Evergem,51.10894,3.70298,0.3597275958153735,51.11058186915694,3.6985400976807337,2017,10,14,44019,Evergem,Normaal,Droog,Dag,met lichtgewonden,9,personenauto,3,Fiets,Buiten Kruispunt,Gemeenteweg,binnen bebouwde kom,Tussen 2 bestuurders: Frontale botsing,Geen hindernis
4405,7,Evergem 1,Evergem,51.1089,3.70317,0.37342529452290735,51.11058186915694,3.6985400976807337,2017,10,14,44019,Evergem,Normaal,Droog,Dag,met lichtgewonden,9,personenauto,3,Fiets,Buiten Kruispunt,Gemeenteweg,binnen bebouwde kom,Tussen 2 bestuurders: Frontale botsing,Geen hindernis
4592,122,Dendermonde teller 2,Dendermonde,51.0373918,4.1019222,0.061820587917849106,51.03784872163625,4.102425904532823,2017,10,16,42006,Dendermonde,Normaal,Droog,Dag,met lichtgewonden,9,personenauto,3,Fiets,Buiten Kruispunt,Gewestweg,buiten bebouwde kom,Tss. 2 best.: langs opzij (voor-/achterkant-flank),Geen hindernis
4592,125,Dendermonde totem,Dendermonde,51.0372706,4.1025998,0.06542396801974093,51.03784872163625,4.102425904532823,2017,10,16,42006,Dendermonde,Normaal,Droog,Dag,met lichtgewonden,9,personenauto,3,Fiets,Buiten Kruispunt,Gewestweg,buiten bebouwde kom,Tss. 2 best.: langs opzij (voor-/achterkant-flank),Geen hindernis
4604,54,Brugge teller 2,Brugge,51.23015,3.22818,0.41586132897561057,51.22962244987114,3.234092731581914,2017,9,14,31005,Brugge,Normaal,Droog,Dag,met lichtgewonden,3,Fiets,3,Fiets,Buiten Kruispunt,Gemeenteweg,binnen bebouwde kom,Tussen 2 bestuurders: Frontale botsing,Geen hindernis
4604,53,Brugge teller 1,Brugge,51.23023,3.228,0.42958150802859224,51.22962244987114,3.234092731581914,2017,9,14,31005,Brugge,Normaal,Droog,Dag,met lichtgewonden,3,Fiets,3,Fiets,Buiten Kruispunt,Gemeenteweg,binnen bebouwde kom,Tussen 2 bestuurders: Frontale botsing,Geen hindernis
4616,53,Brugge teller 1,Brugge,51.23023,3.228,0.26194554879113074,51.232390954156145,3.2294979010003506,2017,9,8,31005,Brugge,Normaal,Droog,Dag,met lichtgewonden,9,personenauto,3,Fiets,Op Kruispunt,Gewestweg,binnen bebouwde kom,Tss. 2 best.: langs opzij (voor-/achterkant-flank),Geen hindernis
4616,54,Brugge teller 2,Brugge,51.23015,3.22818,0.2655417362500083,51.232390954156145,3.2294979010003506,2017,9,8,31005,Brugge,Normaal,Droog,Dag,met lichtgewonden,9,personenauto,3,Fiets,Op Kruispunt,Gewestweg,binnen bebouwde kom,Tss. 2 best.: langs opzij (voor-/achterkant-flank),Geen hindernis
4707,56,Torhout teller 2,Torhout,51.07147,3.08244,0.1463762270221473,51.07212937364643,3.0806267484780663,2017,10,14,31033,Torhout,Normaal,Droog,Dag,met lichtgewonden,9,personenauto,3,Fiets,Op Kruispunt,Gewestweg,binnen bebouwde kom,Tussen 2 bestuurders: Frontale botsing,Geen hindernis
4707,55,Torhout teller 1,Torhout,51.07161,3.08261,0.15012054273816502,51.07212937364643,3.0806267484780663,2017,10,14,31033,Torhout,Normaal,Droog,Dag,met lichtgewonden,9,personenauto,3,Fiets,Op Kruispunt,Gewestweg,binnen bebouwde kom,Tussen 2 bestuurders: Frontale botsing,Geen hindernis
4746,17,Kortrijk 2,Kortrijk,50.83339,3.27773,0.11038192698848902,50.83415444204025,3.278732722839238,2017,9,12,34022,Kortrijk,Normaal,Droog,Dag,met lichtgewonden,9,personenauto,3,Fiets,Op Kruispunt,Gewestweg,binnen bebouwde kom,Tss. 2 best.: langs opzij (voor-/achterkant-flank),Geen hindernis
4746,16,Kortrijk 1,Kortrijk,50.83332,3.27777,0.11480538623213633,50.83415444204025,3.278732722839238,2017,9,12,34022,Kortrijk,Normaal,Droog,Dag,met lichtgewonden,9,personenauto,3,Fiets,Op Kruispunt,Gewestweg,binnen bebouwde kom,Tss. 2 best.: langs opzij (voor-/achterkant-flank),Geen hindernis
4751,143,Eco Display Classic Budastraat,Kortrijk,50.83066,3.26286,0.3832826591223333,50.82857268330591,3.26720288050552,2017,9,11,34022,Kortrijk,Normaal,Droog,Dag,met lichtgewonden,3,Fiets,8,Voetganger,Buiten Kruispunt,Gemeenteweg,binnen bebouwde kom,Met een voetganger,Geen hindernis
4760,16,Kortrijk 1,Kortrijk,50.83332,3.27777,0.4864159944252779,50.831145242726954,3.2837794832169895,2017,9,19,34022,Kortrijk,Normaal,Droog,Dag,met lichtgewonden,3,Fiets,9,personenauto,Op Kruispunt,Gemeenteweg,binnen bebouwde kom,Tss. 2 best.: langs opzij (voor-/achterkant-flank),Geen hindernis
4760,17,Kortrijk 2,Kortrijk,50.83339,3.27773,0.4927519246968645,50.831145242726954,3.2837794832169895,2017,9,19,34022,Kortrijk,Normaal,Droog,Dag,met lichtgewonden,3,Fiets,9,personenauto,Op Kruispunt,Gemeenteweg,binnen bebouwde kom,Tss. 2 best.: langs opzij (voor-/achterkant-flank),Geen hindernis
4767,75,Kortrijk teller 2,Kortrijk,50.81925,3.25731,0.45792328312837544,50.823246675628305,3.2588819489936016,2017,10,18,34022,Kortrijk,Regenval,"Nat, plassen","Nacht, geen openbare verlichting aanwezig",met lichtgewonden,9,personenauto,3,Fiets,Op Kruispunt,Gewestweg,binnen bebouwde kom,Tss. 2 best.: langs opzij (voor-/achterkant-flank),Geen hindernis
4767,74,Kortrijk teller 1,Kortrijk,50.81909,3.25728,0.4757029781805166,50.823246675628305,3.2588819489936016,2017,10,18,34022,Kortrijk,Regenval,"Nat, plassen","Nacht, geen openbare verlichting aanwezig",met lichtgewonden,9,personenauto,3,Fiets,Op Kruispunt,Gewestweg,binnen bebouwde kom,Tss. 2 best.: langs opzij (voor-/achterkant-flank),Geen hindernis
4784,66,Nieuwpoort totem,Nieuwpoort,51.1347,2.74369,0.2944479777312297,51.1336239692546,2.747545870146098,2017,10,10,38016,Nieuwpoort,Normaal,"Nat, plassen",Dag,met lichtgewonden,3,Fiets,10,"één bestuurder, geen hindernis",Buiten Kruispunt,Gemeenteweg,binnen bebouwde kom,"Eén bestuurder, geen hindernis (incl. val)",Geen hindernis
4784,63,Nieuwpoort teller 3,Nieuwpoort,51.13529,2.74289,0.37396929138714985,51.1336239692546,2.747545870146098,2017,10,10,38016,Nieuwpoort,Normaal,"Nat, plassen",Dag,met lichtgewonden,3,Fiets,10,"één bestuurder, geen hindernis",Buiten Kruispunt,Gemeenteweg,binnen bebouwde kom,"Eén bestuurder, geen hindernis (incl. val)",Geen hindernis
4834,100,Mechelen teller 2,Mechelen,51.0457,4.46883,0.19962810189358912,51.047399028365824,4.467907445179255,2017,9,20,12025,Mechelen,Normaal,Droog,"Nacht, openbare verlichting aanwezig en ontstoken",met lichtgewonden,9,personenauto,3,Fiets,Op Kruispunt,Gewestweg,binnen bebouwde kom,Tss. 2 best.: langs opzij (voor-/achterkant-flank),Geen hindernis
4834,99,Mechelen teller 1,Mechelen,51.04564,4.46882,0.20573549087624338,51.047399028365824,4.467907445179255,2017,9,20,12025,Mechelen,Normaal,Droog,"Nacht, openbare verlichting aanwezig en ontstoken",met lichtgewonden,9,personenauto,3,Fiets,Op Kruispunt,Gewestweg,binnen bebouwde kom,Tss. 2 best.: langs opzij (voor-/achterkant-flank),Geen hindernis
4845,140,Hasselt ring,Hasselt,50.9300038,5.3438616,0.40039114896594824,50.932419105801884,5.3480989413480895,2017,9,22,71022,Hasselt,Normaal,Droog,"Nacht, openbare verlichting aanwezig en ontstoken",met lichtgewonden,9,personenauto,3,Fiets,Op Kruispunt,Gemeenteweg,binnen bebouwde kom,Tss. 2 best.: langs opzij (voor-/achterkant-flank),Geen hindernis
4866,140,Hasselt ring,Hasselt,50.9300038,5.3438616,0.4775584550748825,50.9326127041027,5.338448571906825,2017,10,16,71022,Hasselt,Normaal,Droog+Proper,Dag,met lichtgewonden,3,Fiets,3,Fiets,Op Kruispunt,Gemeenteweg,binnen bebouwde kom,Tussen 2 bestuurders: Langs achteren,Geen hindernis
5037,107,leuven totem,Leuven,50.8870744,4.7087919,0.32313833697652883,50.88463182216765,4.71128762310513,2017,11,7,24062,Leuven,Onbekend,Onbekend,Dag,met lichtgewonden,9,personenauto,3,Fiets,Op Kruispunt,Gewestweg,binnen bebouwde kom,Tss. 2 best.: langs opzij (voor-/achterkant-flank),Geen hindernis
5037,77,Leuven teller 2,Leuven,50.88672,4.70796,0.3292484264708987,50.88463182216765,4.71128762310513,2017,11,7,24062,Leuven,Onbekend,Onbekend,Dag,met lichtgewonden,9,personenauto,3,Fiets,Op Kruispunt,Gewestweg,binnen bebouwde kom,Tss. 2 best.: langs opzij (voor-/achterkant-flank),Geen hindernis
5059,23,Tienen 3,Tienen,50.81324,4.93447,0.42993702748500146,50.81180734935018,4.928786297424366,2017,11,12,24107,Tienen,Normaal,Droog,Dag,met lichtgewonden,9,personenauto,3,Fiets,Op Kruispunt,Gewestweg,binnen bebouwde kom,Tussen 2 bestuurders: Langs achteren,Geen hindernis
5059,24,Tienen 1,Tienen,50.8133795491886,4.935044252605416,0.4731612015298723,50.81180734935018,4.928786297424366,2017,11,12,24107,Tienen,Normaal,Droog,Dag,met lichtgewonden,9,personenauto,3,Fiets,Op Kruispunt,Gewestweg,binnen bebouwde kom,Tussen 2 bestuurders: Langs achteren,Geen hindernis
5143,6,Evergem 2,Evergem,51.10894,3.70298,0.2962233748912628,51.111596103508354,3.702653516019956,2017,11,8,44019,Evergem,Regenval,"Nat, plassen",Dageraad - schemering,met lichtgewonden,9,personenauto,3,Fiets,Op Kruispunt,Gemeenteweg,binnen bebouwde kom,Tss. 2 best.: langs opzij (voor-/achterkant-flank),Geen hindernis
5143,7,Evergem 1,Evergem,51.1089,3.70317,0.30195348913358483,51.111596103508354,3.702653516019956,2017,11,8,44019,Evergem,Regenval,"Nat, plassen",Dageraad - schemering,met lichtgewonden,9,personenauto,3,Fiets,Op Kruispunt,Gemeenteweg,binnen bebouwde kom,Tss. 2 best.: langs opzij (voor-/achterkant-flank),Geen hindernis
5145,7,Evergem 1,Evergem,51.1089,3.70317,0.24232336294700432,51.10729228540374,3.7055132375290087,2017,11,14,44019,Evergem,Regenval,"Nat, plassen",Dag,met lichtgewonden,3,Fiets,9,personenauto,Buiten Kruispunt,Gewestweg,binnen bebouwde kom,Tussen 2 bestuurders: Frontale botsing,Geen hindernis
5145,6,Evergem 2,Evergem,51.10894,3.70298,0.25464984647619615,51.10729228540374,3.7055132375290087,2017,11,14,44019,Evergem,Regenval,"Nat, plassen",Dag,met lichtgewonden,3,Fiets,9,personenauto,Buiten Kruispunt,Gewestweg,binnen bebouwde kom,Tussen 2 bestuurders: Frontale botsing,Geen hindernis
5236,15,Oostende 2,Oostende,51.21371,2.92743,0.41989604979428097,51.21681629276849,2.9240020319162894,2017,11,22,35013,Oostende,Normaal,Droog,"Nacht, openbare verlichting aanwezig en ontstoken",met lichtgewonden,3,Fiets,9,personenauto,Op Kruispunt,Gemeenteweg,binnen bebouwde kom,Tss. 2 best.: langs opzij (voor-/achterkant-flank),Geen hindernis
5236,18,Oostende 1,Oostende,51.21378,2.92765,0.42254987546496453,51.21681629276849,2.9240020319162894,2017,11,22,35013,Oostende,Normaal,Droog,"Nacht, openbare verlichting aanwezig en ontstoken",met lichtgewonden,3,Fiets,9,personenauto,Op Kruispunt,Gemeenteweg,binnen bebouwde kom,Tss. 2 best.: langs opzij (voor-/achterkant-flank),Geen hindernis
5242,15,Oostende 2,Oostende,51.21371,2.92743,0.41989604979428097,51.21681629276849,2.9240020319162894,2017,11,15,35013,Oostende,Normaal,"Nat, plassen",Dag,met zwaargewonden,4,Vrachtwagen,3,Fiets,Op Kruispunt,Gemeenteweg,binnen bebouwde kom,Tss. 2 best.: langs opzij (voor-/achterkant-flank),Geen hindernis
5242,18,Oostende 1,Oostende,51.21378,2.92765,0.42254987546496453,51.21681629276849,2.9240020319162894,2017,11,15,35013,Oostende,Normaal,"Nat, plassen",Dag,met zwaargewonden,4,Vrachtwagen,3,Fiets,Op Kruispunt,Gemeenteweg,binnen bebouwde kom,Tss. 2 best.: langs opzij (voor-/achterkant-flank),Geen hindernis
5267,17,Kortrijk 2,Kortrijk,50.83339,3.27773,0.4444441588689381,50.83403303458583,3.271483824052507,2017,11,9,34022,Kortrijk,Normaal,Droog,Dag,met lichtgewonden,9,personenauto,3,Fiets,Op Kruispunt,Gewestweg,binnen bebouwde kom,Tussen 2 bestuurders: Langs achteren,Geen hindernis
5267,16,Kortrijk 1,Kortrijk,50.83332,3.27777,0.4485275163984999,50.83403303458583,3.271483824052507,2017,11,9,34022,Kortrijk,Normaal,Droog,Dag,met lichtgewonden,9,personenauto,3,Fiets,Op Kruispunt,Gewestweg,binnen bebouwde kom,Tussen 2 bestuurders: Langs achteren,Geen hindernis
5310,138,Hasselt-Kempische brug,Hasselt,50.9405318,5.3422472,0.38396531520045885,50.938593723163805,5.337711843788882,2017,11,8,71022,Hasselt,Regenval,"Nat, plassen",Dageraad - schemering,met lichtgewonden,9,personenauto,3,Fiets,Buiten Kruispunt,Gemeenteweg,binnen bebouwde kom,Tss. 2 best.: langs opzij (voor-/achterkant-flank),Geen hindernis
5310,137,Hasselt-Kempische brug,Hasselt,50.9411605,5.3417576,0.4022683754481866,50.938593723163805,5.337711843788882,2017,11,8,71022,Hasselt,Regenval,"Nat, plassen",Dageraad - schemering,met lichtgewonden,9,personenauto,3,Fiets,Buiten Kruispunt,Gemeenteweg,binnen bebouwde kom,Tss. 2 best.: langs opzij (voor-/achterkant-flank),Geen hindernis
5420,151,Leuven,District Leuven,50.8690262,4.6854839,0.4231355622099841,50.87217778248663,4.688863304429327,2017,12,18,24062,Leuven,Onbekend,Onbekend,Onbekend,met lichtgewonden,6,Bromfiets,3,Fiets,Buiten Kruispunt,Gemeenteweg,binnen bebouwde kom,Tussen 2 bestuurders: Frontale botsing,Geen hindernis
5442,118,Gent teller 1,Gent,51.028049,3.7681359,0.04148378915677053,51.02779619370568,3.768572121433177,2017,12,16,44021,Gent,Normaal,Droog+Proper,Dageraad - schemering,met lichtgewonden,6,Bromfiets,3,Fiets,Op Kruispunt,Gewestweg,binnen bebouwde kom,Tss. 2 best.: langs opzij (voor-/achterkant-flank),Geen hindernis
5442,119,Gent teller 2,Gent,51.0281795,3.7683918,0.04444819948174501,51.02779619370568,3.768572121433177,2017,12,16,44021,Gent,Normaal,Droog+Proper,Dageraad - schemering,met lichtgewonden,6,Bromfiets,3,Fiets,Op Kruispunt,Gewestweg,binnen bebouwde kom,Tss. 2 best.: langs opzij (voor-/achterkant-flank),Geen hindernis
5524,122,Dendermonde teller 2,Dendermonde,51.0373918,4.1019222,0.4045065732924154,51.041023976172305,4.102244201007408,2017,12,17,42006,Dendermonde,Normaal,"Nat, plassen","Nacht, openbare verlichting aanwezig en ontstoken",met lichtgewonden,9,personenauto,3,Fiets,Buiten Kruispunt,Gewestweg,binnen bebouwde kom,Tss. 2 best.: langs opzij (voor-/achterkant-flank),Geen hindernis
5524,125,Dendermonde totem,Dendermonde,51.0372706,4.1025998,0.4180962989351506,51.041023976172305,4.102244201007408,2017,12,17,42006,Dendermonde,Normaal,"Nat, plassen","Nacht, openbare verlichting aanwezig en ontstoken",met lichtgewonden,9,personenauto,3,Fiets,Buiten Kruispunt,Gewestweg,binnen bebouwde kom,Tss. 2 best.: langs opzij (voor-/achterkant-flank),Geen hindernis
5574,143,Eco Display Classic Budastraat,Kortrijk,50.83066,3.26286,0.19273690175785688,50.82923034093349,3.2644116274916093,2017,12,12,34022,Kortrijk,Normaal,Droog,Dag,met lichtgewonden,3,Fiets,11,een weggebruiker tegen een hindernis,Buiten Kruispunt,Gemeenteweg,binnen bebouwde kom,Weggebruiker tegen hindernis op de rijbaan,Op de rijbaan: Dier (huisdier)
5575,75,Kortrijk teller 2,Kortrijk,50.81925,3.25731,0.41595559118875375,50.821376871319806,3.262181054799739,2017,12,10,34022,Kortrijk,Normaal,Droog,Dag,met zwaargewonden,9,personenauto,3,Fiets,Buiten Kruispunt,Gemeenteweg,binnen bebouwde kom,Tss. 2 best.: langs opzij (voor-/achterkant-flank),Geen hindernis
5575,74,Kortrijk teller 1,Kortrijk,50.81909,3.25728,0.42801613858255705,50.821376871319806,3.262181054799739,2017,12,10,34022,Kortrijk,Normaal,Droog,Dag,met zwaargewonden,9,personenauto,3,Fiets,Buiten Kruispunt,Gemeenteweg,binnen bebouwde kom,Tss. 2 best.: langs opzij (voor-/achterkant-flank),Geen hindernis
5577,74,Kortrijk teller 1,Kortrijk,50.81909,3.25728,0.4509805729074939,50.81649727380761,3.2622164849153177,2017,12,15,34022,Kortrijk,Normaal,Droog,Dag,met lichtgewonden,3,Fiets,4,Vrachtwagen,Op Kruispunt,Gewestweg,binnen bebouwde kom,Tss. 2 best.: langs opzij (voor-/achterkant-flank),Geen hindernis
5577,75,Kortrijk teller 2,Kortrijk,50.81925,3.25731,0.46097785654468576,50.81649727380761,3.2622164849153177,2017,12,15,34022,Kortrijk,Normaal,Droog,Dag,met lichtgewonden,3,Fiets,4,Vrachtwagen,Op Kruispunt,Gewestweg,binnen bebouwde kom,Tss. 2 best.: langs opzij (voor-/achterkant-flank),Geen hindernis
5614,26,Zaventem,Zaventem,50.86995,4.45444,0.24779387824113772,50.86772524238689,4.454236432176539,2018,1,18,23094,Zaventem,Onbekend,Onbekend,Onbekend,met lichtgewonden,9,personenauto,3,Fiets,Buiten Kruispunt,Gemeenteweg,binnen bebouwde kom,Tussen 2 bestuurders: Flank tegen flank,Geen hindernis
5725,46,Pelt teller 2,Pelt,51.231,5.44375,0.15237315686703234,51.23013482475104,5.442052958025283,2018,1,16,72043,Pelt,Normaal,Droog,Dag,met lichtgewonden,3,Fiets,9,personenauto,Buiten Kruispunt,Gewestweg,binnen bebouwde kom,Tss. 2 best.: langs opzij (voor-/achterkant-flank),Geen hindernis
5725,45,Pelt teller 1,Pelt,51.23127,5.44377,0.17385751585007256,51.23013482475104,5.442052958025283,2018,1,16,72043,Pelt,Normaal,Droog,Dag,met lichtgewonden,3,Fiets,9,personenauto,Buiten Kruispunt,Gewestweg,binnen bebouwde kom,Tss. 2 best.: langs opzij (voor-/achterkant-flank),Geen hindernis
5748,69,Leuven teller 1,Leuven,50.87549,4.71526,0.42278467848586604,50.873437745543654,4.720332362347533,2018,1,8,24062,Leuven,Normaal,Droog,Dageraad - schemering,met lichtgewonden,3,Fiets,3,Fiets,Buiten Kruispunt,Gemeenteweg,binnen bebouwde kom,Tss. 2 best.: langs opzij (voor-/achterkant-flank),Geen hindernis
5750,69,Leuven teller 1,Leuven,50.87549,4.71526,0.36243012888568604,50.87280560884954,4.718189726024455,2018,1,7,24062,Leuven,Normaal,Proper,"Nacht, openbare verlichting aanwezig en ontstoken",met lichtgewonden,3,Fiets,9,personenauto,Buiten Kruispunt,Gewestweg,binnen bebouwde kom,Tss. 2 best.: langs opzij (voor-/achterkant-flank),Geen hindernis
5757,151,Leuven,District Leuven,50.8690262,4.6854839,0.345550217857162,50.87192246913996,4.68726884121998,2018,1,8,24062,Leuven,Onbekend,Onbekend,Onbekend,met lichtgewonden,9,personenauto,3,Fiets,Buiten Kruispunt,Gemeenteweg,binnen bebouwde kom,Tussen 2 bestuurders: Langs achteren,Geen hindernis
5771,101,Diest teller 1,Diest,50.97799,5.04481,0.27253827048826285,50.97991183937585,5.042393956667795,2018,1,18,24020,Diest,Normaal,Droog,"Nacht, openbare verlichting aanwezig en ontstoken",met lichtgewonden,9,personenauto,3,Fiets,Op Kruispunt,Gewestweg,binnen bebouwde kom,Tss. 2 best.: langs opzij (voor-/achterkant-flank),Geen hindernis
5771,102,Diest teller 2,Diest,50.9779,5.04474,0.2775260297929383,50.97991183937585,5.042393956667795,2018,1,18,24020,Diest,Normaal,Droog,"Nacht, openbare verlichting aanwezig en ontstoken",met lichtgewonden,9,personenauto,3,Fiets,Op Kruispunt,Gewestweg,binnen bebouwde kom,Tss. 2 best.: langs opzij (voor-/achterkant-flank),Geen hindernis
5785,13,Gent,Gent,51.03018,3.70146,0.4296499924413101,51.031792067429,3.7070436947135663,2018,2,16,44021,Gent,Normaal,Droog,Dag,met lichtgewonden,3,Fiets,8,Voetganger,Buiten Kruispunt,Gewestweg,binnen bebouwde kom,Met een voetganger,Geen hindernis
5796,118,Gent teller 1,Gent,51.028049,3.7681359,0.4333380908328451,51.030546225834115,3.7633787697922254,2018,1,12,44021,Gent,Normaal,Droog,Dag,met lichtgewonden,3,Fiets,9,personenauto,Buiten Kruispunt,Gewestweg,buiten bebouwde kom,Tss. 2 best.: langs opzij (voor-/achterkant-flank),Geen hindernis
5796,119,Gent teller 2,Gent,51.0281795,3.7683918,0.43836153577143716,51.030546225834115,3.7633787697922254,2018,1,12,44021,Gent,Normaal,Droog,Dag,met lichtgewonden,3,Fiets,9,personenauto,Buiten Kruispunt,Gewestweg,buiten bebouwde kom,Tss. 2 best.: langs opzij (voor-/achterkant-flank),Geen hindernis
5799,119,Gent teller 2,Gent,51.0281795,3.7683918,0.22517224960252472,51.026568508757826,3.7703426055684988,2018,1,7,44021,Gent,"Sterke wind, rukwind",Droog,"Nacht, openbare verlichting aanwezig en ontstoken",met lichtgewonden,9,personenauto,3,Fiets,Op Kruispunt,Gewestweg,binnen bebouwde kom,Tss. 2 best.: langs opzij (voor-/achterkant-flank),Geen hindernis
5799,118,Gent teller 1,Gent,51.028049,3.7681359,0.22565012260392917,51.026568508757826,3.7703426055684988,2018,1,7,44021,Gent,"Sterke wind, rukwind",Droog,"Nacht, openbare verlichting aanwezig en ontstoken",met lichtgewonden,9,personenauto,3,Fiets,Op Kruispunt,Gewestweg,binnen bebouwde kom,Tss. 2 best.: langs opzij (voor-/achterkant-flank),Geen hindernis
5838,116,Melle teller 2,Melle,50.9986113,3.8040599,0.2886180455370445,51.001127561643074,3.805071876591776,2018,1,19,44040,Melle,Normaal,Droog,"Nacht, openbare verlichting aanwezig en ontstoken",met lichtgewonden,3,Fiets,9,personenauto,Buiten Kruispunt,Gewestweg,binnen bebouwde kom,Tss. 2 best.: langs opzij (voor-/achterkant-flank),Geen hindernis
5838,117,Melle teller 1,Melle,50.9986113,3.8040599,0.2886180455370445,51.001127561643074,3.805071876591776,2018,1,19,44040,Melle,Normaal,Droog,"Nacht, openbare verlichting aanwezig en ontstoken",met lichtgewonden,3,Fiets,9,personenauto,Buiten Kruispunt,Gewestweg,binnen bebouwde kom,Tss. 2 best.: langs opzij (voor-/achterkant-flank),Geen hindernis
5902,142,TEST Validatie BRUGGE Y2H22022134,Brugge,51.22632,3.24095,0.43781926232878293,51.22456910113073,3.2353186378981285,2018,1,18,31005,Brugge,Regenval,"Nat, plassen","Nacht, openbare verlichting aanwezig en ontstoken",met zwaargewonden,3,Fiets,9,personenauto,Op Kruispunt,Gemeenteweg,binnen bebouwde kom,Tss. 2 best.: langs opzij (voor-/achterkant-flank),Geen hindernis
5902,52,Brugge,Brugge,51.22632,3.24095,0.43781926232878293,51.22456910113073,3.2353186378981285,2018,1,18,31005,Brugge,Regenval,"Nat, plassen","Nacht, openbare verlichting aanwezig en ontstoken",met zwaargewonden,3,Fiets,9,personenauto,Op Kruispunt,Gemeenteweg,binnen bebouwde kom,Tss. 2 best.: langs opzij (voor-/achterkant-flank),Geen hindernis
5919,15,Oostende 2,Oostende,51.21371,2.92743,0.11282207645063844,51.21282397856141,2.928219267495095,2018,2,14,35013,Oostende,Normaal,Droog,Dag,met lichtgewonden,5,Lichte vrachtauto,3,Fiets,Buiten Kruispunt,Gemeenteweg,binnen bebouwde kom,Tss. 2 best.: langs opzij (voor-/achterkant-flank),Geen hindernis
5919,18,Oostende 1,Oostende,51.21378,2.92765,0.11345926788123444,51.21282397856141,2.928219267495095,2018,2,14,35013,Oostende,Normaal,Droog,Dag,met lichtgewonden,5,Lichte vrachtauto,3,Fiets,Buiten Kruispunt,Gemeenteweg,binnen bebouwde kom,Tss. 2 best.: langs opzij (voor-/achterkant-flank),Geen hindernis
5920,15,Oostende 2,Oostende,51.21371,2.92743,0.4613069526188462,51.20995905830287,2.9302593945806117,2018,1,18,35013,Oostende,Mist (zichtbaarheid minder dan 100m),"Nat, plassen","Nacht, openbare verlichting aanwezig en ontstoken",dodelijk gewonden,5,Lichte vrachtauto,3,Fiets,Op Kruispunt,Gemeenteweg,binnen bebouwde kom,Tss. 2 best.: langs opzij (voor-/achterkant-flank),Geen hindernis
5920,18,Oostende 1,Oostende,51.21378,2.92765,0.4621166424629185,51.20995905830287,2.9302593945806117,2018,1,18,35013,Oostende,Mist (zichtbaarheid minder dan 100m),"Nat, plassen","Nacht, openbare verlichting aanwezig en ontstoken",dodelijk gewonden,5,Lichte vrachtauto,3,Fiets,Op Kruispunt,Gemeenteweg,binnen bebouwde kom,Tss. 2 best.: langs opzij (voor-/achterkant-flank),Geen hindernis
5944,75,Kortrijk teller 2,Kortrijk,50.81925,3.25731,0.3776706653554249,50.822642078658156,3.2570365756734994,2018,1,19,34022,Kortrijk,Normaal,Droog,"Nacht, openbare verlichting aanwezig en ontstoken",met lichtgewonden,6,Bromfiets,3,Fiets,Buiten Kruispunt,Gemeenteweg,binnen bebouwde kom,Tussen 2 bestuurders: Flank tegen flank,Geen hindernis
5944,74,Kortrijk teller 1,Kortrijk,50.81909,3.25728,0.3953431102408361,50.822642078658156,3.2570365756734994,2018,1,19,34022,Kortrijk,Normaal,Droog,"Nacht, openbare verlichting aanwezig en ontstoken",met lichtgewonden,6,Bromfiets,3,Fiets,Buiten Kruispunt,Gemeenteweg,binnen bebouwde kom,Tussen 2 bestuurders: Flank tegen flank,Geen hindernis
5947,143,Eco Display Classic Budastraat,Kortrijk,50.83066,3.26286,0.4209717126599818,50.82730326984716,3.2600881459298967,2018,1,19,34022,Kortrijk,Normaal,Droog,"Nacht, openbare verlichting aanwezig en ontstoken",met lichtgewonden,3,Fiets,9,personenauto,Buiten Kruispunt,Gemeenteweg,binnen bebouwde kom,Tss. 2 best.: langs opzij (voor-/achterkant-flank),Geen hindernis