crash_row_id,site_id,site_name,site_gemeente,site_lat,site_long,distance_km,crash_lat,crash_long,DT_YEAR_COLLISION,DT_MONTH_COLLISION,DT_TIME,CD_NIS,TX_MUNTY_COLLISION_NL,TX_WEATHER_NL,TX_ROAD_CONDITION_NL,TX_LIGHT_CONDITION_NL,TX_CLASS_ACCIDENTS_NL,CD_ROAD_USR_TYPE1,TX_ROAD_USR_TYPE1_NL,CD_ROAD_USR_TYPE2,TX_ROAD_USR_TYPE2_NL,TX_CROSSWAY_NL,CD_ROAD_TYPE_NL,TX_BUILD_UP_AREA_NL,TX_COLLISION_TYPE_NL,TX_OBSTACLES_NL
7792,41,Maasmechelen teller 1,Maasmechelen,50.97025,5.69799,0.4653839933642657,50.968717587392575,5.691805378372428,2018,5,20,73107,Maasmechelen,Normaal,Droog,Dag,met lichtgewonden,3,Fiets,9,personenauto,Op Kruispunt,Gemeenteweg,binnen bebouwde kom,Tss. 2 best.: langs opzij (voor-/achterkant-flank),Geen hindernis
7792,42,Maasmechelen teller 2,Maasmechelen,50.97043,5.6981,0.4801394535760364,50.968717587392575,5.691805378372428,2018,5,20,73107,Maasmechelen,Normaal,Droog,Dag,met lichtgewonden,3,Fiets,9,personenauto,Op Kruispunt,Gemeenteweg,binnen bebouwde kom,Tss. 2 best.: langs opzij (voor-/achterkant-flank),Geen hindernis
7810,99,Mechelen teller 1,Mechelen,51.04564,4.46882,0.30866047875741454,51.042916703416694,4.469675052287831,2018,5,15,12025,Mechelen,Onbekend,Onbekend,Dag,met lichtgewonden,9,personenauto,3,Fiets,Op Kruispunt,Gemeenteweg,binnen bebouwde kom,Tussen 2 bestuurders: Frontale botsing,Geen hindernis
7810,100,Mechelen teller 2,Mechelen,51.0457,4.46883,0.31507667100672837,51.042916703416694,4.469675052287831,2018,5,15,12025,Mechelen,Onbekend,Onbekend,Dag,met lichtgewonden,9,personenauto,3,Fiets,Op Kruispunt,Gemeenteweg,binnen bebouwde kom,Tussen 2 bestuurders: Frontale botsing,Geen hindernis
7841,140,Hasselt ring,Hasselt,50.9300038,5.3438616,0.1608593913101219,50.928846407021894,5.345238583794631,2018,5,9,71022,Hasselt,Normaal,Droog+Proper,Dag,met lichtgewonden,9,personenauto,3,Fiets,Op Kruispunt,Gemeenteweg,binnen bebouwde kom,Tss. 2 best.: langs opzij (voor-/achterkant-flank),Geen hindernis
7842,140,Hasselt ring,Hasselt,50.9300038,5.3438616,0.07488956705847588,50.9305143801441,5.344558468477403,2018,5,18,71022,Hasselt,Normaal,Droog,Dag,met lichtgewonden,9,personenauto,3,Fiets,Op Kruispunt,Gewestweg,binnen bebouwde kom,Tussen 2 bestuurders: Frontale botsing,Geen hindernis
7952,91,Brecht teller 2,Brecht,51.35739,4.62422,0.18596426347869235,51.356027687386195,4.625773467894857,2018,6,12,11009,Brecht,Normaal,Droog,Dag,met lichtgewonden,3,Fiets,3,Fiets,Op Kruispunt,Gewestweg,binnen bebouwde kom,Tussen 2 bestuurders: Langs achteren,Geen hindernis
7952,90,Brecht teller 1,Brecht,51.35752,4.6243,0.19494489153485464,51.356027687386195,4.625773467894857,2018,6,12,11009,Brecht,Normaal,Droog,Dag,met lichtgewonden,3,Fiets,3,Fiets,Op Kruispunt,Gewestweg,binnen bebouwde kom,Tussen 2 bestuurders: Langs achteren,Geen hindernis
7975,9,Heist op den Berg 2,Heist-op-den-Berg,51.06904,4.69524,0.43711283747900875,51.07102650519727,4.7006383957195474,2018,6,15,12014,Heist-op-den-Berg,Normaal,Droog,Dag,met lichtgewonden,3,Fiets,9,personenauto,Buiten Kruispunt,Gewestweg,binnen bebouwde kom,Tss. 2 best.: langs opzij (voor-/achterkant-flank),Geen hindernis
8008,88,Westerlo teller 1,Westerlo,51.082,4.91325,0.08547574888019988,51.08207907795581,4.912032847653247,2018,6,18,13049,Westerlo,Normaal,Droog,Dag,met lichtgewonden,3,Fiets,6,Bromfiets,Buiten Kruispunt,Gewestweg,buiten bebouwde kom,Tussen 2 bestuurders: Flank tegen flank,Geen hindernis
8008,89,Westerlo teller 2,Westerlo,51.08191,4.91334,0.09322460076522388,51.08207907795581,4.912032847653247,2018,6,18,13049,Westerlo,Normaal,Droog,Dag,met lichtgewonden,3,Fiets,6,Bromfiets,Buiten Kruispunt,Gewestweg,buiten bebouwde kom,Tussen 2 bestuurders: Flank tegen flank,Geen hindernis
8062,69,Leuven teller 1,Leuven,50.87549,4.71526,0.23651852201290666,50.87367016881226,4.713514913155444,2018,6,23,24062,Leuven,Onbekend,Onbekend,"Nacht, openbare verlichting aanwezig en ontstoken",met lichtgewonden,3,Fiets,8,Voetganger,Buiten Kruispunt,Gemeenteweg,binnen bebouwde kom,Met een voetganger,Geen hindernis
8067,69,Leuven teller 1,Leuven,50.87549,4.71526,0.39209172324642333,50.87340409016114,4.7197654394879605,2018,6,7,24062,Leuven,Normaal,Droog,Dag,met lichtgewonden,3,Fiets,9,personenauto,Op Kruispunt,Gewestweg,binnen bebouwde kom,Tss. 2 best.: langs opzij (voor-/achterkant-flank),Geen hindernis
8069,69,Leuven teller 1,Leuven,50.87549,4.71526,0.42428647845039363,50.87644982045099,4.7094073832029535,2018,6,9,24062,Leuven,Normaal,Droog,Dag,met lichtgewonden,9,personenauto,3,Fiets,Op Kruispunt,Gemeenteweg,binnen bebouwde kom,Tussen 2 bestuurders: Frontale botsing,Geen hindernis
8070,69,Leuven teller 1,Leuven,50.87549,4.71526,0.4816146842514026,50.875690451300294,4.7084032958802196,2018,6,12,24062,Leuven,Regenval,"Nat, plassen",Dag,met lichtgewonden,9,personenauto,3,Fiets,Op Kruispunt,Gemeenteweg,binnen bebouwde kom,Tss. 2 best.: langs opzij (voor-/achterkant-flank),Geen hindernis
8072,77,Leuven teller 2,Leuven,50.88672,4.70796,0.3468848392466309,50.88415760690569,4.70513953277525,2018,6,11,24062,Leuven,Normaal,Droog,Dag,met lichtgewonden,3,Fiets,3,Fiets,Op Kruispunt,Gemeenteweg,binnen bebouwde kom,Tss. 2 best.: langs opzij (voor-/achterkant-flank),Geen hindernis
8072,107,leuven totem,Leuven,50.8870744,4.7087919,0.4133234727815405,50.88415760690569,4.70513953277525,2018,6,11,24062,Leuven,Normaal,Droog,Dag,met lichtgewonden,3,Fiets,3,Fiets,Op Kruispunt,Gemeenteweg,binnen bebouwde kom,Tss. 2 best.: langs opzij (voor-/achterkant-flank),Geen hindernis
8076,151,Leuven,District Leuven,50.8690262,4.6854839,0.43233527834618884,50.870164956218545,4.691374659188624,2018,6,10,24062,Leuven,Normaal,Droog,Dag,met lichtgewonden,3,Fiets,9,personenauto,Buiten Kruispunt,Gewestweg,binnen bebouwde kom,Tss. 2 best.: langs opzij (voor-/achterkant-flank),Geen hindernis
8095,101,Diest teller 1,Diest,50.97799,5.04481,0.27367815371754334,50.98014231576015,5.042913812511605,2018,6,13,24020,Diest,Normaal,Droog,Dag,met lichtgewonden,9,personenauto,3,Fiets,Op Kruispunt,Gewestweg,binnen bebouwde kom,Tss. 2 best.: langs opzij (voor-/achterkant-flank),Geen hindernis
8095,102,Diest teller 2,Diest,50.9779,5.04474,0.2802016438243587,50.98014231576015,5.042913812511605,2018,6,13,24020,Diest,Normaal,Droog,Dag,met lichtgewonden,9,personenauto,3,Fiets,Op Kruispunt,Gewestweg,binnen bebouwde kom,Tss. 2 best.: langs opzij (voor-/achterkant-flank),Geen hindernis
8317,125,Dendermonde totem,Dendermonde,51.0372706,4.1025998,0.435025135304995,51.03356739447266,4.104606368285569,2018,6,17,42006,Dendermonde,Normaal,Droog,Dag,met lichtgewonden,3,Fiets,9,personenauto,Buiten Kruispunt,Gewestweg,binnen bebouwde kom,Tussen 2 bestuurders: Flank tegen flank,Geen hindernis
8317,122,Dendermonde teller 2,Dendermonde,51.0373918,4.1019222,0.4648309315839816,51.03356739447266,4.104606368285569,2018,6,17,42006,Dendermonde,Normaal,Droog,Dag,met lichtgewonden,3,Fiets,9,personenauto,Buiten Kruispunt,Gewestweg,binnen bebouwde kom,Tussen 2 bestuurders: Flank tegen flank,Geen hindernis
8387,143,Eco Display Classic Budastraat,Kortrijk,50.83066,3.26286,0.22119712855988216,50.82895683707845,3.264487284527242,2018,6,15,34022,Kortrijk,Normaal,Droog,Dag,met lichtgewonden,3,Fiets,8,Voetganger,Buiten Kruispunt,Gemeenteweg,binnen bebouwde kom,Met een voetganger,Geen hindernis
8389,143,Eco Display Classic Budastraat,Kortrijk,50.83066,3.26286,0.33475366022871283,50.8276803542689,3.263540761799825,2018,6,9,34022,Kortrijk,Normaal,Droog,Dag,met lichtgewonden,9,personenauto,3,Fiets,Buiten Kruispunt,Gewestweg,binnen bebouwde kom,Tussen 2 bestuurders: Flank tegen flank,Geen hindernis
8399,143,Eco Display Classic Budastraat,Kortrijk,50.83066,3.26286,0.1497903591508526,50.83175485524602,3.2616174035265826,2018,6,14,34022,Kortrijk,Normaal,Droog,Dag,met lichtgewonden,3,Fiets,11,een weggebruiker tegen een hindernis,Buiten Kruispunt,Gemeenteweg,binnen bebouwde kom,Weggebruiker tegen hindernis op de rijbaan,"Op de rijbaan: Werken (signal., aarde, toestel,…)"
8476,140,Hasselt ring,Hasselt,50.9300038,5.3438616,0.05926458639578366,50.93048267207561,5.344232845976429,2018,6,17,71022,Hasselt,Normaal,Droog,Dag,met lichtgewonden,9,personenauto,3,Fiets,Op Kruispunt,Gewestweg,binnen bebouwde kom,Tss. 2 best.: langs opzij (voor-/achterkant-flank),Geen hindernis
8484,140,Hasselt ring,Hasselt,50.9300038,5.3438616,0.22936893795910687,50.9279416070358,5.343784569297438,2018,6,17,71022,Hasselt,Normaal,Droog,Dag,met lichtgewonden,9,personenauto,3,Fiets,Buiten Kruispunt,Gemeenteweg,binnen bebouwde kom,Tss. 2 best.: langs opzij (voor-/achterkant-flank),Geen hindernis
8661,140,Hasselt ring,Hasselt,50.9300038,5.3438616,0.4372595563417578,50.92971203856034,5.350083573105462,2018,7,20,71022,Hasselt,Normaal,Droog,Dag,met lichtgewonden,9,personenauto,3,Fiets,Op Kruispunt,Gewestweg,binnen bebouwde kom,Tss. 2 best.: langs opzij (voor-/achterkant-flank),Geen hindernis
8664,25,Bree,Bree,51.13679500160176,5.597669323604317,0.3589322730985133,51.13996448480449,5.596694547745601,2018,7,17,72004,Bree,Normaal,Droog,Dag,met lichtgewonden,3,Fiets,9,personenauto,Op Kruispunt,Gewestweg,binnen bebouwde kom,Tss. 2 best.: langs opzij (voor-/achterkant-flank),Geen hindernis
8681,69,Leuven teller 1,Leuven,50.87549,4.71526,0.35710078180966826,50.87499266093444,4.710231972459533,2018,7,12,24062,Leuven,Normaal,Droog,Dag,met lichtgewonden,8,Voetganger,3,Fiets,Op Kruispunt,Gemeenteweg,binnen bebouwde kom,Met een voetganger,Geen hindernis
8720,26,Zaventem,Zaventem,50.86995,4.45444,0.20250759494466294,50.86835843360969,4.4530372773865805,2018,7,8,23094,Zaventem,Normaal,Droog,Dag,met lichtgewonden,3,Fiets,9,personenauto,Op Kruispunt,Gewestweg,binnen bebouwde kom,Tussen 2 bestuurders: Flank tegen flank,Geen hindernis
8822,115,Aalter,Aalter,51.1058367,3.4350591,0.04732256380162977,51.1054127206667,3.4350003316829927,2018,7,6,44084,Aalter,Normaal,Droog,Dag,met zwaargewonden,3,Fiets,10,"één bestuurder, geen hindernis",Op Kruispunt,Gemeenteweg,buiten bebouwde kom,"Eén bestuurder, geen hindernis (incl. val)",Geen hindernis
8874,121,Zele teller 2,Zele,51.0604067,4.0556696,0.02338538638642517,51.06032573010651,4.055360772966991,2018,7,9,42028,Zele,Normaal,Droog,Dag,met lichtgewonden,9,personenauto,3,Fiets,Op Kruispunt,Gewestweg,buiten bebouwde kom,Tss. 2 best.: langs opzij (voor-/achterkant-flank),Geen hindernis
8874,120,Zele teller 1,Zele,51.0607671,4.0547741,0.06395054309792224,51.06032573010651,4.055360772966991,2018,7,9,42028,Zele,Normaal,Droog,Dag,met lichtgewonden,9,personenauto,3,Fiets,Op Kruispunt,Gewestweg,buiten bebouwde kom,Tss. 2 best.: langs opzij (voor-/achterkant-flank),Geen hindernis
8903,122,Dendermonde teller 2,Dendermonde,51.0373918,4.1019222,0.10313185568039776,51.038280527725874,4.102344143554155,2018,7,15,42006,Dendermonde,Normaal,Droog,Dag,met lichtgewonden,9,personenauto,3,Fiets,Buiten Kruispunt,Gewestweg,binnen bebouwde kom,Tss. 2 best.: langs opzij (voor-/achterkant-flank),Geen hindernis
8903,125,Dendermonde totem,Dendermonde,51.0372706,4.1025998,0.11371264234002253,51.038280527725874,4.102344143554155,2018,7,15,42006,Dendermonde,Normaal,Droog,Dag,met lichtgewonden,9,personenauto,3,Fiets,Buiten Kruispunt,Gewestweg,binnen bebouwde kom,Tss. 2 best.: langs opzij (voor-/achterkant-flank),Geen hindernis
8914,142,TEST Validatie BRUGGE Y2H22022134,Brugge,51.22632,3.24095,0.2554551330810186,51.22412223574202,3.2398815770071043,2018,7,7,31005,Brugge,Normaal,Droog,Dag,met lichtgewonden,9,personenauto,3,Fiets,Op Kruispunt,Gewestweg,binnen bebouwde kom,Tss. 2 best.: langs opzij (voor-/achterkant-flank),Geen hindernis
8914,52,Brugge,Brugge,51.22632,3.24095,0.2554551330810186,51.22412223574202,3.2398815770071043,2018,7,7,31005,Brugge,Normaal,Droog,Dag,met lichtgewonden,9,personenauto,3,Fiets,Op Kruispunt,Gewestweg,binnen bebouwde kom,Tss. 2 best.: langs opzij (voor-/achterkant-flank),Geen hindernis
8982,143,Eco Display Classic Budastraat,Kortrijk,50.83066,3.26286,0.43407492112502677,50.82721439772568,3.2657650182591684,2018,7,18,34022,Kortrijk,Normaal,Droog,Dag,met lichtgewonden,6,Bromfiets,3,Fiets,Op Kruispunt,Gewestweg,binnen bebouwde kom,Tss. 2 best.: langs opzij (voor-/achterkant-flank),Geen hindernis
8984,75,Kortrijk teller 2,Kortrijk,50.81925,3.25731,0.43418166787299006,50.82304014982014,3.2587960630379116,2018,7,9,34022,Kortrijk,Normaal,Droog,Dag,met lichtgewonden,9,personenauto,3,Fiets,Op Kruispunt,Gewestweg,binnen bebouwde kom,Tss. 2 best.: langs opzij (voor-/achterkant-flank),Geen hindernis
8984,74,Kortrijk teller 1,Kortrijk,50.81909,3.25728,0.45196321081605406,50.82304014982014,3.2587960630379116,2018,7,9,34022,Kortrijk,Normaal,Droog,Dag,met lichtgewonden,9,personenauto,3,Fiets,Op Kruispunt,Gewestweg,binnen bebouwde kom,Tss. 2 best.: langs opzij (voor-/achterkant-flank),Geen hindernis
8985,143,Eco Display Classic Budastraat,Kortrijk,50.83066,3.26286,0.1270757814162317,50.829899081013394,3.264209967863124,2018,7,17,34022,Kortrijk,Regenval,"Nat, plassen",Dag,met lichtgewonden,3,Fiets,9,personenauto,Buiten Kruispunt,Gemeenteweg,binnen bebouwde kom,Tussen 2 bestuurders: Langs achteren,Geen hindernis
8988,75,Kortrijk teller 2,Kortrijk,50.81925,3.25731,0.47313613307517577,50.82336099626601,3.2590475219901514,2018,7,11,34022,Kortrijk,Normaal,Droog,Dag,met lichtgewonden,9,personenauto,3,Fiets,Op Kruispunt,Gewestweg,binnen bebouwde kom,Tss. 2 best.: langs opzij (voor-/achterkant-flank),Geen hindernis
8988,74,Kortrijk teller 1,Kortrijk,50.81909,3.25728,0.4908754825911909,50.82336099626601,3.2590475219901514,2018,7,11,34022,Kortrijk,Normaal,Droog,Dag,met lichtgewonden,9,personenauto,3,Fiets,Op Kruispunt,Gewestweg,binnen bebouwde kom,Tss. 2 best.: langs opzij (voor-/achterkant-flank),Geen hindernis
8998,65,Nieuwpoort teller 2,Nieuwpoort,51.13435,2.75511,0.06265144275540734,51.13381382849721,2.754834056696519,2018,7,14,38016,Nieuwpoort,Normaal,Droog,Dag,met lichtgewonden,6,Bromfiets,3,Fiets,Buiten Kruispunt,Gewestweg,binnen bebouwde kom,Tussen 2 bestuurders: Frontale botsing,Geen hindernis
8998,64,Nieuwpoort teller 1,Nieuwpoort,51.13359,2.75737,0.17868823227261627,51.13381382849721,2.754834056696519,2018,7,14,38016,Nieuwpoort,Normaal,Droog,Dag,met lichtgewonden,6,Bromfiets,3,Fiets,Buiten Kruispunt,Gewestweg,binnen bebouwde kom,Tussen 2 bestuurders: Frontale botsing,Geen hindernis
8999,64,Nieuwpoort teller 1,Nieuwpoort,51.13359,2.75737,0.18695883999500268,51.13395494102462,2.7599855649771947,2018,7,17,38016,Nieuwpoort,Normaal,Droog,Dag,met lichtgewonden,9,personenauto,3,Fiets,Buiten Kruispunt,Gewestweg,binnen bebouwde kom,Tss. 2 best.: langs opzij (voor-/achterkant-flank),Geen hindernis
8999,65,Nieuwpoort teller 2,Nieuwpoort,51.13435,2.75511,0.3430156402322047,51.13395494102462,2.7599855649771947,2018,7,17,38016,Nieuwpoort,Normaal,Droog,Dag,met lichtgewonden,9,personenauto,3,Fiets,Buiten Kruispunt,Gewestweg,binnen bebouwde kom,Tss. 2 best.: langs opzij (voor-/achterkant-flank),Geen hindernis
9009,61,Wervik teller 2,Wervik,50.80555,3.0921,0.01941670133924577,50.80568435579054,3.0919235067024493,2018,7,14,33029,Wervik,Normaal,Droog,Dag,met lichtgewonden,9,personenauto,3,Fiets,Buiten Kruispunt,Gewestweg,buiten bebouwde kom,Tussen 2 bestuurders: Langs achteren,Geen hindernis
9009,62,Wervik teller 1,Wervik,50.8058,3.09154,0.02985968524690711,50.80568435579054,3.0919235067024493,2018,7,14,33029,Wervik,Normaal,Droog,Dag,met lichtgewonden,9,personenauto,3,Fiets,Buiten Kruispunt,Gewestweg,buiten bebouwde kom,Tussen 2 bestuurders: Langs achteren,Geen hindernis
9028,99,Mechelen teller 1,Mechelen,51.04564,4.46882,0.4071349921178382,51.04199720838027,4.468232784351031,2018,7,13,12025,Mechelen,Normaal,Droog,Dag,met lichtgewonden,9,personenauto,3,Fiets,Buiten Kruispunt,Gemeenteweg,binnen bebouwde kom,Tss. 2 best.: langs opzij (voor-/achterkant-flank),Geen hindernis
9028,100,Mechelen teller 2,Mechelen,51.0457,4.46883,0.41384317592243713,51.04199720838027,4.468232784351031,2018,7,13,12025,Mechelen,Normaal,Droog,Dag,met lichtgewonden,9,personenauto,3,Fiets,Buiten Kruispunt,Gemeenteweg,binnen bebouwde kom,Tss. 2 best.: langs opzij (voor-/achterkant-flank),Geen hindernis
9035,140,Hasselt ring,Hasselt,50.9300038,5.3438616,0.30354760909431877,50.93261014669234,5.342573422238938,2018,7,11,71022,Hasselt,Onbekend,Onbekend,Dag,met lichtgewonden,3,Fiets,9,personenauto,Op Kruispunt,Gewestweg,binnen bebouwde kom,Tss. 2 best.: langs opzij (voor-/achterkant-flank),Geen hindernis
9044,138,Hasselt-Kempische brug,Hasselt,50.9405318,5.3422472,0.23726942743743834,50.93858941951691,5.340845351878659,2018,7,7,71022,Hasselt,Normaal,Droog,Dag,met lichtgewonden,3,Fiets,8,Voetganger,Buiten Kruispunt,Gewestweg,binnen bebouwde kom,Met een voetganger,Geen hindernis
9044,137,Hasselt-Kempische brug,Hasselt,50.9411605,5.3417576,0.2929494836441444,50.93858941951691,5.340845351878659,2018,7,7,71022,Hasselt,Normaal,Droog,Dag,met lichtgewonden,3,Fiets,8,Voetganger,Buiten Kruispunt,Gewestweg,binnen bebouwde kom,Met een voetganger,Geen hindernis
9045,137,Hasselt-Kempische brug,Hasselt,50.9411605,5.3417576,0.2911047721160733,50.94214745294521,5.337909383444224,2018,7,22,71022,Hasselt,Normaal,Droog,"Nacht, openbare verlichting aanwezig en ontstoken",met lichtgewonden,3,Fiets,9,personenauto,Buiten Kruispunt,Gemeenteweg,binnen bebouwde kom,Tss. 2 best.: langs opzij (voor-/achterkant-flank),Geen hindernis
9045,138,Hasselt-Kempische brug,Hasselt,50.9405318,5.3422472,0.3530575952917693,50.94214745294521,5.337909383444224,2018,7,22,71022,Hasselt,Normaal,Droog,"Nacht, openbare verlichting aanwezig en ontstoken",met lichtgewonden,3,Fiets,9,personenauto,Buiten Kruispunt,Gemeenteweg,binnen bebouwde kom,Tss. 2 best.: langs opzij (voor-/achterkant-flank),Geen hindernis
9197,38,Lommel teller 2,Lommel,51.23277,5.29189,0.3688643158175389,51.233108909464434,5.2866198748162505,2018,8,13,72020,Lommel,Normaal,Droog,Dag,met lichtgewonden,9,personenauto,3,Fiets,Op Kruispunt,Gewestweg,buiten bebouwde kom,Tss. 2 best.: langs opzij (voor-/achterkant-flank),Geen hindernis
9197,37,Lommel teller 1,Lommel,51.23299,5.29211,0.38247949107144835,51.233108909464434,5.2866198748162505,2018,8,13,72020,Lommel,Normaal,Droog,Dag,met lichtgewonden,9,personenauto,3,Fiets,Op Kruispunt,Gewestweg,buiten bebouwde kom,Tss. 2 best.: langs opzij (voor-/achterkant-flank),Geen hindernis
9222,48,As,As,51.00509,5.60389,0.43108330449964766,51.005364362936135,5.597744417283997,2018,8,8,71002,As,Normaal,Droog,Dag,met zwaargewonden,3,Fiets,11,een weggebruiker tegen een hindernis,Buiten Kruispunt,Gewestweg,buiten bebouwde kom,Weggebruiker tegen hindernis buiten rijbaan,Andere hindernis
9283,71,Kampenhout teller 2,Kampenhout,50.95589,4.59164,0.41714589509925254,50.95891863579169,4.588125433637278,2018,8,16,23038,Kampenhout,Normaal,Droog,Dag,met lichtgewonden,9,personenauto,3,Fiets,Buiten Kruispunt,Gewestweg,buiten bebouwde kom,Tss. 2 best.: langs opzij (voor-/achterkant-flank),Geen hindernis
9283,70,Kampenhout teller 1,Kampenhout,50.95682,4.59318,0.42401646449357133,50.95891863579169,4.588125433637278,2018,8,16,23038,Kampenhout,Normaal,Droog,Dag,met lichtgewonden,9,personenauto,3,Fiets,Buiten Kruispunt,Gewestweg,buiten bebouwde kom,Tss. 2 best.: langs opzij (voor-/achterkant-flank),Geen hindernis
9351,115,Aalter,Aalter,51.1058367,3.4350591,0.20433332990138933,51.104243681048544,3.4365179949065507,2018,8,13,44084,Aalter,Normaal,Droog,Dag,met lichtgewonden,9,personenauto,3,Fiets,Buiten Kruispunt,Gewestweg,binnen bebouwde kom,Tussen 2 bestuurders: Flank tegen flank,Geen hindernis
9509,17,Kortrijk 2,Kortrijk,50.83339,3.27773,0.3270332849206254,50.83557328012367,3.280850188717603,2018,8,14,34022,Kortrijk,Normaal,Droog,Dag,met lichtgewonden,3,Fiets,9,personenauto,Op Kruispunt,Gewestweg,binnen bebouwde kom,Tss. 2 best.: langs opzij (voor-/achterkant-flank),Geen hindernis
9509,16,Kortrijk 1,Kortrijk,50.83332,3.27777,0.331009873753922,50.83557328012367,3.280850188717603,2018,8,14,34022,Kortrijk,Normaal,Droog,Dag,met lichtgewonden,3,Fiets,9,personenauto,Op Kruispunt,Gewestweg,binnen bebouwde kom,Tss. 2 best.: langs opzij (voor-/achterkant-flank),Geen hindernis
9514,16,Kortrijk 1,Kortrijk,50.83332,3.27777,0.21980523143926023,50.83196944189015,3.2754845641662387,2018,8,12,34022,Kortrijk,Normaal,Droog,Dag,met lichtgewonden,9,personenauto,3,Fiets,Op Kruispunt,Gewestweg,binnen bebouwde kom,Tss. 2 best.: langs opzij (voor-/achterkant-flank),Geen hindernis
9514,17,Kortrijk 2,Kortrijk,50.83339,3.27773,0.2232013196454198,50.83196944189015,3.2754845641662387,2018,8,12,34022,Kortrijk,Normaal,Droog,Dag,met lichtgewonden,9,personenauto,3,Fiets,Op Kruispunt,Gewestweg,binnen bebouwde kom,Tss. 2 best.: langs opzij (voor-/achterkant-flank),Geen hindernis
9553,137,Hasselt-Kempische brug,Hasselt,50.9411605,5.3417576,0.4553877300441519,50.94363070891355,5.3469417709537685,2018,8,15,71022,Hasselt,Normaal,Droog,Dag,met lichtgewonden,9,personenauto,3,Fiets,Op Kruispunt,Gewestweg,buiten bebouwde kom,Tss. 2 best.: langs opzij (voor-/achterkant-flank),Geen hindernis
9553,138,Hasselt-Kempische brug,Hasselt,50.9405318,5.3422472,0.4763693519588715,50.94363070891355,5.3469417709537685,2018,8,15,71022,Hasselt,Normaal,Droog,Dag,met lichtgewonden,9,personenauto,3,Fiets,Op Kruispunt,Gewestweg,buiten bebouwde kom,Tss. 2 best.: langs opzij (voor-/achterkant-flank),Geen hindernis
9698,95,Lier teller 1,Lier,51.11687,4.58437,0.11455610347928957,51.11618365572886,4.585593933723407,2018,9,7,12021,Lier,Normaal,Droog,Dag,met lichtgewonden,3,Fiets,5,Lichte vrachtauto,Buiten Kruispunt,Gewestweg,buiten bebouwde kom,Tussen 2 bestuurders: Flank tegen flank,Geen hindernis
9698,96,Lier teller 2,Lier,51.11705,4.58444,0.1255695677262295,51.11618365572886,4.585593933723407,2018,9,7,12021,Lier,Normaal,Droog,Dag,met lichtgewonden,3,Fiets,5,Lichte vrachtauto,Buiten Kruispunt,Gewestweg,buiten bebouwde kom,Tussen 2 bestuurders: Flank tegen flank,Geen hindernis
9727,94,Herentals teller 2,Herentals,51.17345,4.81283,0.31855268150052335,51.174550177810055,4.817049009907655,2018,9,7,13011,Herentals,Normaal,Droog,Dag,met lichtgewonden,9,personenauto,3,Fiets,Op Kruispunt,Gewestweg,buiten bebouwde kom,Tss. 2 best.: langs opzij (voor-/achterkant-flank),Geen hindernis
9727,110,Herentals totem,Herentals,51.1739426,4.811783,0.37327986699549404,51.174550177810055,4.817049009907655,2018,9,7,13011,Herentals,Normaal,Droog,Dag,met lichtgewonden,9,personenauto,3,Fiets,Op Kruispunt,Gewestweg,buiten bebouwde kom,Tss. 2 best.: langs opzij (voor-/achterkant-flank),Geen hindernis
9766,69,Leuven teller 1,Leuven,50.87549,4.71526,0.4820894386290836,50.87798869785426,4.709644905101227,2018,9,20,24062,Leuven,Normaal,Droog,Dageraad - schemering,met lichtgewonden,9,personenauto,3,Fiets,Buiten Kruispunt,Gemeenteweg,binnen bebouwde kom,Tss. 2 best.: langs opzij (voor-/achterkant-flank),Geen hindernis
9772,69,Leuven teller 1,Leuven,50.87549,4.71526,0.3966929411369908,50.87230794722024,4.71270378459339,2018,9,10,24062,Leuven,Normaal,Droog,Dag,met lichtgewonden,9,personenauto,3,Fiets,Op Kruispunt,Gewestweg,binnen bebouwde kom,Tss. 2 best.: langs opzij (voor-/achterkant-flank),Geen hindernis
9773,77,Leuven teller 2,Leuven,50.88672,4.70796,0.4788954967117288,50.88849986289624,4.7017432066694695,2018,9,13,24062,Leuven,Onbekend,Onbekend,Dag,met lichtgewonden,3,Fiets,8,Voetganger,Buiten Kruispunt,Gemeenteweg,binnen bebouwde kom,Met een voetganger,Geen hindernis
9774,107,leuven totem,Leuven,50.8870744,4.7087919,0.07054182369108761,50.886643299639296,4.7095296575689165,2018,9,17,24062,Leuven,Onbekend,Onbekend,Dag,met lichtgewonden,4,Vrachtwagen,3,Fiets,Op Kruispunt,Gewestweg,binnen bebouwde kom,Tss. 2 best.: langs opzij (voor-/achterkant-flank),Geen hindernis
9774,77,Leuven teller 2,Leuven,50.88672,4.70796,0.11043816044971051,50.886643299639296,4.7095296575689165,2018,9,17,24062,Leuven,Onbekend,Onbekend,Dag,met lichtgewonden,4,Vrachtwagen,3,Fiets,Op Kruispunt,Gewestweg,binnen bebouwde kom,Tss. 2 best.: langs opzij (voor-/achterkant-flank),Geen hindernis