crash_row_id,site_id,site_name,site_gemeente,site_lat,site_long,distance_km,crash_lat,crash_long,DT_YEAR_COLLISION,DT_MONTH_COLLISION,DT_TIME,CD_NIS,TX_MUNTY_COLLISION_NL,TX_WEATHER_NL,TX_ROAD_CONDITION_NL,TX_LIGHT_CONDITION_NL,TX_CLASS_ACCIDENTS_NL,CD_ROAD_USR_TYPE1,TX_ROAD_USR_TYPE1_NL,CD_ROAD_USR_TYPE2,TX_ROAD_USR_TYPE2_NL,TX_CROSSWAY_NL,CD_ROAD_TYPE_NL,TX_BUILD_UP_AREA_NL,TX_COLLISION_TYPE_NL,TX_OBSTACLES_NL
9793,148,Hoeilaart,District Leuven,50.76699493,4.44471001,0.4701870901083025,50.76436358377486,4.44994328522709,2018,9,14,23033,Hoeilaart,Normaal,Onbekend,Dag,met lichtgewonden,3,Fiets,9,personenauto,Buiten Kruispunt,Gewestweg,buiten bebouwde kom,Tss. 2 best.: langs opzij (voor-/achterkant-flank),Geen hindernis
9932,120,Zele teller 1,Zele,51.0607671,4.0547741,0.05525561468912599,51.06126368135568,4.054803528636167,2018,9,7,42028,Zele,Normaal,Droog,Dag,met zwaargewonden,3,Fiets,4,Vrachtwagen,Op Kruispunt,Gewestweg,buiten bebouwde kom,Tss. 2 best.: langs opzij (voor-/achterkant-flank),Geen hindernis
9932,121,Zele teller 2,Zele,51.0604067,4.0556696,0.11288902227822759,51.06126368135568,4.054803528636167,2018,9,7,42028,Zele,Normaal,Droog,Dag,met zwaargewonden,3,Fiets,4,Vrachtwagen,Op Kruispunt,Gewestweg,buiten bebouwde kom,Tss. 2 best.: langs opzij (voor-/achterkant-flank),Geen hindernis
10038,143,Eco Display Classic Budastraat,Kortrijk,50.83066,3.26286,0.4987048406420223,50.82621349166494,3.2637877872026646,2018,9,12,34022,Kortrijk,Normaal,Droog,Dag,met lichtgewonden,3,Fiets,9,personenauto,Buiten Kruispunt,Gemeenteweg,binnen bebouwde kom,Tss. 2 best.: langs opzij (voor-/achterkant-flank),Geen hindernis
10039,75,Kortrijk teller 2,Kortrijk,50.81925,3.25731,0.4342312287979598,50.8207158890414,3.2630393446694668,2018,9,14,34022,Kortrijk,Normaal,Droog,Dag,met lichtgewonden,9,personenauto,3,Fiets,Op Kruispunt,Gemeenteweg,binnen bebouwde kom,Tss. 2 best.: langs opzij (voor-/achterkant-flank),Geen hindernis
10039,74,Kortrijk teller 1,Kortrijk,50.81909,3.25728,0.4431417362817073,50.8207158890414,3.2630393446694668,2018,9,14,34022,Kortrijk,Normaal,Droog,Dag,met lichtgewonden,9,personenauto,3,Fiets,Op Kruispunt,Gemeenteweg,binnen bebouwde kom,Tss. 2 best.: langs opzij (voor-/achterkant-flank),Geen hindernis
10046,143,Eco Display Classic Budastraat,Kortrijk,50.83066,3.26286,0.48909914817342803,50.83459815060108,3.259757992886863,2018,9,18,34022,Kortrijk,Normaal,Droog,Dag,met lichtgewonden,9,personenauto,3,Fiets,Buiten Kruispunt,Gewestweg,binnen bebouwde kom,Tss. 2 best.: langs opzij (voor-/achterkant-flank),Geen hindernis
10064,64,Nieuwpoort teller 1,Nieuwpoort,51.13359,2.75737,0.08289435528707362,51.13302574614602,2.7565935915151116,2018,7,11,38016,Nieuwpoort,Normaal,Droog,Dag,met lichtgewonden,9,personenauto,3,Fiets,Buiten Kruispunt,Gemeenteweg,binnen bebouwde kom,Tss. 2 best.: langs opzij (voor-/achterkant-flank),Geen hindernis
10064,65,Nieuwpoort teller 2,Nieuwpoort,51.13435,2.75511,0.17999631651624326,51.13302574614602,2.7565935915151116,2018,7,11,38016,Nieuwpoort,Normaal,Droog,Dag,met lichtgewonden,9,personenauto,3,Fiets,Buiten Kruispunt,Gemeenteweg,binnen bebouwde kom,Tss. 2 best.: langs opzij (voor-/achterkant-flank),Geen hindernis
10090,100,Mechelen teller 2,Mechelen,51.0457,4.46883,0.4757951904949246,51.049725243708544,4.466521281574903,2018,9,7,12025,Mechelen,Normaal,Droog,Dag,met lichtgewonden,9,personenauto,3,Fiets,Op Kruispunt,Gewestweg,buiten bebouwde kom,Tss. 2 best.: langs opzij (voor-/achterkant-flank),Geen hindernis
10090,99,Mechelen teller 1,Mechelen,51.04564,4.46882,0.4818431059813998,51.049725243708544,4.466521281574903,2018,9,7,12025,Mechelen,Normaal,Droog,Dag,met lichtgewonden,9,personenauto,3,Fiets,Op Kruispunt,Gewestweg,buiten bebouwde kom,Tss. 2 best.: langs opzij (voor-/achterkant-flank),Geen hindernis
10091,100,Mechelen teller 2,Mechelen,51.0457,4.46883,0.16998078318951032,51.04713217421603,4.467979774631354,2018,9,6,12025,Mechelen,Normaal,Droog,"Nacht, openbare verlichting aanwezig en ontstoken",met lichtgewonden,3,Fiets,3,Fiets,Buiten Kruispunt,Gewestweg,binnen bebouwde kom,Tussen 2 bestuurders: Frontale botsing,Geen hindernis
10091,99,Mechelen teller 1,Mechelen,51.04564,4.46882,0.17601224910258248,51.04713217421603,4.467979774631354,2018,9,6,12025,Mechelen,Normaal,Droog,"Nacht, openbare verlichting aanwezig en ontstoken",met lichtgewonden,3,Fiets,3,Fiets,Buiten Kruispunt,Gewestweg,binnen bebouwde kom,Tussen 2 bestuurders: Frontale botsing,Geen hindernis
10100,99,Mechelen teller 1,Mechelen,51.04564,4.46882,0.1302453679439912,51.04455487467302,4.469521480605486,2018,9,6,12025,Mechelen,Normaal,Droog,Dageraad - schemering,met lichtgewonden,6,Bromfiets,3,Fiets,Buiten Kruispunt,Gewestweg,binnen bebouwde kom,Tussen 2 bestuurders: Frontale botsing,Geen hindernis
10100,100,Mechelen teller 2,Mechelen,51.0457,4.46883,0.13619950648745027,51.04455487467302,4.469521480605486,2018,9,6,12025,Mechelen,Normaal,Droog,Dageraad - schemering,met lichtgewonden,6,Bromfiets,3,Fiets,Buiten Kruispunt,Gewestweg,binnen bebouwde kom,Tussen 2 bestuurders: Frontale botsing,Geen hindernis
10109,138,Hasselt-Kempische brug,Hasselt,50.9405318,5.3422472,0.3151359929687238,50.93784039207889,5.340838158233632,2018,9,8,71022,Hasselt,Normaal,Droog,Dag,met lichtgewonden,3,Fiets,9,personenauto,Op Kruispunt,Gewestweg,binnen bebouwde kom,Tss. 2 best.: langs opzij (voor-/achterkant-flank),Geen hindernis
10109,137,Hasselt-Kempische brug,Hasselt,50.9411605,5.3417576,0.37475816538959594,50.93784039207889,5.340838158233632,2018,9,8,71022,Hasselt,Normaal,Droog,Dag,met lichtgewonden,3,Fiets,9,personenauto,Op Kruispunt,Gewestweg,binnen bebouwde kom,Tss. 2 best.: langs opzij (voor-/achterkant-flank),Geen hindernis
10289,9,Heist op den Berg 2,Heist-op-den-Berg,51.06904,4.69524,0.1954716869955481,51.069732695567126,4.697811203063186,2018,10,8,12014,Heist-op-den-Berg,Normaal,Droog,Dag,met lichtgewonden,3,Fiets,5,Lichte vrachtauto,Op Kruispunt,Gewestweg,binnen bebouwde kom,Tussen 2 bestuurders: Frontale botsing,Geen hindernis
10324,37,Lommel teller 1,Lommel,51.23299,5.29211,0.13428434913970794,51.23297359555292,5.294038494656519,2018,10,15,72020,Lommel,Normaal,Droog,Dag,met lichtgewonden,3,Fiets,3,Fiets,Buiten Kruispunt,Gewestweg,buiten bebouwde kom,Tss. 2 best.: langs opzij (voor-/achterkant-flank),Geen hindernis
10324,38,Lommel teller 2,Lommel,51.23277,5.29189,0.15129324517810183,51.23297359555292,5.294038494656519,2018,10,15,72020,Lommel,Normaal,Droog,Dag,met lichtgewonden,3,Fiets,3,Fiets,Buiten Kruispunt,Gewestweg,buiten bebouwde kom,Tss. 2 best.: langs opzij (voor-/achterkant-flank),Geen hindernis
10354,25,Bree,Bree,51.13679500160176,5.597669323604317,0.2554030423736034,51.13805615632656,5.594609833320151,2018,10,16,72004,Bree,Normaal,Droog,Dag,met lichtgewonden,9,personenauto,3,Fiets,Op Kruispunt,Gewestweg,binnen bebouwde kom,Tussen 2 bestuurders: Frontale botsing,Geen hindernis
10359,25,Bree,Bree,51.13679500160176,5.597669323604317,0.1673994688681867,51.13829354392847,5.597899063350158,2018,10,12,72004,Bree,Normaal,Droog,Dag,met lichtgewonden,3,Fiets,3,Fiets,Buiten Kruispunt,Gemeenteweg,binnen bebouwde kom,Tussen 2 bestuurders: Frontale botsing,Geen hindernis
10369,69,Leuven teller 1,Leuven,50.87549,4.71526,0.3670501185528618,50.87278788628542,4.718264676068715,2018,10,20,24062,Leuven,Normaal,Droog,Dageraad - schemering,met lichtgewonden,6,Bromfiets,3,Fiets,Op Kruispunt,Gewestweg,binnen bebouwde kom,Tss. 2 best.: langs opzij (voor-/achterkant-flank),Geen hindernis
10371,69,Leuven teller 1,Leuven,50.87549,4.71526,0.42428647845039363,50.87644982045099,4.7094073832029535,2018,10,8,24062,Leuven,Normaal,Droog,Dageraad - schemering,met lichtgewonden,9,personenauto,3,Fiets,Op Kruispunt,Gemeenteweg,binnen bebouwde kom,Tss. 2 best.: langs opzij (voor-/achterkant-flank),Geen hindernis
10372,151,Leuven,District Leuven,50.8690262,4.6854839,0.1445523307409489,50.870322772707034,4.685334629694695,2018,10,17,24062,Leuven,Normaal,Droog,Dag,met lichtgewonden,3,Fiets,11,een weggebruiker tegen een hindernis,Buiten Kruispunt,Gemeenteweg,binnen bebouwde kom,Weggebruiker tegen hindernis buiten rijbaan,Andere hindernis
10377,151,Leuven,District Leuven,50.8690262,4.6854839,0.324139558322405,50.8661444060182,4.684788124552913,2018,10,16,24062,Leuven,Normaal,Droog,Dag,met lichtgewonden,3,Fiets,3,Fiets,Buiten Kruispunt,Gemeenteweg,binnen bebouwde kom,Tss. 2 best.: langs opzij (voor-/achterkant-flank),Geen hindernis
10390,23,Tienen 3,Tienen,50.81324,4.93447,0.42993702748500146,50.81180734935018,4.928786297424366,2018,10,10,24107,Tienen,Normaal,Droog,Dag,met lichtgewonden,9,personenauto,3,Fiets,Op Kruispunt,Gewestweg,binnen bebouwde kom,Tss. 2 best.: langs opzij (voor-/achterkant-flank),Geen hindernis
10390,24,Tienen 1,Tienen,50.8133795491886,4.935044252605416,0.4731612015298723,50.81180734935018,4.928786297424366,2018,10,10,24107,Tienen,Normaal,Droog,Dag,met lichtgewonden,9,personenauto,3,Fiets,Op Kruispunt,Gewestweg,binnen bebouwde kom,Tss. 2 best.: langs opzij (voor-/achterkant-flank),Geen hindernis
10403,101,Diest teller 1,Diest,50.97799,5.04481,0.0350949406238372,50.978280315801484,5.045006653137968,2018,10,9,24020,Diest,Normaal,Droog,Dag,met lichtgewonden,9,personenauto,3,Fiets,Op Kruispunt,Gewestweg,binnen bebouwde kom,Tss. 2 best.: langs opzij (voor-/achterkant-flank),Geen hindernis
10403,102,Diest teller 2,Diest,50.9779,5.04474,0.046226472584104075,50.978280315801484,5.045006653137968,2018,10,9,24020,Diest,Normaal,Droog,Dag,met lichtgewonden,9,personenauto,3,Fiets,Op Kruispunt,Gewestweg,binnen bebouwde kom,Tss. 2 best.: langs opzij (voor-/achterkant-flank),Geen hindernis
10473,118,Gent teller 1,Gent,51.028049,3.7681359,0.3992390843964919,51.027133511229,3.7626159249409885,2018,10,17,44021,Gent,Normaal,Droog,Dag,met lichtgewonden,9,personenauto,3,Fiets,Buiten Kruispunt,Gemeenteweg,binnen bebouwde kom,Tss. 2 best.: langs opzij (voor-/achterkant-flank),Geen hindernis
10473,119,Gent teller 2,Gent,51.0281795,3.7683918,0.42035015133994036,51.027133511229,3.7626159249409885,2018,10,17,44021,Gent,Normaal,Droog,Dag,met lichtgewonden,9,personenauto,3,Fiets,Buiten Kruispunt,Gemeenteweg,binnen bebouwde kom,Tss. 2 best.: langs opzij (voor-/achterkant-flank),Geen hindernis
10518,6,Evergem 2,Evergem,51.10894,3.70298,0.328136117534793,51.11077331251523,3.6992967751017822,2018,10,9,44019,Evergem,Normaal,Droog,Dag,met lichtgewonden,3,Fiets,10,"één bestuurder, geen hindernis",Op Kruispunt,Gewestweg,binnen bebouwde kom,"Eén bestuurder, geen hindernis (incl. val)",Geen hindernis
10518,7,Evergem 1,Evergem,51.1089,3.70317,0.34132648616204786,51.11077331251523,3.6992967751017822,2018,10,9,44019,Evergem,Normaal,Droog,Dag,met lichtgewonden,3,Fiets,10,"één bestuurder, geen hindernis",Op Kruispunt,Gewestweg,binnen bebouwde kom,"Eén bestuurder, geen hindernis (incl. val)",Geen hindernis
10519,6,Evergem 2,Evergem,51.10894,3.70298,0.31432130216138177,51.11088235783097,3.69970883258636,2018,10,8,44019,Evergem,Normaal,Droog,Dageraad - schemering,met lichtgewonden,9,personenauto,3,Fiets,Buiten Kruispunt,Gemeenteweg,binnen bebouwde kom,Tss. 2 best.: langs opzij (voor-/achterkant-flank),Geen hindernis
10519,7,Evergem 1,Evergem,51.1089,3.70317,0.3270673494382436,51.11088235783097,3.69970883258636,2018,10,8,44019,Evergem,Normaal,Droog,Dageraad - schemering,met lichtgewonden,9,personenauto,3,Fiets,Buiten Kruispunt,Gemeenteweg,binnen bebouwde kom,Tss. 2 best.: langs opzij (voor-/achterkant-flank),Geen hindernis
10698,17,Kortrijk 2,Kortrijk,50.83339,3.27773,0.386467249820909,50.833245229198994,3.27223176549722,2018,10,11,34022,Kortrijk,Normaal,Droog,Dag,met lichtgewonden,3,Fiets,2,Andere weggebruiker,Buiten Kruispunt,Gewestweg,binnen bebouwde kom,Tss. 2 best.: langs opzij (voor-/achterkant-flank),Geen hindernis
10698,16,Kortrijk 1,Kortrijk,50.83332,3.27777,0.38903011610076,50.833245229198994,3.27223176549722,2018,10,11,34022,Kortrijk,Normaal,Droog,Dag,met lichtgewonden,3,Fiets,2,Andere weggebruiker,Buiten Kruispunt,Gewestweg,binnen bebouwde kom,Tss. 2 best.: langs opzij (voor-/achterkant-flank),Geen hindernis
10699,17,Kortrijk 2,Kortrijk,50.83339,3.27773,0.4444441588689381,50.83403303458583,3.271483824052507,2018,10,16,34022,Kortrijk,Normaal,Droog,Dag,met lichtgewonden,5,Lichte vrachtauto,3,Fiets,Op Kruispunt,Gewestweg,binnen bebouwde kom,Tss. 2 best.: langs opzij (voor-/achterkant-flank),Geen hindernis
10699,16,Kortrijk 1,Kortrijk,50.83332,3.27777,0.4485275163984999,50.83403303458583,3.271483824052507,2018,10,16,34022,Kortrijk,Normaal,Droog,Dag,met lichtgewonden,5,Lichte vrachtauto,3,Fiets,Op Kruispunt,Gewestweg,binnen bebouwde kom,Tss. 2 best.: langs opzij (voor-/achterkant-flank),Geen hindernis
10703,75,Kortrijk teller 2,Kortrijk,50.81925,3.25731,0.029325817037671672,50.8194242365257,3.2576233781181587,2018,10,7,34022,Kortrijk,Normaal,Droog,Dag,met zwaargewonden,4,Vrachtwagen,3,Fiets,Op Kruispunt,Gewestweg,binnen bebouwde kom,Tss. 2 best.: langs opzij (voor-/achterkant-flank),Geen hindernis
10703,74,Kortrijk teller 1,Kortrijk,50.81909,3.25728,0.04430739062769007,50.8194242365257,3.2576233781181587,2018,10,7,34022,Kortrijk,Normaal,Droog,Dag,met zwaargewonden,4,Vrachtwagen,3,Fiets,Op Kruispunt,Gewestweg,binnen bebouwde kom,Tss. 2 best.: langs opzij (voor-/achterkant-flank),Geen hindernis
10709,75,Kortrijk teller 2,Kortrijk,50.81925,3.25731,0.47313613307517577,50.82336099626601,3.2590475219901514,2018,10,17,34022,Kortrijk,Onbekend,Onbekend,Dag,met lichtgewonden,9,personenauto,3,Fiets,Op Kruispunt,Gewestweg,binnen bebouwde kom,Tss. 2 best.: langs opzij (voor-/achterkant-flank),Geen hindernis
10709,74,Kortrijk teller 1,Kortrijk,50.81909,3.25728,0.4908754825911909,50.82336099626601,3.2590475219901514,2018,10,17,34022,Kortrijk,Onbekend,Onbekend,Dag,met lichtgewonden,9,personenauto,3,Fiets,Op Kruispunt,Gewestweg,binnen bebouwde kom,Tss. 2 best.: langs opzij (voor-/achterkant-flank),Geen hindernis
10764,140,Hasselt ring,Hasselt,50.9300038,5.3438616,0.22487713411186375,50.93193566225613,5.3448107907481415,2018,10,22,71022,Hasselt,Normaal,Droog,"Nacht, openbare verlichting aanwezig en ontstoken",met lichtgewonden,3,Fiets,9,personenauto,Op Kruispunt,Gewestweg,binnen bebouwde kom,Tss. 2 best.: langs opzij (voor-/achterkant-flank),Geen hindernis
10766,138,Hasselt-Kempische brug,Hasselt,50.9405318,5.3422472,0.45636101065105933,50.93659683588291,5.340396465681363,2018,10,10,71022,Hasselt,Normaal,Droog,Dag,met zwaargewonden,3,Fiets,9,personenauto,Buiten Kruispunt,Gewestweg,binnen bebouwde kom,Tss. 2 best.: langs opzij (voor-/achterkant-flank),Geen hindernis
10948,94,Herentals teller 2,Herentals,51.17345,4.81283,0.40883969008378074,51.17478905617744,4.81829175061335,2018,11,14,13011,Herentals,Normaal,Droog,Dag,met lichtgewonden,3,Fiets,5,Lichte vrachtauto,Op Kruispunt,Gewestweg,onbekend,Tss. 2 best.: langs opzij (voor-/achterkant-flank),Geen hindernis
10948,110,Herentals totem,Herentals,51.1739426,4.811783,0.46340961164885525,51.17478905617744,4.81829175061335,2018,11,14,13011,Herentals,Normaal,Droog,Dag,met lichtgewonden,3,Fiets,5,Lichte vrachtauto,Op Kruispunt,Gewestweg,onbekend,Tss. 2 best.: langs opzij (voor-/achterkant-flank),Geen hindernis
10966,21,Bilzen,Bilzen,50.86015,5.50161,0.25324500763827407,50.86211279368626,5.503440090906772,2018,11,15,73006,Bilzen,Normaal,Droog,Dag,met zwaargewonden,3,Fiets,8,Voetganger,Buiten Kruispunt,Gewestweg,buiten bebouwde kom,Met een voetganger,Geen hindernis
10970,25,Bree,Bree,51.13679500160176,5.597669323604317,0.49914644886229903,51.140899219011885,5.594771469551717,2018,11,12,72004,Bree,Normaal,Droog,Dag,met lichtgewonden,9,personenauto,3,Fiets,Op Kruispunt,Gewestweg,binnen bebouwde kom,Tss. 2 best.: langs opzij (voor-/achterkant-flank),Geen hindernis
10979,69,Leuven teller 1,Leuven,50.87549,4.71526,0.21051247759175987,50.87366810902584,4.714444423409694,2018,11,7,24062,Leuven,Normaal,Droog,Dag,met lichtgewonden,9,personenauto,3,Fiets,Op Kruispunt,Gewestweg,binnen bebouwde kom,Tussen 2 bestuurders: Frontale botsing,Geen hindernis
11011,27,Grimbergen,Meise,50.92127,4.34013,0.2425887638050439,50.91916406238954,4.341033819449691,2018,11,7,23025,Grimbergen,Onbekend,Onbekend,Dag,met lichtgewonden,3,Fiets,9,personenauto,Op Kruispunt,Gewestweg,buiten bebouwde kom,Tss. 2 best.: langs opzij (voor-/achterkant-flank),Geen hindernis
11241,143,Eco Display Classic Budastraat,Kortrijk,50.83066,3.26286,0.48235149451016546,50.82895431398914,3.2565453851715795,2018,11,8,34022,Kortrijk,Normaal,Droog,Dag,met lichtgewonden,9,personenauto,3,Fiets,Op Kruispunt,Gemeenteweg,binnen bebouwde kom,Tss. 2 best.: langs opzij (voor-/achterkant-flank),Geen hindernis
11347,69,Leuven teller 1,Leuven,50.87549,4.71526,0.4321609629437613,50.879376154704715,4.715344090559356,2018,12,16,24062,Leuven,Normaal,Droog,"Nacht, openbare verlichting aanwezig en ontstoken",met lichtgewonden,3,Fiets,3,Fiets,Buiten Kruispunt,Gewestweg,binnen bebouwde kom,Tss. 2 best.: langs opzij (voor-/achterkant-flank),Geen hindernis
11363,118,Gent teller 1,Gent,51.028049,3.7681359,0.22192350185106477,51.02938022433255,3.7657716158429806,2018,12,21,44021,Gent,Normaal,"Nat, plassen","Nacht, openbare verlichting aanwezig en ontstoken",met lichtgewonden,6,Bromfiets,3,Fiets,Buiten Kruispunt,Gewestweg,binnen bebouwde kom,Tss. 2 best.: langs opzij (voor-/achterkant-flank),Geen hindernis
11363,119,Gent teller 2,Gent,51.0281795,3.7683918,0.2267218971176749,51.02938022433255,3.7657716158429806,2018,12,21,44021,Gent,Normaal,"Nat, plassen","Nacht, openbare verlichting aanwezig en ontstoken",met lichtgewonden,6,Bromfiets,3,Fiets,Buiten Kruispunt,Gewestweg,binnen bebouwde kom,Tss. 2 best.: langs opzij (voor-/achterkant-flank),Geen hindernis
11391,15,Oostende 2,Oostende,51.21371,2.92743,0.4613069526188462,51.20995905830287,2.9302593945806117,2018,12,7,35013,Oostende,Regenval,"Nat, plassen",Dageraad - schemering,met lichtgewonden,9,personenauto,3,Fiets,Op Kruispunt,Gemeenteweg,binnen bebouwde kom,Tss. 2 best.: langs opzij (voor-/achterkant-flank),Geen hindernis
11391,18,Oostende 1,Oostende,51.21378,2.92765,0.4621166424629185,51.20995905830287,2.9302593945806117,2018,12,7,35013,Oostende,Regenval,"Nat, plassen",Dageraad - schemering,met lichtgewonden,9,personenauto,3,Fiets,Op Kruispunt,Gemeenteweg,binnen bebouwde kom,Tss. 2 best.: langs opzij (voor-/achterkant-flank),Geen hindernis
11409,124,Beveren teller 2,Beveren,51.1964712,4.2361077,0.31423810908035466,51.19928921049731,4.235768586068178,2018,12,17,46003,Beveren,Normaal,Droog,"Nacht, openbare verlichting aanwezig en ontstoken",met lichtgewonden,9,personenauto,3,Fiets,Op Kruispunt,Gewestweg,binnen bebouwde kom,Tss. 2 best.: langs opzij (voor-/achterkant-flank),Geen hindernis
11556,13,Gent,Gent,51.03018,3.70146,0.14269551273354933,51.0313212502949,3.7005268782191836,2018,12,8,44021,Gent,Onbekend,Onbekend,Onbekend,met lichtgewonden,3,Fiets,2,Andere weggebruiker,Buiten Kruispunt,Gemeenteweg,onbekend,Tussen 2 bestuurders: Flank tegen flank,Geen hindernis
11643,67,Ieper totem,Ieper,50.85018,2.85624,0.22808836841815372,50.849898210431476,2.859458172356224,2018,12,16,33011,Ieper,Regenval,"Nat, plassen","Nacht, openbare verlichting aanwezig en ontstoken",met lichtgewonden,5,Lichte vrachtauto,3,Fiets,Op Kruispunt,Gewestweg,binnen bebouwde kom,Tss. 2 best.: langs opzij (voor-/achterkant-flank),Geen hindernis
11643,68,Ieper,Ieper,50.85032,2.85608,0.24175117522593523,50.849898210431476,2.859458172356224,2018,12,16,33011,Ieper,Regenval,"Nat, plassen","Nacht, openbare verlichting aanwezig en ontstoken",met lichtgewonden,5,Lichte vrachtauto,3,Fiets,Op Kruispunt,Gewestweg,binnen bebouwde kom,Tss. 2 best.: langs opzij (voor-/achterkant-flank),Geen hindernis
11769,110,Herentals totem,Herentals,51.1739426,4.811783,0.4738811208021888,51.17646867008192,4.806308205100924,2019,1,14,13011,Herentals,Normaal,"Nat, plassen",Dag,met lichtgewonden,3,Fiets,5,Lichte vrachtauto,Buiten Kruispunt,Gemeenteweg,buiten bebouwde kom,Tss. 2 best.: langs opzij (voor-/achterkant-flank),Geen hindernis
11800,44,Maaseik teller 2,Maaseik,51.09359,5.79726,0.3997364649109616,51.09622812613818,5.793371550140307,2019,1,15,72021,Maaseik,Normaal,Droog,Dag,met lichtgewonden,9,personenauto,3,Fiets,Op Kruispunt,Gewestweg,binnen bebouwde kom,Tss. 2 best.: langs opzij (voor-/achterkant-flank),Geen hindernis
11800,43,Maaseik teller 1,Maaseik,51.09344,5.79715,0.4071122283688435,51.09622812613818,5.793371550140307,2019,1,15,72021,Maaseik,Normaal,Droog,Dag,met lichtgewonden,9,personenauto,3,Fiets,Op Kruispunt,Gewestweg,binnen bebouwde kom,Tss. 2 best.: langs opzij (voor-/achterkant-flank),Geen hindernis
11805,151,Leuven,District Leuven,50.8690262,4.6854839,0.428571001236505,50.870135261753134,4.691332876068482,2019,1,17,24062,Leuven,Normaal,Proper,"Nacht, openbare verlichting aanwezig en ontstoken",met lichtgewonden,9,personenauto,3,Fiets,Buiten Kruispunt,Gewestweg,binnen bebouwde kom,Tss. 2 best.: langs opzij (voor-/achterkant-flank),Geen hindernis
11859,136,Gent R4,Gent,51.0876313,3.7587918,0.4894495858146331,51.09202145149219,3.7582839211928376,2019,1,7,44021,Gent,Normaal,"Nat, plassen","Nacht, openbare verlichting aanwezig en ontstoken",met lichtgewonden,9,personenauto,3,Fiets,Op Kruispunt,Gemeenteweg,binnen bebouwde kom,Tss. 2 best.: langs opzij (voor-/achterkant-flank),Geen hindernis
11999,42,Maasmechelen teller 2,Maasmechelen,50.97043,5.6981,0.06945457153458556,50.97105001422321,5.698220233435995,2019,1,8,73107,Maasmechelen,Normaal,Droog,Dag,met lichtgewonden,5,Lichte vrachtauto,3,Fiets,Op Kruispunt,Gewestweg,binnen bebouwde kom,Tss. 2 best.: langs opzij (voor-/achterkant-flank),Geen hindernis
11999,41,Maasmechelen teller 1,Maasmechelen,50.97025,5.69799,0.09040650873704086,50.97105001422321,5.698220233435995,2019,1,8,73107,Maasmechelen,Normaal,Droog,Dag,met lichtgewonden,5,Lichte vrachtauto,3,Fiets,Op Kruispunt,Gewestweg,binnen bebouwde kom,Tss. 2 best.: langs opzij (voor-/achterkant-flank),Geen hindernis
12000,41,Maasmechelen teller 1,Maasmechelen,50.97025,5.69799,0.3931780393121687,50.966834831314124,5.696535097797564,2019,1,8,73107,Maasmechelen,Normaal,Droog,Onbekend,met lichtgewonden,9,personenauto,3,Fiets,Op Kruispunt,Gewestweg,binnen bebouwde kom,Tss. 2 best.: langs opzij (voor-/achterkant-flank),Geen hindernis
12000,42,Maasmechelen teller 2,Maasmechelen,50.97043,5.6981,0.41451150217763383,50.966834831314124,5.696535097797564,2019,1,8,73107,Maasmechelen,Normaal,Droog,Onbekend,met lichtgewonden,9,personenauto,3,Fiets,Op Kruispunt,Gewestweg,binnen bebouwde kom,Tss. 2 best.: langs opzij (voor-/achterkant-flank),Geen hindernis
12005,124,Beveren teller 2,Beveren,51.1964712,4.2361077,0.39052929041321505,51.199967196244536,4.236644048150996,2019,1,7,46003,Beveren,Sneeuwval,"Ijzel, sneeuw","Nacht, openbare verlichting aanwezig en ontstoken",met lichtgewonden,6,Bromfiets,3,Fiets,Buiten Kruispunt,Gewestweg,buiten bebouwde kom,Tussen 2 bestuurders: Frontale botsing,Geen hindernis
12160,135,Retie 2,Dessel,51.2544998,5.1040064,0.2731315940746873,51.252599161129325,5.106492518818529,2019,2,10,13006,Dessel,Normaal,Droog,Dag,met lichtgewonden,9,personenauto,3,Fiets,Op Kruispunt,Gewestweg,buiten bebouwde kom,Tussen 2 bestuurders: Frontale botsing,Geen hindernis
12160,134,Retie,Dessel,51.2548405,5.1037658,0.3132464432243902,51.252599161129325,5.106492518818529,2019,2,10,13006,Dessel,Normaal,Droog,Dag,met lichtgewonden,9,personenauto,3,Fiets,Op Kruispunt,Gewestweg,buiten bebouwde kom,Tussen 2 bestuurders: Frontale botsing,Geen hindernis
12199,25,Bree,Bree,51.13679500160176,5.597669323604317,0.3006876571208314,51.136188467116746,5.593469504278103,2019,2,17,72004,Bree,"Andere (dikke rook,...)",Droog,Dag,met lichtgewonden,3,Fiets,10,"één bestuurder, geen hindernis",Op Kruispunt,Gewestweg,buiten bebouwde kom,"Eén bestuurder, geen hindernis (incl. val)",Geen hindernis
12288,119,Gent teller 2,Gent,51.0281795,3.7683918,0.49066674971277224,51.0247582024903,3.7728226383177237,2019,2,7,44040,Melle,Normaal,Droog,Dageraad - schemering,met lichtgewonden,8,Voetganger,3,Fiets,Op Kruispunt,Gewestweg,buiten bebouwde kom,Met een voetganger,Geen hindernis
12288,118,Gent teller 1,Gent,51.028049,3.7681359,0.49125966760006845,51.0247582024903,3.7728226383177237,2019,2,7,44040,Melle,Normaal,Droog,Dageraad - schemering,met lichtgewonden,8,Voetganger,3,Fiets,Op Kruispunt,Gewestweg,buiten bebouwde kom,Met een voetganger,Geen hindernis