crash_row_id,site_id,site_name,site_gemeente,site_lat,site_long,distance_km,crash_lat,crash_long,DT_YEAR_COLLISION,DT_MONTH_COLLISION,DT_TIME,CD_NIS,TX_MUNTY_COLLISION_NL,TX_WEATHER_NL,TX_ROAD_CONDITION_NL,TX_LIGHT_CONDITION_NL,TX_CLASS_ACCIDENTS_NL,CD_ROAD_USR_TYPE1,TX_ROAD_USR_TYPE1_NL,CD_ROAD_USR_TYPE2,TX_ROAD_USR_TYPE2_NL,TX_CROSSWAY_NL,CD_ROAD_TYPE_NL,TX_BUILD_UP_AREA_NL,TX_COLLISION_TYPE_NL,TX_OBSTACLES_NL
14040,23,Tienen 3,Tienen,50.81324,4.93447,0.04606298778421636,50.81305289451377,4.935054934931166,2019,3,12,24107,Tienen,Normaal,Droog,Dag,met lichtgewonden,3,Fiets,9,personenauto,Buiten Kruispunt,Gewestweg,binnen bebouwde kom,Tussen 2 bestuurders: Flank tegen flank,Geen hindernis
14040,22,Tienen 2,Tienen,50.81330800184882,4.935984252796022,0.07118840947257453,50.81305289451377,4.935054934931166,2019,3,12,24107,Tienen,Normaal,Droog,Dag,met lichtgewonden,3,Fiets,9,personenauto,Buiten Kruispunt,Gewestweg,binnen bebouwde kom,Tussen 2 bestuurders: Flank tegen flank,Geen hindernis
14041,22,Tienen 2,Tienen,50.81330800184882,4.935984252796022,0.48678099834110955,50.809042201514934,4.937540857539957,2019,3,7,24107,Tienen,Normaal,Droog,Dag,met lichtgewonden,3,Fiets,8,Voetganger,Buiten Kruispunt,Gemeenteweg,buiten bebouwde kom,Met een voetganger,Geen hindernis
14042,22,Tienen 2,Tienen,50.81330800184882,4.935984252796022,0.4133204563664464,50.80965354293628,4.937059502848386,2019,3,15,24107,Tienen,Onbekend,Onbekend,Dag,met lichtgewonden,6,Bromfiets,3,Fiets,Op Kruispunt,Gemeenteweg,binnen bebouwde kom,Tss. 2 best.: langs opzij (voor-/achterkant-flank),Geen hindernis
14042,24,Tienen 1,Tienen,50.8133795491886,4.935044252605416,0.4378402083284337,50.80965354293628,4.937059502848386,2019,3,15,24107,Tienen,Onbekend,Onbekend,Dag,met lichtgewonden,6,Bromfiets,3,Fiets,Op Kruispunt,Gemeenteweg,binnen bebouwde kom,Tss. 2 best.: langs opzij (voor-/achterkant-flank),Geen hindernis
14042,23,Tienen 3,Tienen,50.81324,4.93447,0.43833877862598536,50.80965354293628,4.937059502848386,2019,3,15,24107,Tienen,Onbekend,Onbekend,Dag,met lichtgewonden,6,Bromfiets,3,Fiets,Op Kruispunt,Gemeenteweg,binnen bebouwde kom,Tss. 2 best.: langs opzij (voor-/achterkant-flank),Geen hindernis
14225,43,Maaseik teller 1,Maaseik,51.09344,5.79715,0.3952932784384872,51.09383328317954,5.791524429716376,2019,6,12,72021,Maaseik,Normaal,Droog,Dag,met lichtgewonden,5,Lichte vrachtauto,3,Fiets,Buiten Kruispunt,Gewestweg,binnen bebouwde kom,Tss. 2 best.: langs opzij (voor-/achterkant-flank),Geen hindernis
14225,44,Maaseik teller 2,Maaseik,51.09359,5.79726,0.40146062065406424,51.09383328317954,5.791524429716376,2019,6,12,72021,Maaseik,Normaal,Droog,Dag,met lichtgewonden,5,Lichte vrachtauto,3,Fiets,Buiten Kruispunt,Gewestweg,binnen bebouwde kom,Tss. 2 best.: langs opzij (voor-/achterkant-flank),Geen hindernis
14421,10,Aalst 2,Aalst,50.93549,4.01571,0.4786827760302317,50.93943157526531,4.018456778523198,2019,6,12,41002,Aalst,Normaal,Droog,Dag,met lichtgewonden,3,Fiets,11,een weggebruiker tegen een hindernis,Op Kruispunt,Gewestweg,binnen bebouwde kom,Weggebruiker tegen hindernis op de rijbaan,"Op de rijbaan: Werken (signal., aarde, toestel,…)"
14435,125,Dendermonde totem,Dendermonde,51.0372706,4.1025998,0.48803455769820014,51.03302316616406,4.104358147440273,2019,6,11,42006,Dendermonde,Normaal,Droog,Dag,met lichtgewonden,9,personenauto,3,Fiets,Op Kruispunt,Gewestweg,binnen bebouwde kom,Tss. 2 best.: langs opzij (voor-/achterkant-flank),Geen hindernis
14479,55,Torhout teller 1,Torhout,51.07161,3.08261,0.41402975982934775,51.07108167123371,3.088475795950188,2019,6,13,31033,Torhout,Normaal,Droog,Dag,met lichtgewonden,3,Fiets,9,personenauto,Op Kruispunt,Gemeenteweg,binnen bebouwde kom,Tss. 2 best.: langs opzij (voor-/achterkant-flank),Geen hindernis
14479,56,Torhout teller 2,Torhout,51.07147,3.08244,0.42392400158518606,51.07108167123371,3.088475795950188,2019,6,13,31033,Torhout,Normaal,Droog,Dag,met lichtgewonden,3,Fiets,9,personenauto,Op Kruispunt,Gemeenteweg,binnen bebouwde kom,Tss. 2 best.: langs opzij (voor-/achterkant-flank),Geen hindernis
14504,16,Kortrijk 1,Kortrijk,50.83332,3.27777,0.08330880892956541,50.833266195786685,3.2789531929038764,2019,6,17,34022,Kortrijk,Normaal,Droog,Dag,met lichtgewonden,3,Fiets,9,personenauto,Buiten Kruispunt,Gewestweg,binnen bebouwde kom,Tussen 2 bestuurders: Flank tegen flank,Geen hindernis
14504,17,Kortrijk 2,Kortrijk,50.83339,3.27773,0.08699885676525247,50.833266195786685,3.2789531929038764,2019,6,17,34022,Kortrijk,Normaal,Droog,Dag,met lichtgewonden,3,Fiets,9,personenauto,Buiten Kruispunt,Gewestweg,binnen bebouwde kom,Tussen 2 bestuurders: Flank tegen flank,Geen hindernis
14546,140,Hasselt ring,Hasselt,50.9300038,5.3438616,0.17289508932051756,50.929578312471136,5.341488762190037,2019,6,14,71022,Hasselt,Normaal,Droog,Dag,met lichtgewonden,3,Fiets,8,Voetganger,Buiten Kruispunt,Gemeenteweg,binnen bebouwde kom,Met een voetganger,Geen hindernis
14556,23,Tienen 3,Tienen,50.81324,4.93447,0.44626061487103547,50.81234260307698,4.928279192581891,2019,6,13,24107,Tienen,Normaal,Droog,Dag,met zwaargewonden,3,Fiets,11,een weggebruiker tegen een hindernis,Op Kruispunt,Gewestweg,binnen bebouwde kom,Weggebruiker tegen hindernis buiten rijbaan,Buiten de rijbaan: Verlichtingspaal
14556,24,Tienen 1,Tienen,50.8133795491886,4.935044252605416,0.4890926671396642,50.81234260307698,4.928279192581891,2019,6,13,24107,Tienen,Normaal,Droog,Dag,met zwaargewonden,3,Fiets,11,een weggebruiker tegen een hindernis,Op Kruispunt,Gewestweg,binnen bebouwde kom,Weggebruiker tegen hindernis buiten rijbaan,Buiten de rijbaan: Verlichtingspaal
14715,110,Herentals totem,Herentals,51.1739426,4.811783,0.34803584479054606,51.17677512952864,4.809658863124588,2019,7,19,13011,Herentals,Normaal,Droog,Dag,met lichtgewonden,3,Fiets,9,personenauto,Buiten Kruispunt,Gemeenteweg,binnen bebouwde kom,Tss. 2 best.: langs opzij (voor-/achterkant-flank),Geen hindernis
14715,94,Herentals teller 2,Herentals,51.17345,4.81283,0.43078680545867215,51.17677512952864,4.809658863124588,2019,7,19,13011,Herentals,Normaal,Droog,Dag,met lichtgewonden,3,Fiets,9,personenauto,Buiten Kruispunt,Gemeenteweg,binnen bebouwde kom,Tss. 2 best.: langs opzij (voor-/achterkant-flank),Geen hindernis
14756,69,Leuven teller 1,Leuven,50.87549,4.71526,0.38652187209075656,50.877431782624576,4.7106907788874555,2019,7,21,24062,Leuven,Normaal,Droog,Dageraad - schemering,met lichtgewonden,3,Fiets,9,personenauto,Op Kruispunt,Gemeenteweg,binnen bebouwde kom,Tss. 2 best.: langs opzij (voor-/achterkant-flank),Geen hindernis
14767,151,Leuven,District Leuven,50.8690262,4.6854839,0.19978777455058283,50.870770450790125,4.686167005934848,2019,7,9,24062,Leuven,Normaal,Droog,Dag,met lichtgewonden,9,personenauto,3,Fiets,Buiten Kruispunt,Gemeenteweg,buiten bebouwde kom,Tussen 2 bestuurders: Langs achteren,Geen hindernis
14768,77,Leuven teller 2,Leuven,50.88672,4.70796,0.3355642347500892,50.884499638154544,4.704720349728411,2019,7,15,24062,Leuven,Normaal,Droog,Dag,met zwaargewonden,3,Fiets,9,personenauto,Op Kruispunt,Gemeenteweg,binnen bebouwde kom,Tss. 2 best.: langs opzij (voor-/achterkant-flank),Geen hindernis
14768,107,leuven totem,Leuven,50.8870744,4.7087919,0.40440673149733863,50.884499638154544,4.704720349728411,2019,7,15,24062,Leuven,Normaal,Droog,Dag,met zwaargewonden,3,Fiets,9,personenauto,Op Kruispunt,Gemeenteweg,binnen bebouwde kom,Tss. 2 best.: langs opzij (voor-/achterkant-flank),Geen hindernis
14769,69,Leuven teller 1,Leuven,50.87549,4.71526,0.4784108433417839,50.873969895911515,4.708881467000433,2019,7,15,24062,Leuven,Normaal,Proper,Dag,met lichtgewonden,9,personenauto,3,Fiets,Op Kruispunt,Gemeenteweg,binnen bebouwde kom,Tss. 2 best.: langs opzij (voor-/achterkant-flank),Geen hindernis
14773,151,Leuven,District Leuven,50.8690262,4.6854839,0.2455622374386681,50.87115451654673,4.6845501060327015,2019,7,9,24062,Leuven,Normaal,Droog,Dag,met lichtgewonden,9,personenauto,3,Fiets,Buiten Kruispunt,Gemeenteweg,binnen bebouwde kom,Tussen 2 bestuurders: Frontale botsing,Geen hindernis
14776,77,Leuven teller 2,Leuven,50.88672,4.70796,0.4062586096336746,50.883071095828306,4.7082526307787775,2019,7,12,24062,Leuven,Normaal,Droog,Dag,met lichtgewonden,3,Fiets,3,Fiets,Buiten Kruispunt,Gemeenteweg,binnen bebouwde kom,Tussen 2 bestuurders: Flank tegen flank,Geen hindernis
14776,107,leuven totem,Leuven,50.8870744,4.7087919,0.44675167518286585,50.883071095828306,4.7082526307787775,2019,7,12,24062,Leuven,Normaal,Droog,Dag,met lichtgewonden,3,Fiets,3,Fiets,Buiten Kruispunt,Gemeenteweg,binnen bebouwde kom,Tussen 2 bestuurders: Flank tegen flank,Geen hindernis
14790,12,Tervuren,Kraainem,50.81896,4.47803,0.19951763475706158,50.820712488465546,4.477420406665074,2019,7,21,23099,Kraainem,Normaal,Droog,Dag,met lichtgewonden,9,personenauto,3,Fiets,Buiten Kruispunt,Gewestweg,buiten bebouwde kom,Tussen 2 bestuurders: Flank tegen flank,Geen hindernis
14807,27,Grimbergen,Meise,50.92127,4.34013,0.22821475820148715,50.919367351308296,4.338909264695265,2019,7,8,23025,Grimbergen,Normaal,Droog,Dag,met lichtgewonden,7,Motorfiets,3,Fiets,Op Kruispunt,Gewestweg,buiten bebouwde kom,Tss. 2 best.: langs opzij (voor-/achterkant-flank),Geen hindernis
14855,116,Melle teller 2,Melle,50.9986113,3.8040599,0.3410405583239336,50.99575661058917,3.8022780753785574,2019,7,16,44040,Melle,Normaal,Droog,Dag,met lichtgewonden,9,personenauto,3,Fiets,Op Kruispunt,Gewestweg,binnen bebouwde kom,Tss. 2 best.: langs opzij (voor-/achterkant-flank),Geen hindernis
14855,117,Melle teller 1,Melle,50.9986113,3.8040599,0.3410405583239336,50.99575661058917,3.8022780753785574,2019,7,16,44040,Melle,Normaal,Droog,Dag,met lichtgewonden,9,personenauto,3,Fiets,Op Kruispunt,Gewestweg,binnen bebouwde kom,Tss. 2 best.: langs opzij (voor-/achterkant-flank),Geen hindernis
15011,17,Kortrijk 2,Kortrijk,50.83339,3.27773,0.4444441588689381,50.83403303458583,3.271483824052507,2019,7,16,34022,Kortrijk,Normaal,Droog,Dag,met lichtgewonden,3,Fiets,9,personenauto,Buiten Kruispunt,Gewestweg,binnen bebouwde kom,Tss. 2 best.: langs opzij (voor-/achterkant-flank),Geen hindernis
15011,16,Kortrijk 1,Kortrijk,50.83332,3.27777,0.4485275163984999,50.83403303458583,3.271483824052507,2019,7,16,34022,Kortrijk,Normaal,Droog,Dag,met lichtgewonden,3,Fiets,9,personenauto,Buiten Kruispunt,Gewestweg,binnen bebouwde kom,Tss. 2 best.: langs opzij (voor-/achterkant-flank),Geen hindernis
15014,17,Kortrijk 2,Kortrijk,50.83339,3.27773,0.4444441588689381,50.83403303458583,3.271483824052507,2019,7,9,34022,Kortrijk,Normaal,Droog,Dag,met lichtgewonden,3,Fiets,9,personenauto,Op Kruispunt,Gewestweg,buiten bebouwde kom,Tss. 2 best.: langs opzij (voor-/achterkant-flank),Geen hindernis
15014,16,Kortrijk 1,Kortrijk,50.83332,3.27777,0.4485275163984999,50.83403303458583,3.271483824052507,2019,7,9,34022,Kortrijk,Normaal,Droog,Dag,met lichtgewonden,3,Fiets,9,personenauto,Op Kruispunt,Gewestweg,buiten bebouwde kom,Tss. 2 best.: langs opzij (voor-/achterkant-flank),Geen hindernis
15065,140,Hasselt ring,Hasselt,50.9300038,5.3438616,0.020636890745595816,50.929828099769914,5.343956450518034,2019,7,12,71022,Hasselt,Normaal,Droog,Dag,met lichtgewonden,9,personenauto,3,Fiets,Op Kruispunt,Gewestweg,binnen bebouwde kom,Tss. 2 best.: langs opzij (voor-/achterkant-flank),Geen hindernis
15275,14,Genk,Genk,50.97172,5.48927,0.37882809061755973,50.97276287685536,5.484119361573103,2019,8,20,71016,Genk,Normaal,Droog,Dageraad - schemering,met lichtgewonden,3,Fiets,9,personenauto,Op Kruispunt,Gemeenteweg,binnen bebouwde kom,Tss. 2 best.: langs opzij (voor-/achterkant-flank),Geen hindernis
15281,69,Leuven teller 1,Leuven,50.87549,4.71526,0.35840406103249817,50.87414452400875,4.719901634659071,2019,8,17,24062,Leuven,Normaal,Droog,Dag,met lichtgewonden,3,Fiets,3,Fiets,Buiten Kruispunt,Gewestweg,binnen bebouwde kom,Tussen 2 bestuurders: Frontale botsing,Geen hindernis
15284,77,Leuven teller 2,Leuven,50.88672,4.70796,0.047272627550616356,50.88701039837109,4.707467818581537,2019,8,14,24062,Leuven,Normaal,Droog,Dag,met lichtgewonden,3,Fiets,10,"één bestuurder, geen hindernis",Buiten Kruispunt,Gemeenteweg,binnen bebouwde kom,"Eén bestuurder, geen hindernis (incl. val)",Geen hindernis
15284,107,leuven totem,Leuven,50.8870744,4.7087919,0.09315319776556719,50.88701039837109,4.707467818581537,2019,8,14,24062,Leuven,Normaal,Droog,Dag,met lichtgewonden,3,Fiets,10,"één bestuurder, geen hindernis",Buiten Kruispunt,Gemeenteweg,binnen bebouwde kom,"Eén bestuurder, geen hindernis (incl. val)",Geen hindernis
15285,69,Leuven teller 1,Leuven,50.87549,4.71526,0.49957026450022995,50.879975302607825,4.7156696231987345,2019,8,17,24062,Leuven,Normaal,Droog,Dag,met zwaargewonden,3,Fiets,3,Fiets,Buiten Kruispunt,Gemeenteweg,binnen bebouwde kom,Tussen 2 bestuurders: Frontale botsing,Geen hindernis
15293,69,Leuven teller 1,Leuven,50.87549,4.71526,0.3973983595556553,50.87197513259239,4.716285039450503,2019,8,17,24062,Leuven,Normaal,Droog,Dag,met lichtgewonden,3,Fiets,8,Voetganger,Op Kruispunt,Gemeenteweg,binnen bebouwde kom,Met een voetganger,Geen hindernis
15297,69,Leuven teller 1,Leuven,50.87549,4.71526,0.48019933024136685,50.875690824153814,4.708423516915582,2019,8,8,24062,Leuven,Normaal,Droog,Dag,met lichtgewonden,9,personenauto,3,Fiets,Op Kruispunt,Gemeenteweg,binnen bebouwde kom,Tss. 2 best.: langs opzij (voor-/achterkant-flank),Geen hindernis
15346,118,Gent teller 1,Gent,51.028049,3.7681359,0.43345208149258985,51.03054866287151,3.7633798822174054,2019,8,13,44021,Gent,Normaal,Droog,Dag,met lichtgewonden,9,personenauto,3,Fiets,Buiten Kruispunt,Gewestweg,buiten bebouwde kom,Tss. 2 best.: langs opzij (voor-/achterkant-flank),Geen hindernis
15346,119,Gent teller 2,Gent,51.0281795,3.7683918,0.43846207656224284,51.03054866287151,3.7633798822174054,2019,8,13,44021,Gent,Normaal,Droog,Dag,met lichtgewonden,9,personenauto,3,Fiets,Buiten Kruispunt,Gewestweg,buiten bebouwde kom,Tss. 2 best.: langs opzij (voor-/achterkant-flank),Geen hindernis
15382,116,Melle teller 2,Melle,50.9986113,3.8040599,0.49817587109084255,50.99445365779628,3.8014077113527063,2019,8,8,44040,Melle,Normaal,Droog,Dag,met lichtgewonden,9,personenauto,3,Fiets,Buiten Kruispunt,Gewestweg,binnen bebouwde kom,Tss. 2 best.: langs opzij (voor-/achterkant-flank),Geen hindernis
15382,117,Melle teller 1,Melle,50.9986113,3.8040599,0.49817587109084255,50.99445365779628,3.8014077113527063,2019,8,8,44040,Melle,Normaal,Droog,Dag,met lichtgewonden,9,personenauto,3,Fiets,Buiten Kruispunt,Gewestweg,binnen bebouwde kom,Tss. 2 best.: langs opzij (voor-/achterkant-flank),Geen hindernis
15389,114,Deinze teller 1,Nazareth,50.9598305,3.555502,0.3479833527860964,50.95804240880253,3.5595795446688894,2019,8,19,44048,Nazareth,Normaal,Droog,Dag,met lichtgewonden,3,Fiets,10,"één bestuurder, geen hindernis",Buiten Kruispunt,Gewestweg,buiten bebouwde kom,"Eén bestuurder, geen hindernis (incl. val)",Geen hindernis
15389,113,Deinze teller 2,Deinze,50.96018,3.55578,0.35681068010364586,50.95804240880253,3.5595795446688894,2019,8,19,44048,Nazareth,Normaal,Droog,Dag,met lichtgewonden,3,Fiets,10,"één bestuurder, geen hindernis",Buiten Kruispunt,Gewestweg,buiten bebouwde kom,"Eén bestuurder, geen hindernis (incl. val)",Geen hindernis
15539,16,Kortrijk 1,Kortrijk,50.83332,3.27777,0.32159014624255167,50.83179507418797,3.2816608869329476,2019,8,18,34022,Kortrijk,Normaal,"Nat, plassen",Dag,met zwaargewonden,3,Fiets,8,Voetganger,Buiten Kruispunt,Gemeenteweg,binnen bebouwde kom,Met een voetganger,Geen hindernis
15539,17,Kortrijk 2,Kortrijk,50.83339,3.27773,0.3281211373152332,50.83179507418797,3.2816608869329476,2019,8,18,34022,Kortrijk,Normaal,"Nat, plassen",Dag,met zwaargewonden,3,Fiets,8,Voetganger,Buiten Kruispunt,Gemeenteweg,binnen bebouwde kom,Met een voetganger,Geen hindernis
15556,66,Nieuwpoort totem,Nieuwpoort,51.1347,2.74369,0.44708292338078837,51.13229678844838,2.7488269268480936,2019,8,15,38016,Nieuwpoort,Normaal,Droog,Dag,met lichtgewonden,9,personenauto,3,Fiets,Op Kruispunt,Gemeenteweg,binnen bebouwde kom,Tss. 2 best.: langs opzij (voor-/achterkant-flank),Geen hindernis
15556,65,Nieuwpoort teller 2,Nieuwpoort,51.13435,2.75511,0.49429250274909065,51.13229678844838,2.7488269268480936,2019,8,15,38016,Nieuwpoort,Normaal,Droog,Dag,met lichtgewonden,9,personenauto,3,Fiets,Op Kruispunt,Gemeenteweg,binnen bebouwde kom,Tss. 2 best.: langs opzij (voor-/achterkant-flank),Geen hindernis
15557,66,Nieuwpoort totem,Nieuwpoort,51.1347,2.74369,0.2778875511761648,51.133182108597964,2.746853856853749,2019,8,14,38016,Nieuwpoort,Normaal,Droog,Dag,met lichtgewonden,5,Lichte vrachtauto,3,Fiets,Buiten Kruispunt,Gewestweg,binnen bebouwde kom,Tss. 2 best.: langs opzij (voor-/achterkant-flank),Geen hindernis
15557,63,Nieuwpoort teller 3,Nieuwpoort,51.13529,2.74289,0.36253514109919327,51.133182108597964,2.746853856853749,2019,8,14,38016,Nieuwpoort,Normaal,Droog,Dag,met lichtgewonden,5,Lichte vrachtauto,3,Fiets,Buiten Kruispunt,Gewestweg,binnen bebouwde kom,Tss. 2 best.: langs opzij (voor-/achterkant-flank),Geen hindernis
15571,124,Beveren teller 2,Beveren,51.1964712,4.2361077,0.31510217343793245,51.199296773373256,4.235763743272178,2019,8,23,46003,Beveren,Normaal,Droog+Proper,"Nacht, openbare verlichting aanwezig en ontstoken",met lichtgewonden,9,personenauto,3,Fiets,Op Kruispunt,Gewestweg,binnen bebouwde kom,Tussen 2 bestuurders: Flank tegen flank,Geen hindernis
15588,140,Hasselt ring,Hasselt,50.9300038,5.3438616,0.09063784140360265,50.93054466814085,5.344829174696124,2019,8,14,71022,Hasselt,Normaal,Droog,Dag,met lichtgewonden,6,Bromfiets,3,Fiets,Buiten Kruispunt,Gewestweg,binnen bebouwde kom,Tussen 2 bestuurders: Frontale botsing,Geen hindernis
15786,9,Heist op den Berg 2,Heist-op-den-Berg,51.06904,4.69524,0.06452259779731256,51.06913315192366,4.696151450496053,2019,9,5,12014,Heist-op-den-Berg,Normaal,Droog,"Nacht, openbare verlichting aanwezig en ontstoken",met lichtgewonden,9,personenauto,3,Fiets,Op Kruispunt,Gewestweg,buiten bebouwde kom,Tss. 2 best.: langs opzij (voor-/achterkant-flank),Geen hindernis
15813,98,Geel teller 2,Geel,51.1481,4.99643,0.4687883911393286,51.15201623159803,4.993941310451439,2019,9,16,13008,Geel,Onbekend,Onbekend,Onbekend,met lichtgewonden,3,Fiets,9,personenauto,Op Kruispunt,Gewestweg,onbekend,Tss. 2 best.: langs opzij (voor-/achterkant-flank),Geen hindernis
15813,97,Geel teller 1,Geel,51.14813,4.99698,0.48130938528628575,51.15201623159803,4.993941310451439,2019,9,16,13008,Geel,Onbekend,Onbekend,Onbekend,met lichtgewonden,3,Fiets,9,personenauto,Op Kruispunt,Gewestweg,onbekend,Tss. 2 best.: langs opzij (voor-/achterkant-flank),Geen hindernis
15866,25,Bree,Bree,51.13679500160176,5.597669323604317,0.4670887882289473,51.14029862594112,5.593976046887849,2019,9,18,72004,Bree,Normaal,Droog,Dag,met lichtgewonden,9,personenauto,3,Fiets,Op Kruispunt,Gewestweg,binnen bebouwde kom,Tss. 2 best.: langs opzij (voor-/achterkant-flank),Geen hindernis
15877,69,Leuven teller 1,Leuven,50.87549,4.71526,0.31728926103155397,50.87473224313443,4.71090034658775,2019,9,16,24062,Leuven,Normaal,Droog,Dag,met zwaargewonden,5,Lichte vrachtauto,3,Fiets,Buiten Kruispunt,Gemeenteweg,binnen bebouwde kom,Tss. 2 best.: langs opzij (voor-/achterkant-flank),Geen hindernis
15885,69,Leuven teller 1,Leuven,50.87549,4.71526,0.2363150152565407,50.87338254661795,4.715694722758002,2019,9,8,24062,Leuven,Normaal,Droog,Dag,met lichtgewonden,3,Fiets,10,"één bestuurder, geen hindernis",Buiten Kruispunt,Gewestweg,buiten bebouwde kom,"Eén bestuurder, geen hindernis (incl. val)",Geen hindernis
15890,107,leuven totem,Leuven,50.8870744,4.7087919,0.3420978241338949,50.884535076300565,4.711545196818949,2019,9,17,24062,Leuven,Regenval,"Nat, plassen",Dag,met lichtgewonden,3,Fiets,9,personenauto,Buiten Kruispunt,Gewestweg,binnen bebouwde kom,Tussen 2 bestuurders: Frontale botsing,Geen hindernis
15890,77,Leuven teller 2,Leuven,50.88672,4.70796,0.34968297722505853,50.884535076300565,4.711545196818949,2019,9,17,24062,Leuven,Regenval,"Nat, plassen",Dag,met lichtgewonden,3,Fiets,9,personenauto,Buiten Kruispunt,Gewestweg,binnen bebouwde kom,Tussen 2 bestuurders: Frontale botsing,Geen hindernis
15917,145,Overijse,District Vilvoorde-gewestwegen,50.7885856,4.4908759,0.35705015611856844,50.79119680280584,4.487919750506833,2019,9,12,23062,Overijse,Regenval,"Nat, plassen",Dag,met lichtgewonden,3,Fiets,9,personenauto,Buiten Kruispunt,Gewestweg,buiten bebouwde kom,Tussen 2 bestuurders: Langs achteren,Geen hindernis
15917,146,Overijse 2,District Vilvoorde-gewestwegen,50.7881478,4.4902818,0.3775081252476073,50.79119680280584,4.487919750506833,2019,9,12,23062,Overijse,Regenval,"Nat, plassen",Dag,met lichtgewonden,3,Fiets,9,personenauto,Buiten Kruispunt,Gewestweg,buiten bebouwde kom,Tussen 2 bestuurders: Langs achteren,Geen hindernis
15964,118,Gent teller 1,Gent,51.028049,3.7681359,0.07693901600687722,51.028473185891265,3.7672667261311434,2019,9,11,44021,Gent,Normaal,Droog+Proper,Dag,met lichtgewonden,3,Fiets,9,personenauto,Op Kruispunt,Gewestweg,binnen bebouwde kom,Tss. 2 best.: langs opzij (voor-/achterkant-flank),Geen hindernis
15964,119,Gent teller 2,Gent,51.0281795,3.7683918,0.08518928897087269,51.028473185891265,3.7672667261311434,2019,9,11,44021,Gent,Normaal,Droog+Proper,Dag,met lichtgewonden,3,Fiets,9,personenauto,Op Kruispunt,Gewestweg,binnen bebouwde kom,Tss. 2 best.: langs opzij (voor-/achterkant-flank),Geen hindernis
16000,7,Evergem 1,Evergem,51.1089,3.70317,0.3017114735250626,51.110537585478,3.7066159484485017,2019,9,8,44019,Evergem,Normaal,Droog,Dag,met lichtgewonden,3,Fiets,9,personenauto,Buiten Kruispunt,Gemeenteweg,binnen bebouwde kom,Tss. 2 best.: langs opzij (voor-/achterkant-flank),Geen hindernis
16000,6,Evergem 2,Evergem,51.10894,3.70298,0.30981855854988105,51.110537585478,3.7066159484485017,2019,9,8,44019,Evergem,Normaal,Droog,Dag,met lichtgewonden,3,Fiets,9,personenauto,Buiten Kruispunt,Gemeenteweg,binnen bebouwde kom,Tss. 2 best.: langs opzij (voor-/achterkant-flank),Geen hindernis
16137,18,Oostende 1,Oostende,51.21378,2.92765,0.40277487408010393,51.21704954090073,2.9251610212700387,2019,9,10,35013,Oostende,Onbekend,Onbekend,Dag,met lichtgewonden,9,personenauto,3,Fiets,Buiten Kruispunt,Gewestweg,onbekend,Tss. 2 best.: langs opzij (voor-/achterkant-flank),Geen hindernis
16137,15,Oostende 2,Oostende,51.21371,2.92743,0.4035710897274354,51.21704954090073,2.9251610212700387,2019,9,10,35013,Oostende,Onbekend,Onbekend,Dag,met lichtgewonden,9,personenauto,3,Fiets,Buiten Kruispunt,Gewestweg,onbekend,Tss. 2 best.: langs opzij (voor-/achterkant-flank),Geen hindernis
16139,18,Oostende 1,Oostende,51.21378,2.92765,0.1267299731946162,51.21482495773266,2.92692367764211,2019,9,11,35013,Oostende,Normaal,Droog,Dag,met lichtgewonden,3,Fiets,9,personenauto,Op Kruispunt,Gewestweg,binnen bebouwde kom,Tss. 2 best.: langs opzij (voor-/achterkant-flank),Geen hindernis
16139,15,Oostende 2,Oostende,51.21371,2.92743,0.1288961949713488,51.21482495773266,2.92692367764211,2019,9,11,35013,Oostende,Normaal,Droog,Dag,met lichtgewonden,3,Fiets,9,personenauto,Op Kruispunt,Gewestweg,binnen bebouwde kom,Tss. 2 best.: langs opzij (voor-/achterkant-flank),Geen hindernis
16185,143,Eco Display Classic Budastraat,Kortrijk,50.83066,3.26286,0.49274207637668105,50.829969636791475,3.2559298284653067,2019,9,19,34022,Kortrijk,Normaal,Droog,Dag,met zwaargewonden,3,Fiets,9,personenauto,Buiten Kruispunt,Gewestweg,binnen bebouwde kom,Tussen 2 bestuurders: Frontale botsing,Geen hindernis
16207,64,Nieuwpoort teller 1,Nieuwpoort,51.13359,2.75737,0.1711835006651868,51.1349192216588,2.758607708880238,2019,9,7,38016,Nieuwpoort,Normaal,Droog,Dag,met lichtgewonden,3,Fiets,3,Fiets,Buiten Kruispunt,Gewestweg,binnen bebouwde kom,Tussen 2 bestuurders: Frontale botsing,Geen hindernis
16207,65,Nieuwpoort teller 2,Nieuwpoort,51.13435,2.75511,0.25212329283041673,51.1349192216588,2.758607708880238,2019,9,7,38016,Nieuwpoort,Normaal,Droog,Dag,met lichtgewonden,3,Fiets,3,Fiets,Buiten Kruispunt,Gewestweg,binnen bebouwde kom,Tussen 2 bestuurders: Frontale botsing,Geen hindernis