crash_row_id,site_id,site_name,site_gemeente,site_lat,site_long,distance_km,crash_lat,crash_long,DT_YEAR_COLLISION,DT_MONTH_COLLISION,DT_TIME,CD_NIS,TX_MUNTY_COLLISION_NL,TX_WEATHER_NL,TX_ROAD_CONDITION_NL,TX_LIGHT_CONDITION_NL,TX_CLASS_ACCIDENTS_NL,CD_ROAD_USR_TYPE1,TX_ROAD_USR_TYPE1_NL,CD_ROAD_USR_TYPE2,TX_ROAD_USR_TYPE2_NL,TX_CROSSWAY_NL,CD_ROAD_TYPE_NL,TX_BUILD_UP_AREA_NL,TX_COLLISION_TYPE_NL,TX_OBSTACLES_NL
18491,15,Oostende 2,Oostende,51.21371,2.92743,0.39058520424272203,51.210540921396266,2.929848535005702,2020,1,13,35013,Oostende,Normaal,Droog,Dag,met lichtgewonden,3,Fiets,3,Fiets,Buiten Kruispunt,Gemeenteweg,binnen bebouwde kom,Tss. 2 best.: langs opzij (voor-/achterkant-flank),Geen hindernis
18491,18,Oostende 1,Oostende,51.21378,2.92765,0.39137516321485666,51.210540921396266,2.929848535005702,2020,1,13,35013,Oostende,Normaal,Droog,Dag,met lichtgewonden,3,Fiets,3,Fiets,Buiten Kruispunt,Gemeenteweg,binnen bebouwde kom,Tss. 2 best.: langs opzij (voor-/achterkant-flank),Geen hindernis
18516,16,Kortrijk 1,Kortrijk,50.83332,3.27777,0.4817015016029183,50.82900847771362,3.278436843151562,2020,2,18,34022,Kortrijk,Normaal,"Nat, plassen","Nacht, openbare verlichting aanwezig en ontstoken",met lichtgewonden,3,Fiets,9,personenauto,Op Kruispunt,Gemeenteweg,binnen bebouwde kom,Tss. 2 best.: langs opzij (voor-/achterkant-flank),Geen hindernis
18516,17,Kortrijk 2,Kortrijk,50.83339,3.27773,0.4897256433053045,50.82900847771362,3.278436843151562,2020,2,18,34022,Kortrijk,Normaal,"Nat, plassen","Nacht, openbare verlichting aanwezig en ontstoken",met lichtgewonden,3,Fiets,9,personenauto,Op Kruispunt,Gemeenteweg,binnen bebouwde kom,Tss. 2 best.: langs opzij (voor-/achterkant-flank),Geen hindernis
18523,17,Kortrijk 2,Kortrijk,50.83339,3.27773,0.2977590368312661,50.83502391191299,3.2810891984839095,2020,3,5,34022,Kortrijk,Regenval,"Nat, plassen","Nacht, openbare verlichting aanwezig en ontstoken",met lichtgewonden,3,Fiets,2,Andere weggebruiker,Buiten Kruispunt,Gemeenteweg,binnen bebouwde kom,Tussen 2 bestuurders: Langs achteren,Geen hindernis
18523,16,Kortrijk 1,Kortrijk,50.83332,3.27777,0.3003863332103282,50.83502391191299,3.2810891984839095,2020,3,5,34022,Kortrijk,Regenval,"Nat, plassen","Nacht, openbare verlichting aanwezig en ontstoken",met lichtgewonden,3,Fiets,2,Andere weggebruiker,Buiten Kruispunt,Gemeenteweg,binnen bebouwde kom,Tussen 2 bestuurders: Langs achteren,Geen hindernis
18540,62,Wervik teller 1,Wervik,50.8058,3.09154,0.34721960001323626,50.8075639354823,3.087462576651207,2020,2,16,33029,Wervik,Normaal,"Nat, plassen",Dag,met lichtgewonden,9,personenauto,3,Fiets,Buiten Kruispunt,Gewestweg,buiten bebouwde kom,Tss. 2 best.: langs opzij (voor-/achterkant-flank),Geen hindernis
18540,61,Wervik teller 2,Wervik,50.80555,3.0921,0.39539472358666283,50.8075639354823,3.087462576651207,2020,2,16,33029,Wervik,Normaal,"Nat, plassen",Dag,met lichtgewonden,9,personenauto,3,Fiets,Buiten Kruispunt,Gewestweg,buiten bebouwde kom,Tss. 2 best.: langs opzij (voor-/achterkant-flank),Geen hindernis
18572,22,Tienen 2,Tienen,50.81330800184882,4.935984252796022,0.20223874236858533,50.81192322970384,4.937850387039002,2020,2,15,24107,Tienen,Normaal,Proper,Dag,met zwaargewonden,3,Fiets,10,"één bestuurder, geen hindernis",Buiten Kruispunt,Gemeenteweg,binnen bebouwde kom,"Eén bestuurder, geen hindernis (incl. val)",Geen hindernis
18572,24,Tienen 1,Tienen,50.8133795491886,4.935044252605416,0.25513543247631676,50.81192322970384,4.937850387039002,2020,2,15,24107,Tienen,Normaal,Proper,Dag,met zwaargewonden,3,Fiets,10,"één bestuurder, geen hindernis",Buiten Kruispunt,Gemeenteweg,binnen bebouwde kom,"Eén bestuurder, geen hindernis (incl. val)",Geen hindernis
18572,23,Tienen 3,Tienen,50.81324,4.93447,0.2790100743915583,50.81192322970384,4.937850387039002,2020,2,15,24107,Tienen,Normaal,Proper,Dag,met zwaargewonden,3,Fiets,10,"één bestuurder, geen hindernis",Buiten Kruispunt,Gemeenteweg,binnen bebouwde kom,"Eén bestuurder, geen hindernis (incl. val)",Geen hindernis
18673,127,Geel totem,Westerlo,51.1342966,4.9400421,0.3341067735756844,51.13356020462861,4.93539979111071,2020,3,6,13049,Westerlo,Normaal,Droog,Dageraad - schemering,met lichtgewonden,9,personenauto,3,Fiets,Buiten Kruispunt,Gemeenteweg,buiten bebouwde kom,Tss. 2 best.: langs opzij (voor-/achterkant-flank),Geen hindernis
18673,112,Geel teller 2,Westerlo,51.1354992,4.9394789,0.35706104590946963,51.13356020462861,4.93539979111071,2020,3,6,13049,Westerlo,Normaal,Droog,Dageraad - schemering,met lichtgewonden,9,personenauto,3,Fiets,Buiten Kruispunt,Gemeenteweg,buiten bebouwde kom,Tss. 2 best.: langs opzij (voor-/achterkant-flank),Geen hindernis
18702,77,Leuven teller 2,Leuven,50.88672,4.70796,0.3460182232671244,50.885532246282814,4.703400821205847,2020,3,17,24062,Leuven,Normaal,Droog,Dag,met lichtgewonden,3,Fiets,9,personenauto,Op Kruispunt,Gemeenteweg,binnen bebouwde kom,Tussen 2 bestuurders: Flank tegen flank,Geen hindernis
18702,107,leuven totem,Leuven,50.8870744,4.7087919,0.41523817816928554,50.885532246282814,4.703400821205847,2020,3,17,24062,Leuven,Normaal,Droog,Dag,met lichtgewonden,3,Fiets,9,personenauto,Op Kruispunt,Gemeenteweg,binnen bebouwde kom,Tussen 2 bestuurders: Flank tegen flank,Geen hindernis
18735,70,Kampenhout teller 1,Kampenhout,50.95682,4.59318,0.4327710102861297,50.95926055280262,4.597993116248656,2020,3,15,23038,Kampenhout,Normaal,Droog,Dag,met lichtgewonden,9,personenauto,3,Fiets,Buiten Kruispunt,Gewestweg,buiten bebouwde kom,Tss. 2 best.: langs opzij (voor-/achterkant-flank),Geen hindernis
18762,114,Deinze teller 1,Nazareth,50.9598305,3.555502,0.2510971550618078,50.958594543282004,3.558502454459168,2020,3,16,44048,Nazareth,Normaal,Droog,Dag,met lichtgewonden,3,Fiets,10,"één bestuurder, geen hindernis",Buiten Kruispunt,Gewestweg,buiten bebouwde kom,"Eén bestuurder, geen hindernis (incl. val)",Geen hindernis
18762,113,Deinze teller 2,Deinze,50.96018,3.55578,0.25968708372495675,50.958594543282004,3.558502454459168,2020,3,16,44048,Nazareth,Normaal,Droog,Dag,met lichtgewonden,3,Fiets,10,"één bestuurder, geen hindernis",Buiten Kruispunt,Gewestweg,buiten bebouwde kom,"Eén bestuurder, geen hindernis (incl. val)",Geen hindernis
18821,125,Dendermonde totem,Dendermonde,51.0372706,4.1025998,0.47870676435132914,51.03311620346807,4.104395407049491,2020,3,10,42006,Dendermonde,Normaal,Droog,Dag,met lichtgewonden,3,Fiets,9,personenauto,Buiten Kruispunt,Gewestweg,binnen bebouwde kom,Tussen 2 bestuurders: Flank tegen flank,Geen hindernis
18822,142,TEST Validatie BRUGGE Y2H22022134,Brugge,51.22632,3.24095,0.2511880981224165,51.22415903229776,3.239898972972341,2020,3,14,31005,Brugge,Normaal,Droog,Dag,met lichtgewonden,3,Fiets,9,personenauto,Buiten Kruispunt,Gemeenteweg,binnen bebouwde kom,Tss. 2 best.: langs opzij (voor-/achterkant-flank),Geen hindernis
18822,52,Brugge,Brugge,51.22632,3.24095,0.2511880981224165,51.22415903229776,3.239898972972341,2020,3,14,31005,Brugge,Normaal,Droog,Dag,met lichtgewonden,3,Fiets,9,personenauto,Buiten Kruispunt,Gemeenteweg,binnen bebouwde kom,Tss. 2 best.: langs opzij (voor-/achterkant-flank),Geen hindernis
18823,54,Brugge teller 2,Brugge,51.23015,3.22818,0.43072946964626535,51.22877886264948,3.2339654360596644,2020,3,10,31005,Brugge,Normaal,Droog+Proper,Dag,met zwaargewonden,9,personenauto,3,Fiets,Op Kruispunt,Gemeenteweg,binnen bebouwde kom,Tss. 2 best.: langs opzij (voor-/achterkant-flank),Geen hindernis
18823,53,Brugge teller 1,Brugge,51.23023,3.228,0.44561685632083536,51.22877886264948,3.2339654360596644,2020,3,10,31005,Brugge,Normaal,Droog+Proper,Dag,met zwaargewonden,9,personenauto,3,Fiets,Op Kruispunt,Gemeenteweg,binnen bebouwde kom,Tss. 2 best.: langs opzij (voor-/achterkant-flank),Geen hindernis
18868,16,Kortrijk 1,Kortrijk,50.83332,3.27777,0.452630316268211,50.83001049022886,3.274017614666834,2020,3,8,34022,Kortrijk,Normaal,Droog,Dag,met lichtgewonden,9,personenauto,3,Fiets,Op Kruispunt,Gewestweg,binnen bebouwde kom,Tss. 2 best.: langs opzij (voor-/achterkant-flank),Geen hindernis
18868,17,Kortrijk 2,Kortrijk,50.83339,3.27773,0.4573736984728557,50.83001049022886,3.274017614666834,2020,3,8,34022,Kortrijk,Normaal,Droog,Dag,met lichtgewonden,9,personenauto,3,Fiets,Op Kruispunt,Gewestweg,binnen bebouwde kom,Tss. 2 best.: langs opzij (voor-/achterkant-flank),Geen hindernis
19011,107,leuven totem,Leuven,50.8870744,4.7087919,0.1047909955586994,50.886631351861205,4.710110382825859,2020,4,7,24062,Leuven,Normaal,Droog,Dag,met lichtgewonden,3,Fiets,3,Fiets,Op Kruispunt,Gewestweg,binnen bebouwde kom,Tss. 2 best.: langs opzij (voor-/achterkant-flank),Geen hindernis
19011,77,Leuven teller 2,Leuven,50.88672,4.70796,0.15116681375685964,50.886631351861205,4.710110382825859,2020,4,7,24062,Leuven,Normaal,Droog,Dag,met lichtgewonden,3,Fiets,3,Fiets,Op Kruispunt,Gewestweg,binnen bebouwde kom,Tss. 2 best.: langs opzij (voor-/achterkant-flank),Geen hindernis
19037,12,Tervuren,Kraainem,50.81896,4.47803,0.17473059259368434,50.82049592762108,4.477504560426494,2020,4,15,23099,Kraainem,Normaal,Droog,Dag,met lichtgewonden,3,Fiets,10,"één bestuurder, geen hindernis",Op Kruispunt,Gewestweg,buiten bebouwde kom,"Eén bestuurder, geen hindernis (incl. val)",Geen hindernis
19048,152,Opwijk,District Vilvoorde-gewestwegen,50.968901168564656,4.149169474840164,0.08082439130923798,50.969211017264804,4.1502135918748095,2020,5,13,23060,Opwijk,Normaal,Droog,Dag,dodelijk gewonden,9,personenauto,3,Fiets,Op Kruispunt,Gewestweg,buiten bebouwde kom,Tss. 2 best.: langs opzij (voor-/achterkant-flank),Geen hindernis
19069,136,Gent R4,Gent,51.0876313,3.7587918,0.42171362822029074,51.09141235232123,3.758321747452217,2020,4,21,44021,Gent,Normaal,Droog,"Nacht, openbare verlichting aanwezig en ontstoken",met lichtgewonden,9,personenauto,3,Fiets,Buiten Kruispunt,Gemeenteweg,binnen bebouwde kom,Tss. 2 best.: langs opzij (voor-/achterkant-flank),Geen hindernis
19088,114,Deinze teller 1,Nazareth,50.9598305,3.555502,0.13910552742198876,50.95860839551678,3.555077547290702,2020,4,16,44048,Nazareth,Normaal,Droog,Dag,met lichtgewonden,3,Fiets,11,een weggebruiker tegen een hindernis,Buiten Kruispunt,Gemeenteweg,buiten bebouwde kom,Weggebruiker tegen hindernis op de rijbaan,"Op de rijbaan: Put, straatgoot, tramspoor"
19088,113,Deinze teller 2,Deinze,50.96018,3.55578,0.18154786909269968,50.95860839551678,3.555077547290702,2020,4,16,44048,Nazareth,Normaal,Droog,Dag,met lichtgewonden,3,Fiets,11,een weggebruiker tegen een hindernis,Buiten Kruispunt,Gemeenteweg,buiten bebouwde kom,Weggebruiker tegen hindernis op de rijbaan,"Op de rijbaan: Put, straatgoot, tramspoor"
19172,143,Eco Display Classic Budastraat,Kortrijk,50.83066,3.26286,0.31566774151945803,50.83307916523323,3.2652120244813134,2020,4,18,34022,Kortrijk,Normaal,Droog,Dag,met lichtgewonden,3,Fiets,3,Fiets,Buiten Kruispunt,Gemeenteweg,binnen bebouwde kom,Tussen 2 bestuurders: Frontale botsing,Geen hindernis
19201,137,Hasselt-Kempische brug,Hasselt,50.9411605,5.3417576,0.32027143145224934,50.94385064058742,5.3433908740049265,2020,4,5,71022,Hasselt,Normaal,Droog,Dag,met lichtgewonden,6,Bromfiets,3,Fiets,Op Kruispunt,Gewestweg,buiten bebouwde kom,Tussen 2 bestuurders: Flank tegen flank,Geen hindernis
19201,138,Hasselt-Kempische brug,Hasselt,50.9405318,5.3422472,0.37763761394752193,50.94385064058742,5.3433908740049265,2020,4,5,71022,Hasselt,Normaal,Droog,Dag,met lichtgewonden,6,Bromfiets,3,Fiets,Op Kruispunt,Gewestweg,buiten bebouwde kom,Tussen 2 bestuurders: Flank tegen flank,Geen hindernis
19391,26,Zaventem,Zaventem,50.86995,4.45444,0.2903701892907045,50.86805183843388,4.4515983149961516,2020,5,18,23094,Zaventem,Normaal,Droog,Dag,met lichtgewonden,3,Fiets,9,personenauto,Op Kruispunt,Gewestweg,binnen bebouwde kom,Tss. 2 best.: langs opzij (voor-/achterkant-flank),Geen hindernis
19433,118,Gent teller 1,Gent,51.028049,3.7681359,0.32035140909425586,51.02732607546648,3.763701785043914,2020,5,17,44021,Gent,Normaal,Droog,Dag,met lichtgewonden,3,Fiets,3,Fiets,Buiten Kruispunt,Gemeenteweg,binnen bebouwde kom,Tussen 2 bestuurders: Langs achteren,Geen hindernis
19433,119,Gent teller 2,Gent,51.0281795,3.7683918,0.34144982347214914,51.02732607546648,3.763701785043914,2020,5,17,44021,Gent,Normaal,Droog,Dag,met lichtgewonden,3,Fiets,3,Fiets,Buiten Kruispunt,Gemeenteweg,binnen bebouwde kom,Tussen 2 bestuurders: Langs achteren,Geen hindernis
19477,114,Deinze teller 1,Nazareth,50.9598305,3.555502,0.15341634654916594,50.95907164998989,3.5573313838009755,2020,5,14,44048,Nazareth,Normaal,Droog,Dag,met zwaargewonden,3,Fiets,11,een weggebruiker tegen een hindernis,Buiten Kruispunt,Gewestweg,buiten bebouwde kom,Weggebruiker tegen hindernis op de rijbaan,"Op de rijbaan: Verkeersdrempel, ezelsrug"
19477,113,Deinze teller 2,Deinze,50.96018,3.55578,0.16430135759326384,50.95907164998989,3.5573313838009755,2020,5,14,44048,Nazareth,Normaal,Droog,Dag,met zwaargewonden,3,Fiets,11,een weggebruiker tegen een hindernis,Buiten Kruispunt,Gewestweg,buiten bebouwde kom,Weggebruiker tegen hindernis op de rijbaan,"Op de rijbaan: Verkeersdrempel, ezelsrug"
19479,114,Deinze teller 1,Nazareth,50.9598305,3.555502,0.15341634654916594,50.95907164998989,3.5573313838009755,2020,5,13,44048,Nazareth,Normaal,Droog,Dag,met lichtgewonden,3,Fiets,11,een weggebruiker tegen een hindernis,Buiten Kruispunt,Gewestweg,buiten bebouwde kom,Weggebruiker tegen hindernis op de rijbaan,"Op de rijbaan: Verkeersdrempel, ezelsrug"
19479,113,Deinze teller 2,Deinze,50.96018,3.55578,0.16430135759326384,50.95907164998989,3.5573313838009755,2020,5,13,44048,Nazareth,Normaal,Droog,Dag,met lichtgewonden,3,Fiets,11,een weggebruiker tegen een hindernis,Buiten Kruispunt,Gewestweg,buiten bebouwde kom,Weggebruiker tegen hindernis op de rijbaan,"Op de rijbaan: Verkeersdrempel, ezelsrug"
19485,7,Evergem 1,Evergem,51.1089,3.70317,0.4764063965171428,51.111922723239175,3.708006332727842,2020,5,16,44019,Evergem,Normaal,Droog,Dag,met zwaargewonden,3,Fiets,10,"één bestuurder, geen hindernis",Buiten Kruispunt,Gemeenteweg,binnen bebouwde kom,"Eén bestuurder, geen hindernis (incl. val)",Geen hindernis
19485,6,Evergem 2,Evergem,51.10894,3.70298,0.4828305444381775,51.111922723239175,3.708006332727842,2020,5,16,44019,Evergem,Normaal,Droog,Dag,met zwaargewonden,3,Fiets,10,"één bestuurder, geen hindernis",Buiten Kruispunt,Gemeenteweg,binnen bebouwde kom,"Eén bestuurder, geen hindernis (incl. val)",Geen hindernis
19535,126,Hamme totem,Hamme,51.1017709,4.1469307,0.3057581620497282,51.100803379434055,4.142831758249503,2020,5,14,42008,Hamme,Normaal,Droog,Dag,met zwaargewonden,9,personenauto,3,Fiets,Op Kruispunt,Gewestweg,binnen bebouwde kom,Tss. 2 best.: langs opzij (voor-/achterkant-flank),Geen hindernis
19618,56,Torhout teller 2,Torhout,51.07147,3.08244,0.4618444062114991,51.07341723467088,3.0766012130947176,2020,5,13,31033,Torhout,Normaal,Droog,Dag,met zwaargewonden,3,Fiets,9,personenauto,Buiten Kruispunt,Gewestweg,buiten bebouwde kom,Tss. 2 best.: langs opzij (voor-/achterkant-flank),Geen hindernis
19618,55,Torhout teller 1,Torhout,51.07161,3.08261,0.46543801184407835,51.07341723467088,3.0766012130947176,2020,5,13,31033,Torhout,Normaal,Droog,Dag,met zwaargewonden,3,Fiets,9,personenauto,Buiten Kruispunt,Gewestweg,buiten bebouwde kom,Tss. 2 best.: langs opzij (voor-/achterkant-flank),Geen hindernis
19707,140,Hasselt ring,Hasselt,50.9300038,5.3438616,0.4204474133693556,50.92791581872312,5.338860043902138,2020,5,19,71022,Hasselt,Normaal,Droog,Dag,met lichtgewonden,3,Fiets,9,personenauto,Op Kruispunt,Gemeenteweg,binnen bebouwde kom,Tussen 2 bestuurders: Flank tegen flank,Geen hindernis
19916,72,Herent teller 1,Herent,50.89135,4.64689,0.2111279399482914,50.892159785900226,4.644167409029558,2020,6,14,24038,Herent,Normaal,Droog,Dag,met lichtgewonden,3,Fiets,9,personenauto,Buiten Kruispunt,Gemeenteweg,buiten bebouwde kom,Tussen 2 bestuurders: Frontale botsing,Geen hindernis
19916,73,Herent teller 2,Herent,50.89128,4.64685,0.21207008040396075,50.892159785900226,4.644167409029558,2020,6,14,24038,Herent,Normaal,Droog,Dag,met lichtgewonden,3,Fiets,9,personenauto,Buiten Kruispunt,Gemeenteweg,buiten bebouwde kom,Tussen 2 bestuurders: Frontale botsing,Geen hindernis
19931,102,Diest teller 2,Diest,50.9779,5.04474,0.4362537423587453,50.97405550619506,5.043497204414817,2020,6,17,24020,Diest,Normaal,Droog,Dag,met lichtgewonden,3,Fiets,9,personenauto,Buiten Kruispunt,Gewestweg,binnen bebouwde kom,Tussen 2 bestuurders: Flank tegen flank,Geen hindernis
19931,101,Diest teller 1,Diest,50.97799,5.04481,0.44704650845633354,50.97405550619506,5.043497204414817,2020,6,17,24020,Diest,Normaal,Droog,Dag,met lichtgewonden,3,Fiets,9,personenauto,Buiten Kruispunt,Gewestweg,binnen bebouwde kom,Tussen 2 bestuurders: Flank tegen flank,Geen hindernis
19937,148,Hoeilaart,District Leuven,50.76699493,4.44471001,0.390016672860755,50.76611801053374,4.4500795187913385,2020,6,20,23033,Hoeilaart,Normaal,Droog,Dag,met lichtgewonden,9,personenauto,3,Fiets,Op Kruispunt,Gemeenteweg,binnen bebouwde kom,Tss. 2 best.: langs opzij (voor-/achterkant-flank),Geen hindernis
20033,128,Lokeren teller 1,Lokeren,51.09644,3.97023,0.42674400765333975,51.10013935117746,3.9686033287800826,2020,6,13,46014,Lokeren,Normaal,"Vuil (zand, grint, bladeren,...)",Dag,met lichtgewonden,3,Fiets,10,"één bestuurder, geen hindernis",Op Kruispunt,Gewestweg,buiten bebouwde kom,"Eén bestuurder, geen hindernis (incl. val)",Geen hindernis
20033,129,Lokeren teller 2,Lokeren,51.09612,3.97025,0.46148610182052896,51.10013935117746,3.9686033287800826,2020,6,13,46014,Lokeren,Normaal,"Vuil (zand, grint, bladeren,...)",Dag,met lichtgewonden,3,Fiets,10,"één bestuurder, geen hindernis",Op Kruispunt,Gewestweg,buiten bebouwde kom,"Eén bestuurder, geen hindernis (incl. val)",Geen hindernis
20135,143,Eco Display Classic Budastraat,Kortrijk,50.83066,3.26286,0.34941642920064536,50.82751763348034,3.2628731172707273,2020,6,17,34022,Kortrijk,Normaal,Droog,Dag,met lichtgewonden,9,personenauto,3,Fiets,Buiten Kruispunt,Gewestweg,binnen bebouwde kom,Tss. 2 best.: langs opzij (voor-/achterkant-flank),Geen hindernis
20165,65,Nieuwpoort teller 2,Nieuwpoort,51.13435,2.75511,0.26524670034004966,51.13597743051631,2.757889424087329,2020,6,15,38016,Nieuwpoort,Normaal,Droog+Proper,Dag,met lichtgewonden,9,personenauto,3,Fiets,Op Kruispunt,Gewestweg,binnen bebouwde kom,Tussen 2 bestuurders: Flank tegen flank,Geen hindernis
20165,64,Nieuwpoort teller 1,Nieuwpoort,51.13359,2.75737,0.2679326433362728,51.13597743051631,2.757889424087329,2020,6,15,38016,Nieuwpoort,Normaal,Droog+Proper,Dag,met lichtgewonden,9,personenauto,3,Fiets,Op Kruispunt,Gewestweg,binnen bebouwde kom,Tussen 2 bestuurders: Flank tegen flank,Geen hindernis
20178,41,Maasmechelen teller 1,Maasmechelen,50.97025,5.69799,0.49903827392722283,50.969093781294106,5.691103788139606,2020,6,17,73107,Maasmechelen,Normaal,Droog,Dag,met lichtgewonden,9,personenauto,3,Fiets,Buiten Kruispunt,Gemeenteweg,binnen bebouwde kom,Tss. 2 best.: langs opzij (voor-/achterkant-flank),Geen hindernis
20193,99,Mechelen teller 1,Mechelen,51.04564,4.46882,0.3266733133881993,51.04341035806115,4.471862730133354,2020,6,19,12025,Mechelen,Onbekend,Onbekend,Dag,met lichtgewonden,3,Fiets,9,personenauto,Op Kruispunt,Gemeenteweg,binnen bebouwde kom,Tss. 2 best.: langs opzij (voor-/achterkant-flank),Geen hindernis
20193,100,Mechelen teller 2,Mechelen,51.0457,4.46883,0.3313172686187006,51.04341035806115,4.471862730133354,2020,6,19,12025,Mechelen,Onbekend,Onbekend,Dag,met lichtgewonden,3,Fiets,9,personenauto,Op Kruispunt,Gemeenteweg,binnen bebouwde kom,Tss. 2 best.: langs opzij (voor-/achterkant-flank),Geen hindernis
20199,99,Mechelen teller 1,Mechelen,51.04564,4.46882,0.48325486653377453,51.042036205276375,4.472683525373329,2020,6,10,12025,Mechelen,"Andere (dikke rook,...)",Onbekend,Dag,met lichtgewonden,3,Fiets,10,"één bestuurder, geen hindernis",Buiten Kruispunt,Gemeenteweg,binnen bebouwde kom,"Eén bestuurder, geen hindernis (incl. val)",Geen hindernis
20199,100,Mechelen teller 2,Mechelen,51.0457,4.46883,0.48841531599975396,51.042036205276375,4.472683525373329,2020,6,10,12025,Mechelen,"Andere (dikke rook,...)",Onbekend,Dag,met lichtgewonden,3,Fiets,10,"één bestuurder, geen hindernis",Buiten Kruispunt,Gemeenteweg,binnen bebouwde kom,"Eén bestuurder, geen hindernis (incl. val)",Geen hindernis
20209,138,Hasselt-Kempische brug,Hasselt,50.9405318,5.3422472,0.2968178289010348,50.938022940785686,5.340800525248921,2020,6,8,71022,Hasselt,Normaal,Droog,Dag,met lichtgewonden,3,Fiets,9,personenauto,Op Kruispunt,Gewestweg,binnen bebouwde kom,Tussen 2 bestuurders: Flank tegen flank,Geen hindernis
20209,137,Hasselt-Kempische brug,Hasselt,50.9411605,5.3417576,0.355267285819521,50.938022940785686,5.340800525248921,2020,6,8,71022,Hasselt,Normaal,Droog,Dag,met lichtgewonden,3,Fiets,9,personenauto,Op Kruispunt,Gewestweg,binnen bebouwde kom,Tussen 2 bestuurders: Flank tegen flank,Geen hindernis
20224,48,As,As,51.00509,5.60389,0.09798457313495114,51.00589187982509,5.603309351147492,2020,5,17,71002,As,Normaal,Droog,Dag,met lichtgewonden,9,personenauto,3,Fiets,Op Kruispunt,Gewestweg,buiten bebouwde kom,Tss. 2 best.: langs opzij (voor-/achterkant-flank),Geen hindernis
20385,28,Heers,Heers,50.75488,5.30314,0.3510569607975182,50.75178722502491,5.30213755370065,2020,7,18,73022,Heers,Normaal,Droog,Dag,met lichtgewonden,3,Fiets,9,personenauto,Buiten Kruispunt,Gemeenteweg,binnen bebouwde kom,Tussen 2 bestuurders: Flank tegen flank,Geen hindernis
20385,34,Heers teller 1,Heers,50.75486,5.3033,0.351326856809664,50.75178722502491,5.30213755370065,2020,7,18,73022,Heers,Normaal,Droog,Dag,met lichtgewonden,3,Fiets,9,personenauto,Buiten Kruispunt,Gemeenteweg,binnen bebouwde kom,Tussen 2 bestuurders: Flank tegen flank,Geen hindernis
20471,118,Gent teller 1,Gent,51.028049,3.7681359,0.10589415307651229,51.02863328255395,3.7669401869378754,2020,7,14,44021,Gent,Normaal,Droog,Dag,met lichtgewonden,3,Fiets,9,personenauto,Buiten Kruispunt,Gewestweg,buiten bebouwde kom,Tss. 2 best.: langs opzij (voor-/achterkant-flank),Geen hindernis
20471,119,Gent teller 2,Gent,51.0281795,3.7683918,0.11336612329775353,51.02863328255395,3.7669401869378754,2020,7,14,44021,Gent,Normaal,Droog,Dag,met lichtgewonden,3,Fiets,9,personenauto,Buiten Kruispunt,Gewestweg,buiten bebouwde kom,Tss. 2 best.: langs opzij (voor-/achterkant-flank),Geen hindernis
20614,15,Oostende 2,Oostende,51.21371,2.92743,0.46718696413272137,51.21673529861274,2.9227755625871312,2020,7,12,35013,Oostende,Normaal,Droog,Dag,met lichtgewonden,9,personenauto,3,Fiets,Buiten Kruispunt,Gemeenteweg,binnen bebouwde kom,Tss. 2 best.: langs opzij (voor-/achterkant-flank),Geen hindernis
20614,18,Oostende 1,Oostende,51.21378,2.92765,0.47250137936646097,51.21673529861274,2.9227755625871312,2020,7,12,35013,Oostende,Normaal,Droog,Dag,met lichtgewonden,9,personenauto,3,Fiets,Buiten Kruispunt,Gemeenteweg,binnen bebouwde kom,Tss. 2 best.: langs opzij (voor-/achterkant-flank),Geen hindernis
20648,143,Eco Display Classic Budastraat,Kortrijk,50.83066,3.26286,0.05876149161551621,50.830352733896405,3.2635407043818874,2020,7,14,34022,Kortrijk,Normaal,Droog,Dag,met lichtgewonden,3,Fiets,3,Fiets,Buiten Kruispunt,Gemeenteweg,binnen bebouwde kom,Tussen 2 bestuurders: Flank tegen flank,Geen hindernis
20664,64,Nieuwpoort teller 1,Nieuwpoort,51.13359,2.75737,0.25894924959451154,51.13260528795738,2.7607330402838444,2020,7,16,38016,Nieuwpoort,Normaal,Droog,Dag,met lichtgewonden,3,Fiets,8,Voetganger,Buiten Kruispunt,Gewestweg,buiten bebouwde kom,Met een voetganger,Geen hindernis
20664,65,Nieuwpoort teller 2,Nieuwpoort,51.13435,2.75511,0.4376952218821534,51.13260528795738,2.7607330402838444,2020,7,16,38016,Nieuwpoort,Normaal,Droog,Dag,met lichtgewonden,3,Fiets,8,Voetganger,Buiten Kruispunt,Gewestweg,buiten bebouwde kom,Met een voetganger,Geen hindernis
20708,140,Hasselt ring,Hasselt,50.9300038,5.3438616,0.22850358029170129,50.93196530911842,5.344833786003291,2020,7,11,71022,Hasselt,Normaal,Droog,Dag,met lichtgewonden,3,Fiets,9,personenauto,Op Kruispunt,Gewestweg,binnen bebouwde kom,Tss. 2 best.: langs opzij (voor-/achterkant-flank),Geen hindernis
20709,138,Hasselt-Kempische brug,Hasselt,50.9405318,5.3422472,0.16912559892755244,50.93922811728071,5.341003888977634,2020,7,15,71022,Hasselt,Normaal,Droog,Dag,met lichtgewonden,3,Fiets,3,Fiets,Buiten Kruispunt,Gewestweg,binnen bebouwde kom,Tss. 2 best.: langs opzij (voor-/achterkant-flank),Geen hindernis