crash_row_id,site_id,site_name,site_gemeente,site_lat,site_long,distance_km,crash_lat,crash_long,DT_YEAR_COLLISION,DT_MONTH_COLLISION,DT_TIME,CD_NIS,TX_MUNTY_COLLISION_NL,TX_WEATHER_NL,TX_ROAD_CONDITION_NL,TX_LIGHT_CONDITION_NL,TX_CLASS_ACCIDENTS_NL,CD_ROAD_USR_TYPE1,TX_ROAD_USR_TYPE1_NL,CD_ROAD_USR_TYPE2,TX_ROAD_USR_TYPE2_NL,TX_CROSSWAY_NL,CD_ROAD_TYPE_NL,TX_BUILD_UP_AREA_NL,TX_COLLISION_TYPE_NL,TX_OBSTACLES_NL
20709,137,Hasselt-Kempische brug,Hasselt,50.9411605,5.3417576,0.22126583413243234,50.93922811728071,5.341003888977634,2020,7,15,71022,Hasselt,Normaal,Droog,Dag,met lichtgewonden,3,Fiets,3,Fiets,Buiten Kruispunt,Gewestweg,binnen bebouwde kom,Tss. 2 best.: langs opzij (voor-/achterkant-flank),Geen hindernis
20713,137,Hasselt-Kempische brug,Hasselt,50.9411605,5.3417576,0.45641004352259085,50.943638010356864,5.3469513008354,2020,7,22,71022,Hasselt,Normaal,Droog,"Nacht, openbare verlichting aanwezig en ontstoken",met lichtgewonden,9,personenauto,3,Fiets,Op Kruispunt,Gewestweg,buiten bebouwde kom,Tss. 2 best.: langs opzij (voor-/achterkant-flank),Geen hindernis
20713,138,Hasselt-Kempische brug,Hasselt,50.9405318,5.3422472,0.4774176558695029,50.943638010356864,5.3469513008354,2020,7,22,71022,Hasselt,Normaal,Droog,"Nacht, openbare verlichting aanwezig en ontstoken",met lichtgewonden,9,personenauto,3,Fiets,Op Kruispunt,Gewestweg,buiten bebouwde kom,Tss. 2 best.: langs opzij (voor-/achterkant-flank),Geen hindernis
20741,49,Bokrijk,Genk,50.95264,5.41001,0.09790556396503317,50.95220095928699,5.408798479754058,2020,8,11,71016,Genk,Normaal,Droog,Dag,met lichtgewonden,3,Fiets,3,Fiets,Op Kruispunt,Gewestweg,buiten bebouwde kom,Tussen 2 bestuurders: Frontale botsing,Geen hindernis
20744,119,Gent teller 2,Gent,51.0281795,3.7683918,0.22103543106564946,51.02659585514767,3.770302059232156,2020,7,16,44021,Gent,Onbekend,Droog,Dag,met lichtgewonden,3,Fiets,8,Voetganger,Op Kruispunt,Gewestweg,buiten bebouwde kom,Met een voetganger,Geen hindernis
20744,118,Gent teller 1,Gent,51.028049,3.7681359,0.22149231232151248,51.02659585514767,3.770302059232156,2020,7,16,44021,Gent,Onbekend,Droog,Dag,met lichtgewonden,3,Fiets,8,Voetganger,Op Kruispunt,Gewestweg,buiten bebouwde kom,Met een voetganger,Geen hindernis
21000,9,Heist op den Berg 2,Heist-op-den-Berg,51.06904,4.69524,0.3322835313038679,51.07199393758735,4.695959102177278,2020,8,15,12014,Heist-op-den-Berg,Onbekend,Onbekend,Dag,met lichtgewonden,3,Fiets,11,een weggebruiker tegen een hindernis,Buiten Kruispunt,Gemeenteweg,onbekend,Weggebruiker tegen hindernis op de rijbaan,Op de rijbaan: Dier (wild dier)
21082,45,Pelt teller 1,Pelt,51.23127,5.44377,0.472996040468775,51.234650303189206,5.447893967671195,2020,8,13,72043,Pelt,Normaal,Droog,Dag,met lichtgewonden,3,Fiets,10,"één bestuurder, geen hindernis",Op Kruispunt,Gewestweg,buiten bebouwde kom,"Eén bestuurder, geen hindernis (incl. val)",Geen hindernis
21082,46,Pelt teller 2,Pelt,51.231,5.44375,0.49799404983367823,51.234650303189206,5.447893967671195,2020,8,13,72043,Pelt,Normaal,Droog,Dag,met lichtgewonden,3,Fiets,10,"één bestuurder, geen hindernis",Op Kruispunt,Gewestweg,buiten bebouwde kom,"Eén bestuurder, geen hindernis (incl. val)",Geen hindernis
21083,45,Pelt teller 1,Pelt,51.23127,5.44377,0.2115781572347219,51.23229772560788,5.441212640747074,2020,9,16,72043,Pelt,Normaal,Droog,Dag,met lichtgewonden,3,Fiets,3,Fiets,Buiten Kruispunt,Gemeenteweg,buiten bebouwde kom,Tussen 2 bestuurders: Flank tegen flank,Geen hindernis
21083,46,Pelt teller 2,Pelt,51.231,5.44375,0.22811121395148,51.23229772560788,5.441212640747074,2020,9,16,72043,Pelt,Normaal,Droog,Dag,met lichtgewonden,3,Fiets,3,Fiets,Buiten Kruispunt,Gemeenteweg,buiten bebouwde kom,Tussen 2 bestuurders: Flank tegen flank,Geen hindernis
21115,34,Heers teller 1,Heers,50.75486,5.3033,0.16947976313789306,50.756223498132805,5.304376690334968,2020,9,15,73022,Heers,Normaal,Droog,Dag,dodelijk gewonden,9,personenauto,3,Fiets,Buiten Kruispunt,Gewestweg,buiten bebouwde kom,Tss. 2 best.: langs opzij (voor-/achterkant-flank),Geen hindernis
21115,28,Heers,Heers,50.75488,5.30314,0.17287455442536087,50.756223498132805,5.304376690334968,2020,9,15,73022,Heers,Normaal,Droog,Dag,dodelijk gewonden,9,personenauto,3,Fiets,Buiten Kruispunt,Gewestweg,buiten bebouwde kom,Tss. 2 best.: langs opzij (voor-/achterkant-flank),Geen hindernis
21130,21,Bilzen,Bilzen,50.86015,5.50161,0.46890089092958676,50.86376628861233,5.505046496005556,2020,9,16,73006,Bilzen,Normaal,Droog,Dag,met lichtgewonden,9,personenauto,3,Fiets,Buiten Kruispunt,Gewestweg,buiten bebouwde kom,Tss. 2 best.: langs opzij (voor-/achterkant-flank),Geen hindernis
21144,43,Maaseik teller 1,Maaseik,51.09344,5.79715,0.47947579375533117,51.094252507339384,5.790407207764753,2020,9,16,72021,Maaseik,Normaal,Droog,Dag,met lichtgewonden,3,Fiets,3,Fiets,Op Kruispunt,Gemeenteweg,binnen bebouwde kom,Tss. 2 best.: langs opzij (voor-/achterkant-flank),Geen hindernis
21144,44,Maaseik teller 2,Maaseik,51.09359,5.79726,0.48420481449732106,51.094252507339384,5.790407207764753,2020,9,16,72021,Maaseik,Normaal,Droog,Dag,met lichtgewonden,3,Fiets,3,Fiets,Op Kruispunt,Gemeenteweg,binnen bebouwde kom,Tss. 2 best.: langs opzij (voor-/achterkant-flank),Geen hindernis
21147,69,Leuven teller 1,Leuven,50.87549,4.71526,0.49957026450022995,50.879975302607825,4.7156696231987345,2020,9,17,24062,Leuven,Normaal,Droog,Dag,met lichtgewonden,3,Fiets,3,Fiets,Buiten Kruispunt,Gemeenteweg,binnen bebouwde kom,Tussen 2 bestuurders: Frontale botsing,Geen hindernis
21171,77,Leuven teller 2,Leuven,50.88672,4.70796,0.35694674606296234,50.88353801811847,4.707288009210902,2020,8,19,24062,Leuven,Normaal,Droog,Dag,met lichtgewonden,9,personenauto,3,Fiets,Buiten Kruispunt,Gemeenteweg,binnen bebouwde kom,Tss. 2 best.: langs opzij (voor-/achterkant-flank),Geen hindernis
21171,107,leuven totem,Leuven,50.8870744,4.7087919,0.40713374051809187,50.88353801811847,4.707288009210902,2020,8,19,24062,Leuven,Normaal,Droog,Dag,met lichtgewonden,9,personenauto,3,Fiets,Buiten Kruispunt,Gemeenteweg,binnen bebouwde kom,Tss. 2 best.: langs opzij (voor-/achterkant-flank),Geen hindernis
21212,102,Diest teller 2,Diest,50.9779,5.04474,0.1745969834663693,50.97666956064667,5.043190746542304,2020,9,16,24020,Diest,Normaal,Droog,Dag,met lichtgewonden,3,Fiets,9,personenauto,Buiten Kruispunt,Gewestweg,binnen bebouwde kom,Tss. 2 best.: langs opzij (voor-/achterkant-flank),Geen hindernis
21212,101,Diest teller 1,Diest,50.97799,5.04481,0.185498850996535,50.97666956064667,5.043190746542304,2020,9,16,24020,Diest,Normaal,Droog,Dag,met lichtgewonden,3,Fiets,9,personenauto,Buiten Kruispunt,Gewestweg,binnen bebouwde kom,Tss. 2 best.: langs opzij (voor-/achterkant-flank),Geen hindernis
21261,109,Zemst,Zemst,50.9903936,4.4707023,0.4583549613719813,50.9863328269324,4.47182753962586,2020,9,11,23096,Zemst,Normaal,Droog,Dag,met lichtgewonden,5,Lichte vrachtauto,3,Fiets,Buiten Kruispunt,Gemeenteweg,binnen bebouwde kom,Tss. 2 best.: langs opzij (voor-/achterkant-flank),Geen hindernis
21275,119,Gent teller 2,Gent,51.0281795,3.7683918,0.0886862352417232,51.02892784212395,3.7688304457471107,2020,9,11,44021,Gent,Normaal,Droog,Dag,met lichtgewonden,3,Fiets,9,personenauto,Op Kruispunt,Gemeenteweg,binnen bebouwde kom,Tss. 2 best.: langs opzij (voor-/achterkant-flank),Geen hindernis
21275,118,Gent teller 1,Gent,51.028049,3.7681359,0.10912852365509901,51.02892784212395,3.7688304457471107,2020,9,11,44021,Gent,Normaal,Droog,Dag,met lichtgewonden,3,Fiets,9,personenauto,Op Kruispunt,Gemeenteweg,binnen bebouwde kom,Tss. 2 best.: langs opzij (voor-/achterkant-flank),Geen hindernis
21394,6,Evergem 2,Evergem,51.10894,3.70298,0.28988174952530765,51.1111159002853,3.7006929390253975,2020,9,19,44019,Evergem,Normaal,Droog,Dag,met lichtgewonden,3,Fiets,10,"één bestuurder, geen hindernis",Op Kruispunt,Gemeenteweg,binnen bebouwde kom,"Eén bestuurder, geen hindernis (incl. val)",Geen hindernis
21394,7,Evergem 1,Evergem,51.1089,3.70317,0.30102328331072103,51.1111159002853,3.7006929390253975,2020,9,19,44019,Evergem,Normaal,Droog,Dag,met lichtgewonden,3,Fiets,10,"één bestuurder, geen hindernis",Op Kruispunt,Gemeenteweg,binnen bebouwde kom,"Eén bestuurder, geen hindernis (incl. val)",Geen hindernis
21504,121,Zele teller 2,Zele,51.0604067,4.0556696,0.3236683181248588,51.057698156443216,4.057365876978739,2020,9,8,42028,Zele,Normaal,Droog,Dag,met lichtgewonden,3,Fiets,4,Vrachtwagen,Op Kruispunt,Gewestweg,buiten bebouwde kom,Tss. 2 best.: langs opzij (voor-/achterkant-flank),Geen hindernis
21504,120,Zele teller 1,Zele,51.0607671,4.0547741,0.3863439515194917,51.057698156443216,4.057365876978739,2020,9,8,42028,Zele,Normaal,Droog,Dag,met lichtgewonden,3,Fiets,4,Vrachtwagen,Op Kruispunt,Gewestweg,buiten bebouwde kom,Tss. 2 best.: langs opzij (voor-/achterkant-flank),Geen hindernis
21567,54,Brugge teller 2,Brugge,51.23015,3.22818,0.19917986721292058,51.228371923280335,3.227833491606771,2020,10,16,31005,Brugge,Normaal,Droog,Dag,met lichtgewonden,9,personenauto,3,Fiets,Op Kruispunt,Gewestweg,binnen bebouwde kom,Tss. 2 best.: langs opzij (voor-/achterkant-flank),Geen hindernis
21567,53,Brugge teller 1,Brugge,51.23023,3.228,0.20693375845970927,51.228371923280335,3.227833491606771,2020,10,16,31005,Brugge,Normaal,Droog,Dag,met lichtgewonden,9,personenauto,3,Fiets,Op Kruispunt,Gewestweg,binnen bebouwde kom,Tss. 2 best.: langs opzij (voor-/achterkant-flank),Geen hindernis
21701,143,Eco Display Classic Budastraat,Kortrijk,50.83066,3.26286,0.42747191297851905,50.827086518002965,3.2606158785797956,2020,8,17,34022,Kortrijk,Normaal,Droog,Dag,met lichtgewonden,5,Lichte vrachtauto,3,Fiets,Buiten Kruispunt,Gemeenteweg,binnen bebouwde kom,Tussen 2 bestuurders: Flank tegen flank,Geen hindernis
21702,16,Kortrijk 1,Kortrijk,50.83332,3.27777,0.197391138168009,50.831545214563214,3.277829342908836,2020,8,19,34022,Kortrijk,Normaal,Droog,Dageraad - schemering,met lichtgewonden,3,Fiets,9,personenauto,Op Kruispunt,Gemeenteweg,binnen bebouwde kom,Tussen 2 bestuurders: Flank tegen flank,Geen hindernis
21702,17,Kortrijk 2,Kortrijk,50.83339,3.27773,0.20524939311885448,50.831545214563214,3.277829342908836,2020,8,19,34022,Kortrijk,Normaal,Droog,Dageraad - schemering,met lichtgewonden,3,Fiets,9,personenauto,Op Kruispunt,Gemeenteweg,binnen bebouwde kom,Tussen 2 bestuurders: Flank tegen flank,Geen hindernis
21705,16,Kortrijk 1,Kortrijk,50.83332,3.27777,0.39179973007316865,50.83309187473006,3.2833372229496316,2020,9,7,34022,Kortrijk,Normaal,Droog,Dag,met lichtgewonden,3,Fiets,10,"één bestuurder, geen hindernis",Buiten Kruispunt,Gemeenteweg,binnen bebouwde kom,"Eén bestuurder, geen hindernis (incl. val)",Geen hindernis
21705,17,Kortrijk 2,Kortrijk,50.83339,3.27773,0.3951794279566555,50.83309187473006,3.2833372229496316,2020,9,7,34022,Kortrijk,Normaal,Droog,Dag,met lichtgewonden,3,Fiets,10,"één bestuurder, geen hindernis",Buiten Kruispunt,Gemeenteweg,binnen bebouwde kom,"Eén bestuurder, geen hindernis (incl. val)",Geen hindernis
21711,143,Eco Display Classic Budastraat,Kortrijk,50.83066,3.26286,0.17407835764087667,50.829423673391226,3.264380523117357,2020,9,12,34022,Kortrijk,Normaal,Droog,Dag,met lichtgewonden,7,Motorfiets,3,Fiets,Op Kruispunt,Gemeenteweg,binnen bebouwde kom,Tussen 2 bestuurders: Frontale botsing,Geen hindernis
21712,143,Eco Display Classic Budastraat,Kortrijk,50.83066,3.26286,0.20392493750064838,50.82887288384342,3.2622080781436607,2020,9,17,34022,Kortrijk,Normaal,Droog,Dag,met lichtgewonden,9,personenauto,3,Fiets,Op Kruispunt,Gemeenteweg,binnen bebouwde kom,Tss. 2 best.: langs opzij (voor-/achterkant-flank),Geen hindernis
21721,17,Kortrijk 2,Kortrijk,50.83339,3.27773,0.22214992966361813,50.834883902631375,3.279830345683916,2020,8,10,34022,Kortrijk,Normaal,Droog,Dag,met zwaargewonden,3,Fiets,9,personenauto,Buiten Kruispunt,Gewestweg,binnen bebouwde kom,Tss. 2 best.: langs opzij (voor-/achterkant-flank),Geen hindernis
21721,16,Kortrijk 1,Kortrijk,50.83332,3.27777,0.22622193349309905,50.834883902631375,3.279830345683916,2020,8,10,34022,Kortrijk,Normaal,Droog,Dag,met zwaargewonden,3,Fiets,9,personenauto,Buiten Kruispunt,Gewestweg,binnen bebouwde kom,Tss. 2 best.: langs opzij (voor-/achterkant-flank),Geen hindernis
21795,124,Beveren teller 2,Beveren,51.1964712,4.2361077,0.31510217343793245,51.199296773373256,4.235763743272178,2020,9,14,46003,Beveren,Normaal,Droog,Dag,met lichtgewonden,5,Lichte vrachtauto,3,Fiets,Op Kruispunt,Gewestweg,buiten bebouwde kom,Tss. 2 best.: langs opzij (voor-/achterkant-flank),Geen hindernis
21814,140,Hasselt ring,Hasselt,50.9300038,5.3438616,0.285344911225395,50.927470351001304,5.344509687615561,2020,8,17,71022,Hasselt,Normaal,Droog,Dag,met lichtgewonden,1,Autobus,3,Fiets,Op Kruispunt,Gemeenteweg,binnen bebouwde kom,Tussen 2 bestuurders: Frontale botsing,Geen hindernis
21825,140,Hasselt ring,Hasselt,50.9300038,5.3438616,0.38415969232397074,50.930590247640374,5.338459600100387,2020,8,16,71022,Hasselt,Normaal,Droog,Dag,met lichtgewonden,6,Bromfiets,3,Fiets,Buiten Kruispunt,Gemeenteweg,binnen bebouwde kom,Tss. 2 best.: langs opzij (voor-/achterkant-flank),Geen hindernis
21871,139,Houthalen-Helchteren,Houthalen-Helchteren,51.0644267,5.3819796,0.4432747870691858,51.068207193582595,5.379966897128805,2020,8,11,72039,Houthalen-Helchteren,Normaal,Droog,Dag,met lichtgewonden,3,Fiets,10,"één bestuurder, geen hindernis",Buiten Kruispunt,Gemeenteweg,buiten bebouwde kom,"Eén bestuurder, geen hindernis (incl. val)",Geen hindernis
21875,25,Bree,Bree,51.13679500160176,5.597669323604317,0.25891936649147984,51.13774151686009,5.594278708474728,2020,8,14,72004,Bree,Normaal,Droog,Dag,met lichtgewonden,3,Fiets,2,Andere weggebruiker,Op Kruispunt,Gewestweg,buiten bebouwde kom,Tussen 2 bestuurders: Flank tegen flank,Geen hindernis
22071,94,Herentals teller 2,Herentals,51.17345,4.81283,0.0287625808732144,51.17360871732932,4.813155776131565,2020,10,8,13011,Herentals,Normaal,Droog,Dag,met lichtgewonden,9,personenauto,3,Fiets,Op Kruispunt,Gewestweg,buiten bebouwde kom,Tss. 2 best.: langs opzij (voor-/achterkant-flank),Geen hindernis
22071,110,Herentals totem,Herentals,51.1739426,4.811783,0.1026517332316727,51.17360871732932,4.813155776131565,2020,10,8,13011,Herentals,Normaal,Droog,Dag,met lichtgewonden,9,personenauto,3,Fiets,Op Kruispunt,Gewestweg,buiten bebouwde kom,Tss. 2 best.: langs opzij (voor-/achterkant-flank),Geen hindernis
22074,38,Lommel teller 2,Lommel,51.23277,5.29189,0.44231312823332386,51.229705742026795,5.287839390314006,2020,11,15,72020,Lommel,Regenval,"Nat, plassen",Dag,met lichtgewonden,9,personenauto,3,Fiets,Buiten Kruispunt,Gemeenteweg,binnen bebouwde kom,Tussen 2 bestuurders: Langs achteren,Geen hindernis
22074,37,Lommel teller 1,Lommel,51.23299,5.29211,0.4709400709389579,51.229705742026795,5.287839390314006,2020,11,15,72020,Lommel,Regenval,"Nat, plassen",Dag,met lichtgewonden,9,personenauto,3,Fiets,Buiten Kruispunt,Gemeenteweg,binnen bebouwde kom,Tussen 2 bestuurders: Langs achteren,Geen hindernis
22106,69,Leuven teller 1,Leuven,50.87549,4.71526,0.43575845635917465,50.876256792553164,4.709169501595563,2020,10,7,24062,Leuven,Normaal,Droog,Dag,met lichtgewonden,3,Fiets,2,Andere weggebruiker,Buiten Kruispunt,Gemeenteweg,binnen bebouwde kom,Tss. 2 best.: langs opzij (voor-/achterkant-flank),Geen hindernis
22107,69,Leuven teller 1,Leuven,50.87549,4.71526,0.23943409836966315,50.87686717217291,4.712636694815547,2020,10,12,24062,Leuven,Normaal,Droog,Dag,met lichtgewonden,5,Lichte vrachtauto,3,Fiets,Buiten Kruispunt,Gemeenteweg,binnen bebouwde kom,Tussen 2 bestuurders: Langs achteren,Geen hindernis
22172,118,Gent teller 1,Gent,51.028049,3.7681359,0.3510488478105451,51.02584513050226,3.764541801686573,2020,10,16,44021,Gent,Regenval,"Nat, plassen",Dag,met lichtgewonden,9,personenauto,3,Fiets,Op Kruispunt,Gemeenteweg,binnen bebouwde kom,Tss. 2 best.: langs opzij (voor-/achterkant-flank),Geen hindernis
22172,119,Gent teller 2,Gent,51.0281795,3.7683918,0.3739987356435118,51.02584513050226,3.764541801686573,2020,10,16,44021,Gent,Regenval,"Nat, plassen",Dag,met lichtgewonden,9,personenauto,3,Fiets,Op Kruispunt,Gemeenteweg,binnen bebouwde kom,Tss. 2 best.: langs opzij (voor-/achterkant-flank),Geen hindernis
22205,114,Deinze teller 1,Nazareth,50.9598305,3.555502,0.3479833527860964,50.95804240880253,3.5595795446688894,2020,10,16,44048,Nazareth,Normaal,Droog,Dag,met lichtgewonden,6,Bromfiets,3,Fiets,Buiten Kruispunt,Gewestweg,binnen bebouwde kom,Tussen 2 bestuurders: Frontale botsing,Geen hindernis
22205,113,Deinze teller 2,Deinze,50.96018,3.55578,0.35681068010364586,50.95804240880253,3.5595795446688894,2020,10,16,44048,Nazareth,Normaal,Droog,Dag,met lichtgewonden,6,Bromfiets,3,Fiets,Buiten Kruispunt,Gewestweg,binnen bebouwde kom,Tussen 2 bestuurders: Frontale botsing,Geen hindernis
22212,6,Evergem 2,Evergem,51.10894,3.70298,0.2905732992394289,51.110550745519824,3.699702476163301,2020,10,10,44019,Evergem,Normaal,Droog,Dag,met lichtgewonden,3,Fiets,10,"één bestuurder, geen hindernis",Buiten Kruispunt,Gewestweg,binnen bebouwde kom,"Eén bestuurder, geen hindernis (incl. val)",Geen hindernis
22212,7,Evergem 1,Evergem,51.1089,3.70317,0.3037956823562052,51.110550745519824,3.699702476163301,2020,10,10,44019,Evergem,Normaal,Droog,Dag,met lichtgewonden,3,Fiets,10,"één bestuurder, geen hindernis",Buiten Kruispunt,Gewestweg,binnen bebouwde kom,"Eén bestuurder, geen hindernis (incl. val)",Geen hindernis
22213,115,Aalter,Aalter,51.1058367,3.4350591,0.4911540088763357,51.10461382070064,3.441818860733469,2020,10,5,44084,Aalter,Regenval,"Nat, plassen",Dageraad - schemering,met lichtgewonden,9,personenauto,3,Fiets,Buiten Kruispunt,Gemeenteweg,binnen bebouwde kom,Tss. 2 best.: langs opzij (voor-/achterkant-flank),Geen hindernis
22247,128,Lokeren teller 1,Lokeren,51.09644,3.97023,0.31395335934204777,51.09858897921217,3.9731461413956635,2020,10,6,46014,Lokeren,Normaal,Droog,"Nacht, openbare verlichting aanwezig en ontstoken",met lichtgewonden,9,personenauto,3,Fiets,Op Kruispunt,Gewestweg,buiten bebouwde kom,Tss. 2 best.: langs opzij (voor-/achterkant-flank),Geen hindernis
22247,129,Lokeren teller 2,Lokeren,51.09612,3.97025,0.3409860323837467,51.09858897921217,3.9731461413956635,2020,10,6,46014,Lokeren,Normaal,Droog,"Nacht, openbare verlichting aanwezig en ontstoken",met lichtgewonden,9,personenauto,3,Fiets,Op Kruispunt,Gewestweg,buiten bebouwde kom,Tss. 2 best.: langs opzij (voor-/achterkant-flank),Geen hindernis
22297,53,Brugge teller 1,Brugge,51.23023,3.228,0.059950975093986066,51.23073205099299,3.2283138740938355,2020,10,7,31005,Brugge,Normaal,"Nat, plassen","Nacht, openbare verlichting aanwezig en ontstoken",met lichtgewonden,5,Lichte vrachtauto,3,Fiets,Op Kruispunt,Gewestweg,binnen bebouwde kom,Tss. 2 best.: langs opzij (voor-/achterkant-flank),Geen hindernis
22297,54,Brugge teller 2,Brugge,51.23015,3.22818,0.06538894441693058,51.23073205099299,3.2283138740938355,2020,10,7,31005,Brugge,Normaal,"Nat, plassen","Nacht, openbare verlichting aanwezig en ontstoken",met lichtgewonden,5,Lichte vrachtauto,3,Fiets,Op Kruispunt,Gewestweg,binnen bebouwde kom,Tss. 2 best.: langs opzij (voor-/achterkant-flank),Geen hindernis
22329,143,Eco Display Classic Budastraat,Kortrijk,50.83066,3.26286,0.25917056845162223,50.83280133393762,3.26431731485555,2020,10,8,34022,Kortrijk,Onbekend,Onbekend,Onbekend,met lichtgewonden,3,Fiets,3,Fiets,Buiten Kruispunt,Gemeenteweg,onbekend,Tss. 2 best.: langs opzij (voor-/achterkant-flank),Geen hindernis
22331,143,Eco Display Classic Budastraat,Kortrijk,50.83066,3.26286,0.1417491065396488,50.831601846303855,3.261499878687489,2020,10,12,34022,Kortrijk,Normaal,Droog,Dag,met lichtgewonden,3,Fiets,3,Fiets,Op Kruispunt,Gemeenteweg,binnen bebouwde kom,Kettingbotsing (3 bestuurders of meer),Geen hindernis
22335,17,Kortrijk 2,Kortrijk,50.83339,3.27773,0.4008729390719348,50.83405771536308,3.2721205732494374,2020,10,7,34022,Kortrijk,Onbekend,Onbekend,Dageraad - schemering,met lichtgewonden,4,Vrachtwagen,3,Fiets,Buiten Kruispunt,Gemeenteweg,binnen bebouwde kom,Tussen 2 bestuurders: Flank tegen flank,Geen hindernis
22335,16,Kortrijk 1,Kortrijk,50.83332,3.27777,0.4051380857786835,50.83405771536308,3.2721205732494374,2020,10,7,34022,Kortrijk,Onbekend,Onbekend,Dageraad - schemering,met lichtgewonden,4,Vrachtwagen,3,Fiets,Buiten Kruispunt,Gemeenteweg,binnen bebouwde kom,Tussen 2 bestuurders: Flank tegen flank,Geen hindernis
22477,8,Heist op den Berg 1,Heist-op-den-Berg,51.06759,4.68823,0.2203671086322294,51.067025184676865,4.685207088873682,2020,11,10,12029,Putte,Onbekend,Droog,Dag,met lichtgewonden,3,Fiets,5,Lichte vrachtauto,Op Kruispunt,Gewestweg,buiten bebouwde kom,Tss. 2 best.: langs opzij (voor-/achterkant-flank),Geen hindernis
22487,88,Westerlo teller 1,Westerlo,51.082,4.91325,0.08978959813960145,51.08275788556281,4.912806388564329,2020,11,10,13049,Westerlo,Normaal,Droog,Dag,met lichtgewonden,9,personenauto,3,Fiets,Op Kruispunt,Gewestweg,binnen bebouwde kom,Tss. 2 best.: langs opzij (voor-/achterkant-flank),Geen hindernis
22487,89,Westerlo teller 2,Westerlo,51.08191,4.91334,0.10138147619491625,51.08275788556281,4.912806388564329,2020,11,10,13049,Westerlo,Normaal,Droog,Dag,met lichtgewonden,9,personenauto,3,Fiets,Op Kruispunt,Gewestweg,binnen bebouwde kom,Tss. 2 best.: langs opzij (voor-/achterkant-flank),Geen hindernis
22488,88,Westerlo teller 1,Westerlo,51.082,4.91325,0.44940963896614644,51.085820481574,4.911150893904143,2020,11,16,13049,Westerlo,Regenval,"Nat, plassen",Dag,met lichtgewonden,9,personenauto,3,Fiets,Op Kruispunt,Gewestweg,binnen bebouwde kom,Tss. 2 best.: langs opzij (voor-/achterkant-flank),Geen hindernis
22488,89,Westerlo teller 2,Westerlo,51.08191,4.91334,0.4609284441775486,51.085820481574,4.911150893904143,2020,11,16,13049,Westerlo,Regenval,"Nat, plassen",Dag,met lichtgewonden,9,personenauto,3,Fiets,Op Kruispunt,Gewestweg,binnen bebouwde kom,Tss. 2 best.: langs opzij (voor-/achterkant-flank),Geen hindernis
22504,45,Pelt teller 1,Pelt,51.23127,5.44377,0.2115781572347219,51.23229772560788,5.441212640747074,2020,11,11,72043,Pelt,Normaal,Droog,Dag,met lichtgewonden,3,Fiets,11,een weggebruiker tegen een hindernis,Buiten Kruispunt,Gemeenteweg,buiten bebouwde kom,Weggebruiker tegen hindernis op de rijbaan,"Op de rijbaan: Werken (signal., aarde, toestel,…)"
22504,46,Pelt teller 2,Pelt,51.231,5.44375,0.22811121395148,51.23229772560788,5.441212640747074,2020,11,11,72043,Pelt,Normaal,Droog,Dag,met lichtgewonden,3,Fiets,11,een weggebruiker tegen een hindernis,Buiten Kruispunt,Gemeenteweg,buiten bebouwde kom,Weggebruiker tegen hindernis op de rijbaan,"Op de rijbaan: Werken (signal., aarde, toestel,…)"
22517,43,Maaseik teller 1,Maaseik,51.09344,5.79715,0.43094819629565767,51.09220265168813,5.791302185749333,2020,11,19,72021,Maaseik,Normaal,Droog,"Nacht, openbare verlichting aanwezig en ontstoken",met lichtgewonden,3,Fiets,9,personenauto,Op Kruispunt,Gewestweg,binnen bebouwde kom,Tussen 2 bestuurders: Langs achteren,Geen hindernis
22517,44,Maaseik teller 2,Maaseik,51.09359,5.79726,0.4437536839388351,51.09220265168813,5.791302185749333,2020,11,19,72021,Maaseik,Normaal,Droog,"Nacht, openbare verlichting aanwezig en ontstoken",met lichtgewonden,3,Fiets,9,personenauto,Op Kruispunt,Gewestweg,binnen bebouwde kom,Tussen 2 bestuurders: Langs achteren,Geen hindernis
22520,151,Leuven,District Leuven,50.8690262,4.6854839,0.37846447305420833,50.87130427777206,4.689491035221787,2020,11,20,24062,Leuven,Regenval,"Nat, plassen","Nacht, openbare verlichting aanwezig en ontstoken",met lichtgewonden,3,Fiets,10,"één bestuurder, geen hindernis",Buiten Kruispunt,Gewestweg,binnen bebouwde kom,"Eén bestuurder, geen hindernis (incl. val)",Geen hindernis
22522,69,Leuven teller 1,Leuven,50.87549,4.71526,0.05264993047855372,50.87504083353392,4.715497419694081,2020,11,0,24062,Leuven,Normaal,Droog,"Nacht, openbare verlichting aanwezig en ontstoken",met lichtgewonden,3,Fiets,10,"één bestuurder, geen hindernis",Buiten Kruispunt,Gewestweg,binnen bebouwde kom,"Eén bestuurder, geen hindernis (incl. val)",Geen hindernis