crash_row_id,site_id,site_name,site_gemeente,site_lat,site_long,distance_km,crash_lat,crash_long,DT_YEAR_COLLISION,DT_MONTH_COLLISION,DT_TIME,CD_NIS,TX_MUNTY_COLLISION_NL,TX_WEATHER_NL,TX_ROAD_CONDITION_NL,TX_LIGHT_CONDITION_NL,TX_CLASS_ACCIDENTS_NL,CD_ROAD_USR_TYPE1,TX_ROAD_USR_TYPE1_NL,CD_ROAD_USR_TYPE2,TX_ROAD_USR_TYPE2_NL,TX_CROSSWAY_NL,CD_ROAD_TYPE_NL,TX_BUILD_UP_AREA_NL,TX_COLLISION_TYPE_NL,TX_OBSTACLES_NL
26698,18,Oostende 1,Oostende,51.21378,2.92765,0.4594755225207239,51.209981938876,2.930248369733403,2021,8,18,35013,Oostende,Normaal,Droog,Dag,met lichtgewonden,9,personenauto,3,Fiets,Op Kruispunt,Gemeenteweg,binnen bebouwde kom,Tss. 2 best.: langs opzij (voor-/achterkant-flank),Geen hindernis
26728,143,Eco Display Classic Budastraat,Kortrijk,50.83066,3.26286,0.4927425386656695,50.82996963494448,3.2559298222630475,2021,8,22,34022,Kortrijk,Normaal,Droog,"Nacht, openbare verlichting aanwezig en ontstoken",met lichtgewonden,3,Fiets,9,personenauto,Buiten Kruispunt,Gewestweg,binnen bebouwde kom,Tss. 2 best.: langs opzij (voor-/achterkant-flank),Geen hindernis
26731,143,Eco Display Classic Budastraat,Kortrijk,50.83066,3.26286,0.4603518580776823,50.83382883648143,3.25864163639929,2021,8,15,34022,Kortrijk,Normaal,Droog,Dag,met lichtgewonden,3,Fiets,3,Fiets,Op Kruispunt,Gewestweg,binnen bebouwde kom,Tussen 2 bestuurders: Frontale botsing,Geen hindernis
26733,143,Eco Display Classic Budastraat,Kortrijk,50.83066,3.26286,0.4899963410798319,50.83459899771719,3.2597320894889528,2021,8,11,34022,Kortrijk,Normaal,Droog,Dag,met zwaargewonden,3,Fiets,9,personenauto,Buiten Kruispunt,Gewestweg,binnen bebouwde kom,Tss. 2 best.: langs opzij (voor-/achterkant-flank),Geen hindernis
26790,14,Genk,Genk,50.97172,5.48927,0.4648293729448624,50.97588350071017,5.489864774986192,2021,8,9,71016,Genk,Normaal,Droog,Dag,met lichtgewonden,9,personenauto,3,Fiets,Op Kruispunt,Gemeenteweg,buiten bebouwde kom,Tss. 2 best.: langs opzij (voor-/achterkant-flank),Geen hindernis
26806,23,Tienen 3,Tienen,50.81324,4.93447,0.4491152061330038,50.809231458050874,4.933686608353017,2021,8,14,24107,Tienen,Normaal,Droog,Dag,met lichtgewonden,3,Fiets,9,personenauto,Buiten Kruispunt,Gemeenteweg,binnen bebouwde kom,Tss. 2 best.: langs opzij (voor-/achterkant-flank),Geen hindernis
26806,24,Tienen 1,Tienen,50.8133795491886,4.935044252605416,0.47100718737915315,50.809231458050874,4.933686608353017,2021,8,14,24107,Tienen,Normaal,Droog,Dag,met lichtgewonden,3,Fiets,9,personenauto,Buiten Kruispunt,Gemeenteweg,binnen bebouwde kom,Tss. 2 best.: langs opzij (voor-/achterkant-flank),Geen hindernis
26806,22,Tienen 2,Tienen,50.81330800184882,4.935984252796022,0.48118009696941044,50.809231458050874,4.933686608353017,2021,8,14,24107,Tienen,Normaal,Droog,Dag,met lichtgewonden,3,Fiets,9,personenauto,Buiten Kruispunt,Gemeenteweg,binnen bebouwde kom,Tss. 2 best.: langs opzij (voor-/achterkant-flank),Geen hindernis
27033,21,Bilzen,Bilzen,50.86015,5.50161,0.41793576909889363,50.85652251498666,5.503168893218533,2021,9,8,73006,Bilzen,Normaal,Droog,Dag,met lichtgewonden,4,Vrachtwagen,3,Fiets,Buiten Kruispunt,Gemeenteweg,buiten bebouwde kom,Tussen 2 bestuurders: Langs achteren,Geen hindernis
27035,21,Bilzen,Bilzen,50.86015,5.50161,0.3457065679299244,50.85739159421542,5.5038821871358214,2021,9,11,73006,Bilzen,Normaal,Droog,Dag,met lichtgewonden,9,personenauto,3,Fiets,Buiten Kruispunt,Gemeenteweg,buiten bebouwde kom,Tussen 2 bestuurders: Langs achteren,Geen hindernis
27036,43,Maaseik teller 1,Maaseik,51.09344,5.79715,0.2642253891942398,51.0943080601457,5.7936279574009895,2021,9,12,72021,Maaseik,Normaal,Droog,Dag,met lichtgewonden,3,Fiets,3,Fiets,Op Kruispunt,Gewestweg,binnen bebouwde kom,Tussen 2 bestuurders: Frontale botsing,Geen hindernis
27036,44,Maaseik teller 2,Maaseik,51.09359,5.79726,0.26591560861458774,51.0943080601457,5.7936279574009895,2021,9,12,72021,Maaseik,Normaal,Droog,Dag,met lichtgewonden,3,Fiets,3,Fiets,Op Kruispunt,Gewestweg,binnen bebouwde kom,Tussen 2 bestuurders: Frontale botsing,Geen hindernis
27043,69,Leuven teller 1,Leuven,50.87549,4.71526,0.24602996156788015,50.873322315190016,4.7159629200893685,2021,9,23,24062,Leuven,Onbekend,Droog,"Nacht, openbare verlichting aanwezig en ontstoken",met lichtgewonden,3,Fiets,10,"één bestuurder, geen hindernis",Buiten Kruispunt,Gewestweg,binnen bebouwde kom,"Eén bestuurder, geen hindernis (incl. val)",Geen hindernis
27047,69,Leuven teller 1,Leuven,50.87549,4.71526,0.4467274080368164,50.87250087739763,4.719513886699606,2021,9,13,24062,Leuven,Normaal,Droog,Dag,met lichtgewonden,3,Fiets,10,"één bestuurder, geen hindernis",Buiten Kruispunt,Gewestweg,binnen bebouwde kom,"Eén bestuurder, geen hindernis (incl. val)",Geen hindernis
27061,69,Leuven teller 1,Leuven,50.87549,4.71526,0.2370627251252958,50.87368771318406,4.713455209065233,2021,9,4,24062,Leuven,Normaal,Droog,"Nacht, openbare verlichting aanwezig en ontstoken",met lichtgewonden,3,Fiets,5,Lichte vrachtauto,Buiten Kruispunt,Gemeenteweg,binnen bebouwde kom,Tussen 2 bestuurders: Langs achteren,Geen hindernis
27114,47,Vilvoorde,Vilvoorde,50.91372,4.41497,0.36116856830905303,50.91251406429048,4.41975336215607,2021,9,17,23088,Vilvoorde,Normaal,Droog,Dag,met lichtgewonden,3,Fiets,9,personenauto,Buiten Kruispunt,Gewestweg,binnen bebouwde kom,Tss. 2 best.: langs opzij (voor-/achterkant-flank),Geen hindernis
27124,71,Kampenhout teller 2,Kampenhout,50.95589,4.59164,0.30346048811177523,50.95335625518455,4.5900304291295715,2021,9,8,23038,Kampenhout,Normaal,Onbekend,Dag,met lichtgewonden,3,Fiets,3,Fiets,Op Kruispunt,Gewestweg,buiten bebouwde kom,Tussen 2 bestuurders: Frontale botsing,Geen hindernis
27124,70,Kampenhout teller 1,Kampenhout,50.95682,4.59318,0.4438587917388444,50.95335625518455,4.5900304291295715,2021,9,8,23038,Kampenhout,Normaal,Onbekend,Dag,met lichtgewonden,3,Fiets,3,Fiets,Op Kruispunt,Gewestweg,buiten bebouwde kom,Tussen 2 bestuurders: Frontale botsing,Geen hindernis
27175,13,Gent,Gent,51.03018,3.70146,0.02192997927259352,51.030301117660485,3.7012125097418593,2021,9,8,44021,Gent,Normaal,Droog,Dag,met lichtgewonden,3,Fiets,3,Fiets,Op Kruispunt,Gemeenteweg,buiten bebouwde kom,Tussen 2 bestuurders: Frontale botsing,Geen hindernis
27188,116,Melle teller 2,Melle,50.9986113,3.8040599,0.2737497345268898,50.99975923556181,3.807520520259043,2021,9,9,44040,Melle,Normaal,Droog,Dag,met lichtgewonden,5,Lichte vrachtauto,3,Fiets,Buiten Kruispunt,Gewestweg,binnen bebouwde kom,Tss. 2 best.: langs opzij (voor-/achterkant-flank),Geen hindernis
27188,117,Melle teller 1,Melle,50.9986113,3.8040599,0.2737497345268898,50.99975923556181,3.807520520259043,2021,9,9,44040,Melle,Normaal,Droog,Dag,met lichtgewonden,5,Lichte vrachtauto,3,Fiets,Buiten Kruispunt,Gewestweg,binnen bebouwde kom,Tss. 2 best.: langs opzij (voor-/achterkant-flank),Geen hindernis
27209,115,Aalter,Aalter,51.1058367,3.4350591,0.31076994127290714,51.10343051669679,3.4373233565886623,2021,9,11,44084,Aalter,Normaal,Droog,Dag,met lichtgewonden,9,personenauto,3,Fiets,Buiten Kruispunt,Gewestweg,binnen bebouwde kom,Tss. 2 best.: langs opzij (voor-/achterkant-flank),Geen hindernis
27290,125,Dendermonde totem,Dendermonde,51.0372706,4.1025998,0.45037325335885087,51.033250187729,4.101818730232382,2021,9,16,42006,Dendermonde,Normaal,Droog,Dag,met lichtgewonden,9,personenauto,3,Fiets,Op Kruispunt,Gewestweg,binnen bebouwde kom,Tss. 2 best.: langs opzij (voor-/achterkant-flank),Geen hindernis
27290,122,Dendermonde teller 2,Dendermonde,51.0373918,4.1019222,0.46058310135416086,51.033250187729,4.101818730232382,2021,9,16,42006,Dendermonde,Normaal,Droog,Dag,met lichtgewonden,9,personenauto,3,Fiets,Op Kruispunt,Gewestweg,binnen bebouwde kom,Tss. 2 best.: langs opzij (voor-/achterkant-flank),Geen hindernis
27300,142,TEST Validatie BRUGGE Y2H22022134,Brugge,51.22632,3.24095,0.22409570276146043,51.22431486300547,3.2412734234426286,2021,9,10,31005,Brugge,Normaal,Droog,Dag,met zwaargewonden,3,Fiets,11,een weggebruiker tegen een hindernis,Buiten Kruispunt,Gemeenteweg,binnen bebouwde kom,Weggebruiker tegen hindernis op de rijbaan,"Op de rijbaan: Put, straatgoot, tramspoor"
27300,52,Brugge,Brugge,51.22632,3.24095,0.22409570276146043,51.22431486300547,3.2412734234426286,2021,9,10,31005,Brugge,Normaal,Droog,Dag,met zwaargewonden,3,Fiets,11,een weggebruiker tegen een hindernis,Buiten Kruispunt,Gemeenteweg,binnen bebouwde kom,Weggebruiker tegen hindernis op de rijbaan,"Op de rijbaan: Put, straatgoot, tramspoor"
27346,18,Oostende 1,Oostende,51.21378,2.92765,0.3305388717599873,51.215991697268045,2.93082073036595,2021,9,12,35013,Oostende,Normaal,Droog,Dag,met lichtgewonden,3,Fiets,9,personenauto,Op Kruispunt,Gewestweg,binnen bebouwde kom,Tussen 2 bestuurders: Flank tegen flank,Geen hindernis
27346,15,Oostende 2,Oostende,51.21371,2.92743,0.34662415252999984,51.215991697268045,2.93082073036595,2021,9,12,35013,Oostende,Normaal,Droog,Dag,met lichtgewonden,3,Fiets,9,personenauto,Op Kruispunt,Gewestweg,binnen bebouwde kom,Tussen 2 bestuurders: Flank tegen flank,Geen hindernis
27381,84,Roeselare totem,Izegem,50.91717,3.18772,0.4649862076253784,50.915569310691836,3.1938477032672923,2021,9,13,36008,Izegem,Normaal,Droog,Dag,met lichtgewonden,3,Fiets,9,personenauto,Op Kruispunt,Gewestweg,binnen bebouwde kom,Tss. 2 best.: langs opzij (voor-/achterkant-flank),Geen hindernis
27389,143,Eco Display Classic Budastraat,Kortrijk,50.83066,3.26286,0.33645240963122164,50.82802809108415,3.2652234023460256,2021,9,17,34022,Kortrijk,Normaal,"Nat, plassen",Dag,met lichtgewonden,6,Bromfiets,3,Fiets,Op Kruispunt,Gemeenteweg,binnen bebouwde kom,Tussen 2 bestuurders: Frontale botsing,Geen hindernis
27392,143,Eco Display Classic Budastraat,Kortrijk,50.83066,3.26286,0.458024582694439,50.83381928215224,3.2586751680770654,2021,9,17,34022,Kortrijk,Normaal,Droog,Dag,met zwaargewonden,3,Fiets,8,Voetganger,Op Kruispunt,Gewestweg,binnen bebouwde kom,Met een voetganger,Geen hindernis
27399,16,Kortrijk 1,Kortrijk,50.83332,3.27777,0.19980476494960336,50.83241734196973,3.28023001770643,2021,7,15,34022,Kortrijk,Normaal,Droog,Dag,met lichtgewonden,3,Fiets,11,een weggebruiker tegen een hindernis,Buiten Kruispunt,Gemeenteweg,binnen bebouwde kom,Weggebruiker tegen hindernis op de rijbaan,"Op de rijbaan: Put, straatgoot, tramspoor"
27399,17,Kortrijk 2,Kortrijk,50.83339,3.27773,0.20621233143020198,50.83241734196973,3.28023001770643,2021,7,15,34022,Kortrijk,Normaal,Droog,Dag,met lichtgewonden,3,Fiets,11,een weggebruiker tegen een hindernis,Buiten Kruispunt,Gemeenteweg,binnen bebouwde kom,Weggebruiker tegen hindernis op de rijbaan,"Op de rijbaan: Put, straatgoot, tramspoor"
27402,143,Eco Display Classic Budastraat,Kortrijk,50.83066,3.26286,0.48329589156324815,50.82970332782344,3.256147443057217,2021,9,8,34022,Kortrijk,Normaal,Droog,Dag,met lichtgewonden,3,Fiets,9,personenauto,Op Kruispunt,Gewestweg,binnen bebouwde kom,Tss. 2 best.: langs opzij (voor-/achterkant-flank),Geen hindernis
27453,140,Hasselt ring,Hasselt,50.9300038,5.3438616,0.4730365243746172,50.927193240759046,5.338794909203376,2021,9,8,71022,Hasselt,Normaal,Droog,Dag,met lichtgewonden,3,Fiets,9,personenauto,Op Kruispunt,Gewestweg,binnen bebouwde kom,Tss. 2 best.: langs opzij (voor-/achterkant-flank),Geen hindernis
27459,140,Hasselt ring,Hasselt,50.9300038,5.3438616,0.4730365243746172,50.927193240759046,5.338794909203376,2021,9,7,71022,Hasselt,Normaal,Droog,Dag,met lichtgewonden,9,personenauto,3,Fiets,Op Kruispunt,Gewestweg,binnen bebouwde kom,Tss. 2 best.: langs opzij (voor-/achterkant-flank),Geen hindernis
27463,140,Hasselt ring,Hasselt,50.9300038,5.3438616,0.33836884689259455,50.93283494762003,5.342091483760899,2021,9,10,71022,Hasselt,Normaal,Droog,Dag,met lichtgewonden,8,Voetganger,3,Fiets,Buiten Kruispunt,Gewestweg,binnen bebouwde kom,Met een voetganger,Geen hindernis
27475,140,Hasselt ring,Hasselt,50.9300038,5.3438616,0.4344998830012061,50.928099123898036,5.349274913504016,2021,9,15,71022,Hasselt,Normaal,Droog,Dag,met lichtgewonden,9,personenauto,3,Fiets,Op Kruispunt,Gemeenteweg,binnen bebouwde kom,Tussen 2 bestuurders: Frontale botsing,Geen hindernis
27726,46,Pelt teller 2,Pelt,51.231,5.44375,0.216300331598738,51.22984294854562,5.441252826232637,2021,10,16,72043,Pelt,Normaal,Onbekend,Dag,met lichtgewonden,5,Lichte vrachtauto,3,Fiets,Op Kruispunt,Gewestweg,binnen bebouwde kom,Tss. 2 best.: langs opzij (voor-/achterkant-flank),Geen hindernis
27726,45,Pelt teller 1,Pelt,51.23127,5.44377,0.2364287264822491,51.22984294854562,5.441252826232637,2021,10,16,72043,Pelt,Normaal,Onbekend,Dag,met lichtgewonden,5,Lichte vrachtauto,3,Fiets,Op Kruispunt,Gewestweg,binnen bebouwde kom,Tss. 2 best.: langs opzij (voor-/achterkant-flank),Geen hindernis
27743,44,Maaseik teller 2,Maaseik,51.09359,5.79726,0.24540868094698182,51.09521852024847,5.7948882150623096,2021,10,17,72021,Maaseik,Normaal,Droog,Dag,met lichtgewonden,3,Fiets,3,Fiets,Op Kruispunt,Gemeenteweg,binnen bebouwde kom,Tussen 2 bestuurders: Frontale botsing,Geen hindernis
27743,43,Maaseik teller 1,Maaseik,51.09344,5.79715,0.25309808643813975,51.09521852024847,5.7948882150623096,2021,10,17,72021,Maaseik,Normaal,Droog,Dag,met lichtgewonden,3,Fiets,3,Fiets,Op Kruispunt,Gemeenteweg,binnen bebouwde kom,Tussen 2 bestuurders: Frontale botsing,Geen hindernis
27757,77,Leuven teller 2,Leuven,50.88672,4.70796,0.4162735533804539,50.88846994722535,4.702713919076879,2021,10,22,24062,Leuven,Normaal,Droog,"Nacht, openbare verlichting aanwezig en ontstoken",met lichtgewonden,3,Fiets,10,"één bestuurder, geen hindernis",Buiten Kruispunt,Gemeenteweg,binnen bebouwde kom,"Eén bestuurder, geen hindernis (incl. val)",Geen hindernis
27757,107,leuven totem,Leuven,50.8870744,4.7087919,0.4537102434108182,50.88846994722535,4.702713919076879,2021,10,22,24062,Leuven,Normaal,Droog,"Nacht, openbare verlichting aanwezig en ontstoken",met lichtgewonden,3,Fiets,10,"één bestuurder, geen hindernis",Buiten Kruispunt,Gemeenteweg,binnen bebouwde kom,"Eén bestuurder, geen hindernis (incl. val)",Geen hindernis
27764,69,Leuven teller 1,Leuven,50.87549,4.71526,0.48019933024136685,50.875690824153814,4.708423516915582,2021,10,20,24062,Leuven,Normaal,Onbekend,"Nacht, openbare verlichting aanwezig en ontstoken",met lichtgewonden,3,Fiets,10,"één bestuurder, geen hindernis",Op Kruispunt,Gemeenteweg,binnen bebouwde kom,"Eén bestuurder, geen hindernis (incl. val)",Geen hindernis
27767,69,Leuven teller 1,Leuven,50.87549,4.71526,0.48019933024136685,50.875690824153814,4.708423516915582,2021,10,12,24062,Leuven,Normaal,Droog,Dag,met lichtgewonden,3,Fiets,3,Fiets,Op Kruispunt,Gemeenteweg,binnen bebouwde kom,Tss. 2 best.: langs opzij (voor-/achterkant-flank),Geen hindernis
27768,69,Leuven teller 1,Leuven,50.87549,4.71526,0.43275035240485155,50.87907139017106,4.71284612125216,2021,10,7,24062,Leuven,Normaal,Droog,Dag,met lichtgewonden,3,Fiets,9,personenauto,Op Kruispunt,Gemeenteweg,binnen bebouwde kom,Tss. 2 best.: langs opzij (voor-/achterkant-flank),Geen hindernis
27776,69,Leuven teller 1,Leuven,50.87549,4.71526,0.3639965831622826,50.87504703467684,4.710120006972443,2021,10,20,24062,Leuven,Normaal,Droog,"Nacht, openbare verlichting aanwezig en ontstoken",met lichtgewonden,3,Fiets,10,"één bestuurder, geen hindernis",Buiten Kruispunt,Gemeenteweg,binnen bebouwde kom,"Eén bestuurder, geen hindernis (incl. val)",Geen hindernis
27781,77,Leuven teller 2,Leuven,50.88672,4.70796,0.34162397406495937,50.888689259237246,4.704221847946021,2021,10,15,24062,Leuven,Regenval,"Nat, plassen",Dag,met lichtgewonden,9,personenauto,3,Fiets,Buiten Kruispunt,Gemeenteweg,binnen bebouwde kom,Tussen 2 bestuurders: Flank tegen flank,Geen hindernis
27781,107,leuven totem,Leuven,50.8870744,4.7087919,0.36743646236991573,50.888689259237246,4.704221847946021,2021,10,15,24062,Leuven,Regenval,"Nat, plassen",Dag,met lichtgewonden,9,personenauto,3,Fiets,Buiten Kruispunt,Gemeenteweg,binnen bebouwde kom,Tussen 2 bestuurders: Flank tegen flank,Geen hindernis
27878,116,Melle teller 2,Melle,50.9986113,3.8040599,0.39559464238376413,51.00212454919715,3.8031693600892575,2021,10,8,44040,Melle,Normaal,"Nat, plassen",Dag,met zwaargewonden,3,Fiets,10,"één bestuurder, geen hindernis",Buiten Kruispunt,Gewestweg,binnen bebouwde kom,"Eén bestuurder, geen hindernis (incl. val)",Geen hindernis
27878,117,Melle teller 1,Melle,50.9986113,3.8040599,0.39559464238376413,51.00212454919715,3.8031693600892575,2021,10,8,44040,Melle,Normaal,"Nat, plassen",Dag,met zwaargewonden,3,Fiets,10,"één bestuurder, geen hindernis",Buiten Kruispunt,Gewestweg,binnen bebouwde kom,"Eén bestuurder, geen hindernis (incl. val)",Geen hindernis
27941,118,Gent teller 1,Gent,51.028049,3.7681359,0.0322521482723648,51.02783848489873,3.768453149350596,2021,10,17,44021,Gent,Normaal,Droog,Dag,met lichtgewonden,3,Fiets,9,personenauto,Buiten Kruispunt,Gewestweg,onbekend,Tss. 2 best.: langs opzij (voor-/achterkant-flank),Geen hindernis
27941,119,Gent teller 2,Gent,51.0281795,3.7683918,0.03816110546532408,51.02783848489873,3.768453149350596,2021,10,17,44021,Gent,Normaal,Droog,Dag,met lichtgewonden,3,Fiets,9,personenauto,Buiten Kruispunt,Gewestweg,onbekend,Tss. 2 best.: langs opzij (voor-/achterkant-flank),Geen hindernis
27973,125,Dendermonde totem,Dendermonde,51.0372706,4.1025998,0.15443236130893778,51.0359175186216,4.103097778888928,2021,10,15,42006,Dendermonde,Normaal,Droog,Dag,met zwaargewonden,9,personenauto,3,Fiets,Buiten Kruispunt,Gemeenteweg,binnen bebouwde kom,Tss. 2 best.: langs opzij (voor-/achterkant-flank),Geen hindernis
27973,122,Dendermonde teller 2,Dendermonde,51.0373918,4.1019222,0.18338630140001108,51.0359175186216,4.103097778888928,2021,10,15,42006,Dendermonde,Normaal,Droog,Dag,met zwaargewonden,9,personenauto,3,Fiets,Buiten Kruispunt,Gemeenteweg,binnen bebouwde kom,Tss. 2 best.: langs opzij (voor-/achterkant-flank),Geen hindernis
28016,15,Oostende 2,Oostende,51.21371,2.92743,0.40554681476223897,51.216695784566966,2.9240862700008963,2021,10,8,35013,Oostende,Normaal,Droog,Dag,met lichtgewonden,9,personenauto,3,Fiets,Op Kruispunt,Gemeenteweg,binnen bebouwde kom,Tss. 2 best.: langs opzij (voor-/achterkant-flank),Geen hindernis
28016,18,Oostende 1,Oostende,51.21378,2.92765,0.4083291945193701,51.216695784566966,2.9240862700008963,2021,10,8,35013,Oostende,Normaal,Droog,Dag,met lichtgewonden,9,personenauto,3,Fiets,Op Kruispunt,Gemeenteweg,binnen bebouwde kom,Tss. 2 best.: langs opzij (voor-/achterkant-flank),Geen hindernis
28019,15,Oostende 2,Oostende,51.21371,2.92743,0.1274446814351888,51.21270643261555,2.928313761910922,2021,10,18,35013,Oostende,Normaal,Droog,Dageraad - schemering,met lichtgewonden,9,personenauto,3,Fiets,Op Kruispunt,Gemeenteweg,binnen bebouwde kom,Tussen 2 bestuurders: Langs achteren,Geen hindernis
28019,18,Oostende 1,Oostende,51.21378,2.92765,0.12801590318318876,51.21270643261555,2.928313761910922,2021,10,18,35013,Oostende,Normaal,Droog,Dageraad - schemering,met lichtgewonden,9,personenauto,3,Fiets,Op Kruispunt,Gemeenteweg,binnen bebouwde kom,Tussen 2 bestuurders: Langs achteren,Geen hindernis
28044,143,Eco Display Classic Budastraat,Kortrijk,50.83066,3.26286,0.4694246550117739,50.834259077605594,3.259366358164499,2021,10,16,34022,Kortrijk,Normaal,Droog,Dag,met lichtgewonden,3,Fiets,5,Lichte vrachtauto,Buiten Kruispunt,Gewestweg,onbekend,Tss. 2 best.: langs opzij (voor-/achterkant-flank),Geen hindernis
28132,140,Hasselt ring,Hasselt,50.9300038,5.3438616,0.3409884456903692,50.927761158533635,5.340543213065741,2021,10,11,71022,Hasselt,Normaal,Droog,Dag,met lichtgewonden,3,Fiets,9,personenauto,Op Kruispunt,Gewestweg,binnen bebouwde kom,Tss. 2 best.: langs opzij (voor-/achterkant-flank),Geen hindernis
28152,25,Bree,Bree,51.13679500160176,5.597669323604317,0.4763351466375578,51.14045798792096,5.6012092946959875,2021,10,10,72004,Bree,Normaal,Droog,Dag,dodelijk gewonden,9,personenauto,3,Fiets,Op Kruispunt,Gewestweg,binnen bebouwde kom,Tss. 2 best.: langs opzij (voor-/achterkant-flank),Geen hindernis
28170,23,Tienen 3,Tienen,50.81324,4.93447,0.44626061487103547,50.81234260307698,4.928279192581891,2021,10,17,24107,Tienen,Normaal,Droog,Dag,met lichtgewonden,5,Lichte vrachtauto,3,Fiets,Op Kruispunt,Gewestweg,binnen bebouwde kom,Tss. 2 best.: langs opzij (voor-/achterkant-flank),Geen hindernis
28170,24,Tienen 1,Tienen,50.8133795491886,4.935044252605416,0.4890926671396642,50.81234260307698,4.928279192581891,2021,10,17,24107,Tienen,Normaal,Droog,Dag,met lichtgewonden,5,Lichte vrachtauto,3,Fiets,Op Kruispunt,Gewestweg,binnen bebouwde kom,Tss. 2 best.: langs opzij (voor-/achterkant-flank),Geen hindernis
28359,69,Leuven teller 1,Leuven,50.87549,4.71526,0.3982998002212065,50.873332142523,4.719790872270542,2021,11,19,24062,Leuven,Regenval,Onbekend,Onbekend,met lichtgewonden,9,personenauto,3,Fiets,Op Kruispunt,Gewestweg,binnen bebouwde kom,Tussen 2 bestuurders: Flank tegen flank,Geen hindernis
28364,69,Leuven teller 1,Leuven,50.87549,4.71526,0.21073652666595144,50.8736654659637,4.714447515395654,2021,11,19,24062,Leuven,Normaal,Proper,"Nacht, openbare verlichting aanwezig en ontstoken",met lichtgewonden,3,Fiets,9,personenauto,Op Kruispunt,Gewestweg,binnen bebouwde kom,Tss. 2 best.: langs opzij (voor-/achterkant-flank),Geen hindernis
28368,69,Leuven teller 1,Leuven,50.87549,4.71526,0.3988384985761054,50.876950967228375,4.71006850715037,2021,11,16,24062,Leuven,Normaal,Onbekend,Dag,met lichtgewonden,3,Fiets,6,Bromfiets,Buiten Kruispunt,Gemeenteweg,binnen bebouwde kom,Tss. 2 best.: langs opzij (voor-/achterkant-flank),Geen hindernis
28372,69,Leuven teller 1,Leuven,50.87549,4.71526,0.42271961499695426,50.8764597646316,4.7094345936542235,2021,11,8,24062,Leuven,Normaal,Droog,Dag,met lichtgewonden,1,Autobus,3,Fiets,Op Kruispunt,Gemeenteweg,buiten bebouwde kom,Tss. 2 best.: langs opzij (voor-/achterkant-flank),Geen hindernis
28374,151,Leuven,District Leuven,50.8690262,4.6854839,0.4877971888810473,50.8719282401724,4.690696896871564,2021,11,7,24062,Leuven,Normaal,Droog,Dag,met lichtgewonden,9,personenauto,3,Fiets,Op Kruispunt,Gewestweg,binnen bebouwde kom,Tss. 2 best.: langs opzij (voor-/achterkant-flank),Geen hindernis
28381,77,Leuven teller 2,Leuven,50.88672,4.70796,0.33805361877926576,50.88439707035617,4.704851104956656,2021,11,14,24062,Leuven,Regenval,"Nat, plassen",Dag,met lichtgewonden,6,Bromfiets,3,Fiets,Buiten Kruispunt,Gemeenteweg,binnen bebouwde kom,Tussen 2 bestuurders: Flank tegen flank,Geen hindernis
28381,107,leuven totem,Leuven,50.8870744,4.7087919,0.4062636180381002,50.88439707035617,4.704851104956656,2021,11,14,24062,Leuven,Regenval,"Nat, plassen",Dag,met lichtgewonden,6,Bromfiets,3,Fiets,Buiten Kruispunt,Gemeenteweg,binnen bebouwde kom,Tussen 2 bestuurders: Flank tegen flank,Geen hindernis
28386,73,Herent teller 2,Herent,50.89128,4.64685,0.01616298835069047,50.89132603373274,4.646631425500201,2021,11,16,24038,Herent,Normaal,Proper,Onbekend,met lichtgewonden,6,Bromfiets,3,Fiets,Buiten Kruispunt,Gewestweg,buiten bebouwde kom,Tussen 2 bestuurders: Frontale botsing,Geen hindernis
28386,72,Herent teller 1,Herent,50.89135,4.64689,0.018331413873627384,50.89132603373274,4.646631425500201,2021,11,16,24038,Herent,Normaal,Proper,Onbekend,met lichtgewonden,6,Bromfiets,3,Fiets,Buiten Kruispunt,Gewestweg,buiten bebouwde kom,Tussen 2 bestuurders: Frontale botsing,Geen hindernis
28394,101,Diest teller 1,Diest,50.97799,5.04481,0.49651736895480575,50.979522779892015,5.051471234469063,2021,11,17,24020,Diest,Regenval,"Nat, plassen","Nacht, openbare verlichting aanwezig en ontstoken",met lichtgewonden,9,personenauto,3,Fiets,Op Kruispunt,Gewestweg,binnen bebouwde kom,Tss. 2 best.: langs opzij (voor-/achterkant-flank),Geen hindernis
28401,145,Overijse,District Vilvoorde-gewestwegen,50.7885856,4.4908759,0.2514025290214685,50.788456098229865,4.494446384898035,2021,11,16,23062,Overijse,Normaal,Droog,Dageraad - schemering,met lichtgewonden,5,Lichte vrachtauto,3,Fiets,Buiten Kruispunt,Gewestweg,buiten bebouwde kom,Tss. 2 best.: langs opzij (voor-/achterkant-flank),Geen hindernis