crash_row_id,site_id,site_name,site_gemeente,site_lat,site_long,distance_km,crash_lat,crash_long,DT_YEAR_COLLISION,DT_MONTH_COLLISION,DT_TIME,CD_NIS,TX_MUNTY_COLLISION_NL,TX_WEATHER_NL,TX_ROAD_CONDITION_NL,TX_LIGHT_CONDITION_NL,TX_CLASS_ACCIDENTS_NL,CD_ROAD_USR_TYPE1,TX_ROAD_USR_TYPE1_NL,CD_ROAD_USR_TYPE2,TX_ROAD_USR_TYPE2_NL,TX_CROSSWAY_NL,CD_ROAD_TYPE_NL,TX_BUILD_UP_AREA_NL,TX_COLLISION_TYPE_NL,TX_OBSTACLES_NL
28401,146,Overijse 2,District Vilvoorde-gewestwegen,50.7881478,4.4902818,0.29475415636778807,50.788456098229865,4.494446384898035,2021,11,16,23062,Overijse,Normaal,Droog,Dageraad - schemering,met lichtgewonden,5,Lichte vrachtauto,3,Fiets,Buiten Kruispunt,Gewestweg,buiten bebouwde kom,Tss. 2 best.: langs opzij (voor-/achterkant-flank),Geen hindernis
28422,136,Gent R4,Gent,51.0876313,3.7587918,0.44991700244143173,51.08358531283561,3.7587256069486368,2021,11,16,44021,Gent,Normaal,Droog,Dag,met lichtgewonden,9,personenauto,3,Fiets,Buiten Kruispunt,Gemeenteweg,binnen bebouwde kom,Tss. 2 best.: langs opzij (voor-/achterkant-flank),Geen hindernis
28626,140,Hasselt ring,Hasselt,50.9300038,5.3438616,0.30201985591247404,50.9277814516085,5.341384021660199,2021,11,23,71022,Hasselt,Normaal,"Nat, plassen","Nacht, openbare verlichting aanwezig en ontstoken",dodelijk gewonden,3,Fiets,11,een weggebruiker tegen een hindernis,Buiten Kruispunt,Gewestweg,binnen bebouwde kom,Weggebruiker tegen hindernis buiten rijbaan,Andere hindernis
28627,140,Hasselt ring,Hasselt,50.9300038,5.3438616,0.4089394520853656,50.93062653375956,5.338110727462374,2021,11,8,71022,Hasselt,Normaal,Droog+Proper,Dag,met lichtgewonden,99,onbekend,3,Fiets,Op Kruispunt,Gemeenteweg,binnen bebouwde kom,Tss. 2 best.: langs opzij (voor-/achterkant-flank),Geen hindernis
28632,138,Hasselt-Kempische brug,Hasselt,50.9405318,5.3422472,0.17662176193547482,50.93915583685981,5.340987857678312,2021,11,8,71022,Hasselt,Regenval,"Nat, plassen",Dag,met lichtgewonden,6,Bromfiets,3,Fiets,Buiten Kruispunt,Gewestweg,binnen bebouwde kom,Tss. 2 best.: langs opzij (voor-/achterkant-flank),Geen hindernis
28632,137,Hasselt-Kempische brug,Hasselt,50.9411605,5.3417576,0.22934037034728172,50.93915583685981,5.340987857678312,2021,11,8,71022,Hasselt,Regenval,"Nat, plassen",Dag,met lichtgewonden,6,Bromfiets,3,Fiets,Buiten Kruispunt,Gewestweg,binnen bebouwde kom,Tss. 2 best.: langs opzij (voor-/achterkant-flank),Geen hindernis
28655,23,Tienen 3,Tienen,50.81324,4.93447,0.0788887699371283,50.813699912023246,4.933615040894004,2021,11,15,24107,Tienen,Normaal,Droog,Dag,met lichtgewonden,9,personenauto,3,Fiets,Buiten Kruispunt,Gemeenteweg,buiten bebouwde kom,Tss. 2 best.: langs opzij (voor-/achterkant-flank),Geen hindernis
28655,24,Tienen 1,Tienen,50.8133795491886,4.935044252605416,0.10654522785488119,50.813699912023246,4.933615040894004,2021,11,15,24107,Tienen,Normaal,Droog,Dag,met lichtgewonden,9,personenauto,3,Fiets,Buiten Kruispunt,Gemeenteweg,buiten bebouwde kom,Tss. 2 best.: langs opzij (voor-/achterkant-flank),Geen hindernis
28655,22,Tienen 2,Tienen,50.81330800184882,4.935984252796022,0.17206632384100035,50.813699912023246,4.933615040894004,2021,11,15,24107,Tienen,Normaal,Droog,Dag,met lichtgewonden,9,personenauto,3,Fiets,Buiten Kruispunt,Gemeenteweg,buiten bebouwde kom,Tss. 2 best.: langs opzij (voor-/achterkant-flank),Geen hindernis
28810,69,Leuven teller 1,Leuven,50.87549,4.71526,0.3982998002212065,50.873332142523,4.719790872270542,2021,12,9,24062,Leuven,Normaal,Droog,Dag,met lichtgewonden,9,personenauto,3,Fiets,Op Kruispunt,Gewestweg,binnen bebouwde kom,Tss. 2 best.: langs opzij (voor-/achterkant-flank),Geen hindernis
28817,151,Leuven,District Leuven,50.8690262,4.6854839,0.4899141500984529,50.87169563218913,4.691038143406855,2021,12,17,24062,Leuven,Onbekend,Onbekend,Dag,met lichtgewonden,3,Fiets,99,onbekend,Op Kruispunt,Gewestweg,binnen bebouwde kom,Tussen 2 bestuurders: Frontale botsing,Geen hindernis
28829,86,Asse teller 2,Asse,50.89132,4.1709,0.4655463981101593,50.887314361325856,4.16896899348891,2021,12,7,23086,Ternat,Normaal,Droog,"Nacht, openbare verlichting aanwezig en ontstoken",met lichtgewonden,9,personenauto,3,Fiets,Op Kruispunt,Gewestweg,buiten bebouwde kom,Tss. 2 best.: langs opzij (voor-/achterkant-flank),Geen hindernis
28834,70,Kampenhout teller 1,Kampenhout,50.95682,4.59318,0.40449626528359656,50.958971394227966,4.5978369102535295,2021,12,14,23038,Kampenhout,Normaal,Droog,Dag,met lichtgewonden,3,Fiets,9,personenauto,Op Kruispunt,Gewestweg,buiten bebouwde kom,Tss. 2 best.: langs opzij (voor-/achterkant-flank),Geen hindernis
28874,119,Gent teller 2,Gent,51.0281795,3.7683918,0.49066674971277224,51.0247582024903,3.7728226383177237,2021,12,9,44040,Melle,Normaal,"Nat, plassen",Dag,met lichtgewonden,5,Lichte vrachtauto,3,Fiets,Op Kruispunt,Gewestweg,buiten bebouwde kom,Tss. 2 best.: langs opzij (voor-/achterkant-flank),Geen hindernis
28874,118,Gent teller 1,Gent,51.028049,3.7681359,0.49125966760006845,51.0247582024903,3.7728226383177237,2021,12,9,44040,Melle,Normaal,"Nat, plassen",Dag,met lichtgewonden,5,Lichte vrachtauto,3,Fiets,Op Kruispunt,Gewestweg,buiten bebouwde kom,Tss. 2 best.: langs opzij (voor-/achterkant-flank),Geen hindernis
28912,121,Zele teller 2,Zele,51.0604067,4.0556696,0.02338538638642517,51.06032573010651,4.055360772966991,2021,12,8,42028,Zele,Regenval,"Nat, plassen",Dageraad - schemering,met zwaargewonden,9,personenauto,3,Fiets,Op Kruispunt,Gewestweg,buiten bebouwde kom,Tss. 2 best.: langs opzij (voor-/achterkant-flank),Geen hindernis
28912,120,Zele teller 1,Zele,51.0607671,4.0547741,0.06395054309792224,51.06032573010651,4.055360772966991,2021,12,8,42028,Zele,Regenval,"Nat, plassen",Dageraad - schemering,met zwaargewonden,9,personenauto,3,Fiets,Op Kruispunt,Gewestweg,buiten bebouwde kom,Tss. 2 best.: langs opzij (voor-/achterkant-flank),Geen hindernis
28913,121,Zele teller 2,Zele,51.0604067,4.0556696,0.3240849126430894,51.05769740924217,4.057379089925728,2021,12,12,42028,Zele,Normaal,Droog,Dag,met lichtgewonden,3,Fiets,9,personenauto,Op Kruispunt,Gewestweg,buiten bebouwde kom,Tss. 2 best.: langs opzij (voor-/achterkant-flank),Geen hindernis
28913,120,Zele teller 1,Zele,51.0607671,4.0547741,0.3868510584174253,51.05769740924217,4.057379089925728,2021,12,12,42028,Zele,Normaal,Droog,Dag,met lichtgewonden,3,Fiets,9,personenauto,Op Kruispunt,Gewestweg,buiten bebouwde kom,Tss. 2 best.: langs opzij (voor-/achterkant-flank),Geen hindernis
28995,100,Mechelen teller 2,Mechelen,51.0457,4.46883,0.20659693577094418,51.04752881179127,4.468308474397339,2021,12,15,12025,Mechelen,Normaal,Droog,Dag,met lichtgewonden,3,Fiets,9,personenauto,Op Kruispunt,Gewestweg,buiten bebouwde kom,Tss. 2 best.: langs opzij (voor-/achterkant-flank),Geen hindernis
28995,99,Mechelen teller 1,Mechelen,51.04564,4.46882,0.2130487314535332,51.04752881179127,4.468308474397339,2021,12,15,12025,Mechelen,Normaal,Droog,Dag,met lichtgewonden,3,Fiets,9,personenauto,Op Kruispunt,Gewestweg,buiten bebouwde kom,Tss. 2 best.: langs opzij (voor-/achterkant-flank),Geen hindernis
29003,140,Hasselt ring,Hasselt,50.9300038,5.3438616,0.11161756981485613,50.930162335586175,5.342288932061969,2021,12,17,71022,Hasselt,Normaal,Droog,"Nacht, openbare verlichting aanwezig en ontstoken",met lichtgewonden,3,Fiets,8,Voetganger,Buiten Kruispunt,Gemeenteweg,binnen bebouwde kom,Met een voetganger,Geen hindernis
29152,98,Geel teller 2,Geel,51.1481,4.99643,0.2561287445277645,51.150068034119876,4.994521955709557,2022,1,18,13008,Geel,Normaal,Droog,"Nacht, geen openbare verlichting aanwezig",met lichtgewonden,9,personenauto,3,Fiets,Op Kruispunt,Gewestweg,buiten bebouwde kom,Tussen 2 bestuurders: Flank tegen flank,Geen hindernis
29152,97,Geel teller 1,Geel,51.14813,4.99698,0.2753842224126028,51.150068034119876,4.994521955709557,2022,1,18,13008,Geel,Normaal,Droog,"Nacht, geen openbare verlichting aanwezig",met lichtgewonden,9,personenauto,3,Fiets,Op Kruispunt,Gewestweg,buiten bebouwde kom,Tussen 2 bestuurders: Flank tegen flank,Geen hindernis
29327,10,Aalst 2,Aalst,50.93549,4.01571,0.4817073931034531,50.939278595587616,4.019043806033763,2022,1,15,41002,Aalst,Normaal,Droog,Dag,met lichtgewonden,9,personenauto,3,Fiets,Buiten Kruispunt,Gewestweg,binnen bebouwde kom,Tss. 2 best.: langs opzij (voor-/achterkant-flank),Geen hindernis
29334,122,Dendermonde teller 2,Dendermonde,51.0373918,4.1019222,0.4694414068227939,51.04160550388583,4.102337507303634,2022,1,15,42006,Dendermonde,Normaal,Droog,Dag,met lichtgewonden,3,Fiets,11,een weggebruiker tegen een hindernis,Buiten Kruispunt,Gewestweg,buiten bebouwde kom,Weggebruiker tegen hindernis op de rijbaan,"Op de rijbaan: Werken (signal., aarde, toestel,…)"
29334,125,Dendermonde totem,Dendermonde,51.0372706,4.1025998,0.482368054649976,51.04160550388583,4.102337507303634,2022,1,15,42006,Dendermonde,Normaal,Droog,Dag,met lichtgewonden,3,Fiets,11,een weggebruiker tegen een hindernis,Buiten Kruispunt,Gewestweg,buiten bebouwde kom,Weggebruiker tegen hindernis op de rijbaan,"Op de rijbaan: Werken (signal., aarde, toestel,…)"
29361,15,Oostende 2,Oostende,51.21371,2.92743,0.40554681476223897,51.216695784566966,2.9240862700008963,2022,1,8,35013,Oostende,Normaal,Droog,Dag,met lichtgewonden,3,Fiets,5,Lichte vrachtauto,Op Kruispunt,Gemeenteweg,binnen bebouwde kom,Tss. 2 best.: langs opzij (voor-/achterkant-flank),Geen hindernis
29361,18,Oostende 1,Oostende,51.21378,2.92765,0.4083291945193701,51.216695784566966,2.9240862700008963,2022,1,8,35013,Oostende,Normaal,Droog,Dag,met lichtgewonden,3,Fiets,5,Lichte vrachtauto,Op Kruispunt,Gemeenteweg,binnen bebouwde kom,Tss. 2 best.: langs opzij (voor-/achterkant-flank),Geen hindernis
29399,68,Ieper,Ieper,50.85032,2.85608,0.16667369282568517,50.850736427571,2.853799274722183,2022,1,5,33011,Ieper,Normaal,Droog,"Nacht, openbare verlichting aanwezig en ontstoken",met lichtgewonden,3,Fiets,10,"één bestuurder, geen hindernis",Buiten Kruispunt,Gewestweg,buiten bebouwde kom,"Eén bestuurder, geen hindernis (incl. val)",Geen hindernis
29399,67,Ieper totem,Ieper,50.85018,2.85624,0.18217376697411392,50.850736427571,2.853799274722183,2022,1,5,33011,Ieper,Normaal,Droog,"Nacht, openbare verlichting aanwezig en ontstoken",met lichtgewonden,3,Fiets,10,"één bestuurder, geen hindernis",Buiten Kruispunt,Gewestweg,buiten bebouwde kom,"Eén bestuurder, geen hindernis (incl. val)",Geen hindernis
29582,38,Lommel teller 2,Lommel,51.23277,5.29189,0.3863536339047742,51.229666290728616,5.29438435283695,2022,2,8,72020,Lommel,Normaal,Droog,Dag,met lichtgewonden,9,personenauto,3,Fiets,Op Kruispunt,Gemeenteweg,binnen bebouwde kom,Tussen 2 bestuurders: Flank tegen flank,Geen hindernis
29582,37,Lommel teller 1,Lommel,51.23299,5.29211,0.40207758087918893,51.229666290728616,5.29438435283695,2022,2,8,72020,Lommel,Normaal,Droog,Dag,met lichtgewonden,9,personenauto,3,Fiets,Op Kruispunt,Gemeenteweg,binnen bebouwde kom,Tussen 2 bestuurders: Flank tegen flank,Geen hindernis
29583,46,Pelt teller 2,Pelt,51.231,5.44375,0.11132115817781028,51.230344334558595,5.442541806616629,2022,2,8,72043,Pelt,Normaal,Droog,Dag,met lichtgewonden,9,personenauto,3,Fiets,Op Kruispunt,Gewestweg,buiten bebouwde kom,Tss. 2 best.: langs opzij (voor-/achterkant-flank),Geen hindernis
29583,45,Pelt teller 1,Pelt,51.23127,5.44377,0.13381948955534398,51.230344334558595,5.442541806616629,2022,2,8,72043,Pelt,Normaal,Droog,Dag,met lichtgewonden,9,personenauto,3,Fiets,Op Kruispunt,Gewestweg,buiten bebouwde kom,Tss. 2 best.: langs opzij (voor-/achterkant-flank),Geen hindernis
29596,69,Leuven teller 1,Leuven,50.87549,4.71526,0.3362288346294117,50.87291123896333,4.71776227091801,2022,2,19,24062,Leuven,Onbekend,Onbekend,Onbekend,met lichtgewonden,3,Fiets,11,een weggebruiker tegen een hindernis,Buiten Kruispunt,Gewestweg,binnen bebouwde kom,Weggebruiker tegen hindernis buiten rijbaan,Andere hindernis
29619,145,Overijse,District Vilvoorde-gewestwegen,50.7885856,4.4908759,0.330688332193559,50.78802461626937,4.4954956729054105,2022,2,19,23062,Overijse,Normaal,"Nat, plassen","Nacht, openbare verlichting aanwezig en ontstoken",met lichtgewonden,3,Fiets,9,personenauto,Buiten Kruispunt,Gewestweg,buiten bebouwde kom,Tss. 2 best.: langs opzij (voor-/achterkant-flank),Geen hindernis
29619,146,Overijse 2,District Vilvoorde-gewestwegen,50.7881478,4.4902818,0.36677218882853974,50.78802461626937,4.4954956729054105,2022,2,19,23062,Overijse,Normaal,"Nat, plassen","Nacht, openbare verlichting aanwezig en ontstoken",met lichtgewonden,3,Fiets,9,personenauto,Buiten Kruispunt,Gewestweg,buiten bebouwde kom,Tss. 2 best.: langs opzij (voor-/achterkant-flank),Geen hindernis
29725,120,Zele teller 1,Zele,51.0607671,4.0547741,0.19655468830832595,51.06246496984909,4.053991601352879,2022,2,2,42028,Zele,Onbekend,Droog,"Nacht, openbare verlichting aanwezig en ontstoken",met lichtgewonden,3,Fiets,11,een weggebruiker tegen een hindernis,Buiten Kruispunt,Gewestweg,buiten bebouwde kom,Weggebruiker tegen hindernis op de rijbaan,Op de rijbaan: Container
29725,121,Zele teller 2,Zele,51.0604067,4.0556696,0.25716229516434774,51.06246496984909,4.053991601352879,2022,2,2,42028,Zele,Onbekend,Droog,"Nacht, openbare verlichting aanwezig en ontstoken",met lichtgewonden,3,Fiets,11,een weggebruiker tegen een hindernis,Buiten Kruispunt,Gewestweg,buiten bebouwde kom,Weggebruiker tegen hindernis op de rijbaan,Op de rijbaan: Container
29805,143,Eco Display Classic Budastraat,Kortrijk,50.83066,3.26286,0.12730396249501053,50.8298998789663,3.264215441996384,2022,2,12,34022,Kortrijk,Normaal,Droog,Dag,met lichtgewonden,3,Fiets,5,Lichte vrachtauto,Buiten Kruispunt,Gemeenteweg,binnen bebouwde kom,Tss. 2 best.: langs opzij (voor-/achterkant-flank),Geen hindernis
29807,16,Kortrijk 1,Kortrijk,50.83332,3.27777,0.21832417881839467,50.831970869649936,3.2755113906272944,2022,2,11,34022,Kortrijk,Normaal,Droog,Dag,met lichtgewonden,9,personenauto,3,Fiets,Op Kruispunt,Gewestweg,binnen bebouwde kom,Tss. 2 best.: langs opzij (voor-/achterkant-flank),Geen hindernis
29807,17,Kortrijk 2,Kortrijk,50.83339,3.27773,0.22176124735677816,50.831970869649936,3.2755113906272944,2022,2,11,34022,Kortrijk,Normaal,Droog,Dag,met lichtgewonden,9,personenauto,3,Fiets,Op Kruispunt,Gewestweg,binnen bebouwde kom,Tss. 2 best.: langs opzij (voor-/achterkant-flank),Geen hindernis
29822,66,Nieuwpoort totem,Nieuwpoort,51.1347,2.74369,0.2479931744600429,51.133193493220645,2.7463107577468704,2022,2,11,38016,Nieuwpoort,Normaal,Droog,Dag,met lichtgewonden,3,Fiets,3,Fiets,Op Kruispunt,Gewestweg,binnen bebouwde kom,Tss. 2 best.: langs opzij (voor-/achterkant-flank),Geen hindernis
29822,63,Nieuwpoort teller 3,Nieuwpoort,51.13529,2.74289,0.33363816146418956,51.133193493220645,2.7463107577468704,2022,2,11,38016,Nieuwpoort,Normaal,Droog,Dag,met lichtgewonden,3,Fiets,3,Fiets,Op Kruispunt,Gewestweg,binnen bebouwde kom,Tss. 2 best.: langs opzij (voor-/achterkant-flank),Geen hindernis
29860,140,Hasselt ring,Hasselt,50.9300038,5.3438616,0.285344911225395,50.927470351001304,5.344509687615561,2022,2,18,71022,Hasselt,Normaal,"Nat, plassen","Nacht, openbare verlichting aanwezig en ontstoken",met lichtgewonden,3,Fiets,9,personenauto,Op Kruispunt,Gemeenteweg,binnen bebouwde kom,Tss. 2 best.: langs opzij (voor-/achterkant-flank),Geen hindernis
29879,23,Tienen 3,Tienen,50.81324,4.93447,0.44626061487103547,50.81234260307698,4.928279192581891,2022,2,20,24107,Tienen,Normaal,Droog,Dageraad - schemering,met lichtgewonden,3,Fiets,10,"één bestuurder, geen hindernis",Op Kruispunt,Gewestweg,binnen bebouwde kom,"Eén bestuurder, geen hindernis (incl. val)",Geen hindernis
29879,24,Tienen 1,Tienen,50.8133795491886,4.935044252605416,0.4890926671396642,50.81234260307698,4.928279192581891,2022,2,20,24107,Tienen,Normaal,Droog,Dageraad - schemering,met lichtgewonden,3,Fiets,10,"één bestuurder, geen hindernis",Op Kruispunt,Gewestweg,binnen bebouwde kom,"Eén bestuurder, geen hindernis (incl. val)",Geen hindernis
30055,37,Lommel teller 1,Lommel,51.23299,5.29211,0.3067279024623506,51.23285373218748,5.2965100262941105,2022,3,14,72020,Lommel,Normaal,Droog,Dag,met lichtgewonden,9,personenauto,3,Fiets,Op Kruispunt,Gewestweg,buiten bebouwde kom,Kettingbotsing (3 bestuurders of meer),Geen hindernis
30055,38,Lommel teller 2,Lommel,51.23277,5.29189,0.32180647871585716,51.23285373218748,5.2965100262941105,2022,3,14,72020,Lommel,Normaal,Droog,Dag,met lichtgewonden,9,personenauto,3,Fiets,Op Kruispunt,Gewestweg,buiten bebouwde kom,Kettingbotsing (3 bestuurders of meer),Geen hindernis
30088,77,Leuven teller 2,Leuven,50.88672,4.70796,0.24809516870144685,50.888620423393796,4.706106947222132,2022,3,13,24062,Leuven,Normaal,Droog,Dag,met lichtgewonden,9,personenauto,3,Fiets,Buiten Kruispunt,Gemeenteweg,binnen bebouwde kom,Tss. 2 best.: langs opzij (voor-/achterkant-flank),Geen hindernis
30088,107,leuven totem,Leuven,50.8870744,4.7087919,0.2549995154333812,50.888620423393796,4.706106947222132,2022,3,13,24062,Leuven,Normaal,Droog,Dag,met lichtgewonden,9,personenauto,3,Fiets,Buiten Kruispunt,Gemeenteweg,binnen bebouwde kom,Tss. 2 best.: langs opzij (voor-/achterkant-flank),Geen hindernis
30090,151,Leuven,District Leuven,50.8690262,4.6854839,0.4877971888810473,50.8719282401724,4.690696896871564,2022,3,18,24062,Leuven,Normaal,Droog,Dag,met lichtgewonden,4,Vrachtwagen,3,Fiets,Op Kruispunt,Gewestweg,binnen bebouwde kom,Tss. 2 best.: langs opzij (voor-/achterkant-flank),Geen hindernis
30102,69,Leuven teller 1,Leuven,50.87549,4.71526,0.0186206151933724,50.87548490640663,4.7149947390283105,2022,3,17,24062,Leuven,Normaal,Droog,Dag,met lichtgewonden,7,Motorfiets,3,Fiets,Buiten Kruispunt,Gewestweg,binnen bebouwde kom,Tussen 2 bestuurders: Frontale botsing,Geen hindernis
30110,87,Aarschot,Aarschot,50.99084,4.81259,0.02607064236629949,50.9906931266545,4.812880341990024,2022,3,20,24001,Aarschot,Normaal,"Nat, plassen","Nacht, openbare verlichting aanwezig en ontstoken",Met doden,4,Vrachtwagen,3,Fiets,Op Kruispunt,Gewestweg,buiten bebouwde kom,Tss. 2 best.: langs opzij (voor-/achterkant-flank),Geen hindernis
30215,6,Evergem 2,Evergem,51.10894,3.70298,0.15380427104690908,51.10825433658971,3.701066651769457,2022,3,15,44019,Evergem,Normaal,Droog,Dag,met lichtgewonden,9,personenauto,3,Fiets,Buiten Kruispunt,Gemeenteweg,binnen bebouwde kom,Tussen 2 bestuurders: Flank tegen flank,Geen hindernis
30215,7,Evergem 1,Evergem,51.1089,3.70317,0.1634532357172739,51.10825433658971,3.701066651769457,2022,3,15,44019,Evergem,Normaal,Droog,Dag,met lichtgewonden,9,personenauto,3,Fiets,Buiten Kruispunt,Gemeenteweg,binnen bebouwde kom,Tussen 2 bestuurders: Flank tegen flank,Geen hindernis
30262,120,Zele teller 1,Zele,51.0607671,4.0547741,0.46486612181531656,51.06433220540526,4.0512997566059035,2022,3,4,42028,Zele,Normaal,Droog,"Nacht, openbare verlichting aanwezig en ontstoken",met lichtgewonden,3,Fiets,10,"één bestuurder, geen hindernis",Buiten Kruispunt,Gewestweg,binnen bebouwde kom,"Eén bestuurder, geen hindernis (incl. val)",Geen hindernis
30285,122,Dendermonde teller 2,Dendermonde,51.0373918,4.1019222,0.11770981864713138,51.038430868360685,4.102244015477858,2022,3,1,42006,Dendermonde,Normaal,Droog,"Nacht, openbare verlichting aanwezig en ontstoken",dodelijk gewonden,3,Fiets,10,"één bestuurder, geen hindernis",Buiten Kruispunt,Gewestweg,binnen bebouwde kom,"Eén bestuurder, geen hindernis (incl. val)",Geen hindernis
30285,125,Dendermonde totem,Dendermonde,51.0372706,4.1025998,0.13139237802529977,51.038430868360685,4.102244015477858,2022,3,1,42006,Dendermonde,Normaal,Droog,"Nacht, openbare verlichting aanwezig en ontstoken",dodelijk gewonden,3,Fiets,10,"één bestuurder, geen hindernis",Buiten Kruispunt,Gewestweg,binnen bebouwde kom,"Eén bestuurder, geen hindernis (incl. val)",Geen hindernis
30290,142,TEST Validatie BRUGGE Y2H22022134,Brugge,51.22632,3.24095,0.228595227394431,51.22458662051933,3.2391850372490483,2022,3,14,31005,Brugge,Normaal,Droog,Dag,met lichtgewonden,3,Fiets,9,personenauto,Buiten Kruispunt,Gewestweg,binnen bebouwde kom,Tss. 2 best.: langs opzij (voor-/achterkant-flank),Geen hindernis
30290,52,Brugge,Brugge,51.22632,3.24095,0.228595227394431,51.22458662051933,3.2391850372490483,2022,3,14,31005,Brugge,Normaal,Droog,Dag,met lichtgewonden,3,Fiets,9,personenauto,Buiten Kruispunt,Gewestweg,binnen bebouwde kom,Tss. 2 best.: langs opzij (voor-/achterkant-flank),Geen hindernis
30347,16,Kortrijk 1,Kortrijk,50.83332,3.27777,0.33020065881587596,50.83099004469582,3.2748550042174243,2022,3,12,34022,Kortrijk,Normaal,Droog,Dag,met lichtgewonden,9,personenauto,3,Fiets,Buiten Kruispunt,Gemeenteweg,binnen bebouwde kom,Tss. 2 best.: langs opzij (voor-/achterkant-flank),Geen hindernis
30347,17,Kortrijk 2,Kortrijk,50.83339,3.27773,0.3346398802074144,50.83099004469582,3.2748550042174243,2022,3,12,34022,Kortrijk,Normaal,Droog,Dag,met lichtgewonden,9,personenauto,3,Fiets,Buiten Kruispunt,Gemeenteweg,binnen bebouwde kom,Tss. 2 best.: langs opzij (voor-/achterkant-flank),Geen hindernis
30348,143,Eco Display Classic Budastraat,Kortrijk,50.83066,3.26286,0.4483739594053283,50.83322348825825,3.25793188815185,2022,3,17,34022,Kortrijk,Normaal,Droog,Dag,met lichtgewonden,9,personenauto,3,Fiets,Buiten Kruispunt,Gewestweg,binnen bebouwde kom,Tussen 2 bestuurders: Langs achteren,Geen hindernis
30363,66,Nieuwpoort totem,Nieuwpoort,51.1347,2.74369,0.4104357048258399,51.13232154464945,2.748188216467663,2022,3,16,38016,Nieuwpoort,Normaal,Droog,Dag,met lichtgewonden,3,Fiets,9,personenauto,Buiten Kruispunt,Gemeenteweg,binnen bebouwde kom,Tussen 2 bestuurders: Langs achteren,Geen hindernis
30363,63,Nieuwpoort teller 3,Nieuwpoort,51.13529,2.74289,0.4955980466787692,51.13232154464945,2.748188216467663,2022,3,16,38016,Nieuwpoort,Normaal,Droog,Dag,met lichtgewonden,3,Fiets,9,personenauto,Buiten Kruispunt,Gemeenteweg,binnen bebouwde kom,Tussen 2 bestuurders: Langs achteren,Geen hindernis
30419,14,Genk,Genk,50.97172,5.48927,0.4648293729448624,50.97588350071017,5.489864774986192,2022,3,5,71016,Genk,Normaal,Droog,"Nacht, openbare verlichting aanwezig en ontstoken",met lichtgewonden,9,personenauto,3,Fiets,Op Kruispunt,Gemeenteweg,binnen bebouwde kom,Tss. 2 best.: langs opzij (voor-/achterkant-flank),Geen hindernis
30582,127,Geel totem,Westerlo,51.1342966,4.9400421,0.2678254734538555,51.13204096413722,4.93869598910677,2022,4,14,13049,Westerlo,Normaal,Droog,Dag,met lichtgewonden,3,Fiets,3,Fiets,Buiten Kruispunt,Gewestweg,buiten bebouwde kom,Kettingbotsing (3 bestuurders of meer),Geen hindernis
30582,112,Geel teller 2,Westerlo,51.1354992,4.9394789,0.3883991393010938,51.13204096413722,4.93869598910677,2022,4,14,13049,Westerlo,Normaal,Droog,Dag,met lichtgewonden,3,Fiets,3,Fiets,Buiten Kruispunt,Gewestweg,buiten bebouwde kom,Kettingbotsing (3 bestuurders of meer),Geen hindernis
30583,127,Geel totem,Westerlo,51.1342966,4.9400421,0.49916929311957714,51.130040345272626,4.942316288207641,2022,4,16,13049,Westerlo,Normaal,Droog,Dag,met lichtgewonden,3,Fiets,3,Fiets,Buiten Kruispunt,Gemeenteweg,binnen bebouwde kom,Tussen 2 bestuurders: Frontale botsing,Geen hindernis
30593,94,Herentals teller 2,Herentals,51.17345,4.81283,0.17239834756055072,51.17433445444428,4.814861062511641,2022,4,22,13011,Herentals,Normaal,Droog,"Nacht, openbare verlichting aanwezig en ontstoken",met zwaargewonden,9,personenauto,3,Fiets,Buiten Kruispunt,Gewestweg,buiten bebouwde kom,Tss. 2 best.: langs opzij (voor-/achterkant-flank),Geen hindernis
30593,110,Herentals totem,Herentals,51.1739426,4.811783,0.2189639546606435,51.17433445444428,4.814861062511641,2022,4,22,13011,Herentals,Normaal,Droog,"Nacht, openbare verlichting aanwezig en ontstoken",met zwaargewonden,9,personenauto,3,Fiets,Buiten Kruispunt,Gewestweg,buiten bebouwde kom,Tss. 2 best.: langs opzij (voor-/achterkant-flank),Geen hindernis
30654,101,Diest teller 1,Diest,50.97799,5.04481,0.38852047023432035,50.980723503005024,5.048266657204229,2022,4,7,24020,Diest,Normaal,Droog,Dag,met lichtgewonden,9,personenauto,3,Fiets,Op Kruispunt,Gewestweg,binnen bebouwde kom,Tss. 2 best.: langs opzij (voor-/achterkant-flank),Geen hindernis
30654,102,Diest teller 2,Diest,50.9779,5.04474,0.3994094305027216,50.980723503005024,5.048266657204229,2022,4,7,24020,Diest,Normaal,Droog,Dag,met lichtgewonden,9,personenauto,3,Fiets,Op Kruispunt,Gewestweg,binnen bebouwde kom,Tss. 2 best.: langs opzij (voor-/achterkant-flank),Geen hindernis