crash_row_id,site_id,site_name,site_gemeente,site_lat,site_long,distance_km,crash_lat,crash_long,DT_YEAR_COLLISION,DT_MONTH_COLLISION,DT_TIME,CD_NIS,TX_MUNTY_COLLISION_NL,TX_WEATHER_NL,TX_ROAD_CONDITION_NL,TX_LIGHT_CONDITION_NL,TX_CLASS_ACCIDENTS_NL,CD_ROAD_USR_TYPE1,TX_ROAD_USR_TYPE1_NL,CD_ROAD_USR_TYPE2,TX_ROAD_USR_TYPE2_NL,TX_CROSSWAY_NL,CD_ROAD_TYPE_NL,TX_BUILD_UP_AREA_NL,TX_COLLISION_TYPE_NL,TX_OBSTACLES_NL
30657,78,Pepingen teller 1,Pepingen,50.75824,4.1652,0.0721853207566196,50.758549526184176,4.164297939132498,2022,4,11,23064,Pepingen,Normaal,Droog,Dag,met lichtgewonden,9,personenauto,3,Fiets,Op Kruispunt,Gewestweg,binnen bebouwde kom,Tss. 2 best.: langs opzij (voor-/achterkant-flank),Geen hindernis
30657,79,Pepingen teller 2,Pepingen,50.75848,4.16537,0.07580489723475424,50.758549526184176,4.164297939132498,2022,4,11,23064,Pepingen,Normaal,Droog,Dag,met lichtgewonden,9,personenauto,3,Fiets,Op Kruispunt,Gewestweg,binnen bebouwde kom,Tss. 2 best.: langs opzij (voor-/achterkant-flank),Geen hindernis
30725,118,Gent teller 1,Gent,51.028049,3.7681359,0.21785521939842079,51.02925267658087,3.7656779763439747,2022,4,6,44021,Gent,Normaal,Droog,Dageraad - schemering,met lichtgewonden,3,Fiets,10,"één bestuurder, geen hindernis",Op Kruispunt,Gewestweg,binnen bebouwde kom,"Eén bestuurder, geen hindernis (incl. val)",Geen hindernis
30725,119,Gent teller 2,Gent,51.0281795,3.7683918,0.22418670976822158,51.02925267658087,3.7656779763439747,2022,4,6,44021,Gent,Normaal,Droog,Dageraad - schemering,met lichtgewonden,3,Fiets,10,"één bestuurder, geen hindernis",Op Kruispunt,Gewestweg,binnen bebouwde kom,"Eén bestuurder, geen hindernis (incl. val)",Geen hindernis
30883,55,Torhout teller 1,Torhout,51.07161,3.08261,0.289738182236622,51.07033346878031,3.0862250916785148,2022,4,10,31033,Torhout,Normaal,Droog,Dag,met lichtgewonden,3,Fiets,9,personenauto,Buiten Kruispunt,Gewestweg,buiten bebouwde kom,Kettingbotsing (3 bestuurders of meer),Geen hindernis
30883,56,Torhout teller 2,Torhout,51.07147,3.08244,0.2931090384183504,51.07033346878031,3.0862250916785148,2022,4,10,31033,Torhout,Normaal,Droog,Dag,met lichtgewonden,3,Fiets,9,personenauto,Buiten Kruispunt,Gewestweg,buiten bebouwde kom,Kettingbotsing (3 bestuurders of meer),Geen hindernis
30904,143,Eco Display Classic Budastraat,Kortrijk,50.83066,3.26286,0.45802499142310926,50.8338192848112,3.258675164039159,2022,4,10,34022,Kortrijk,Sneeuwval,"Nat, plassen",Dag,met zwaargewonden,9,personenauto,3,Fiets,Op Kruispunt,Gewestweg,binnen bebouwde kom,Tss. 2 best.: langs opzij (voor-/achterkant-flank),Geen hindernis
30906,16,Kortrijk 1,Kortrijk,50.83332,3.27777,0.45598798372149124,50.82937204839774,3.2760139100822996,2022,4,17,34022,Kortrijk,Regenval,"Nat, plassen",Dag,met lichtgewonden,9,personenauto,3,Fiets,Op Kruispunt,Gemeenteweg,binnen bebouwde kom,Tss. 2 best.: langs opzij (voor-/achterkant-flank),Geen hindernis
30906,17,Kortrijk 2,Kortrijk,50.83339,3.27773,0.4627466597805171,50.82937204839774,3.2760139100822996,2022,4,17,34022,Kortrijk,Regenval,"Nat, plassen",Dag,met lichtgewonden,9,personenauto,3,Fiets,Op Kruispunt,Gemeenteweg,binnen bebouwde kom,Tss. 2 best.: langs opzij (voor-/achterkant-flank),Geen hindernis
30907,143,Eco Display Classic Budastraat,Kortrijk,50.83066,3.26286,0.3324032566597383,50.82776731610596,3.264053962807514,2022,4,13,34022,Kortrijk,Onbekend,Onbekend,Dag,met lichtgewonden,3,Fiets,9,personenauto,Op Kruispunt,Gewestweg,binnen bebouwde kom,Tss. 2 best.: langs opzij (voor-/achterkant-flank),Geen hindernis
30954,99,Mechelen teller 1,Mechelen,51.04564,4.46882,0.2682826900962946,51.04337529176292,4.4701434366860875,2022,4,8,12025,Mechelen,Normaal,Droog,Dag,met lichtgewonden,9,personenauto,3,Fiets,Op Kruispunt,Gewestweg,binnen bebouwde kom,Tss. 2 best.: langs opzij (voor-/achterkant-flank),Geen hindernis
30954,100,Mechelen teller 2,Mechelen,51.0457,4.46883,0.27431991242964576,51.04337529176292,4.4701434366860875,2022,4,8,12025,Mechelen,Normaal,Droog,Dag,met lichtgewonden,9,personenauto,3,Fiets,Op Kruispunt,Gewestweg,binnen bebouwde kom,Tss. 2 best.: langs opzij (voor-/achterkant-flank),Geen hindernis
30961,140,Hasselt ring,Hasselt,50.9300038,5.3438616,0.34098949284850116,50.92776115324648,5.340543200153592,2022,4,15,71022,Hasselt,Normaal,Droog,Dag,met lichtgewonden,9,personenauto,3,Fiets,Op Kruispunt,Gewestweg,binnen bebouwde kom,Tss. 2 best.: langs opzij (voor-/achterkant-flank),Geen hindernis
30962,138,Hasselt-Kempische brug,Hasselt,50.9405318,5.3422472,0.23686645608007237,50.93845191746184,5.341516853863203,2022,4,17,71022,Hasselt,Normaal,Droog,Dag,met lichtgewonden,9,personenauto,3,Fiets,Buiten Kruispunt,Gewestweg,binnen bebouwde kom,Tss. 2 best.: langs opzij (voor-/achterkant-flank),Geen hindernis
30962,137,Hasselt-Kempische brug,Hasselt,50.9411605,5.3417576,0.30165265689950366,50.93845191746184,5.341516853863203,2022,4,17,71022,Hasselt,Normaal,Droog,Dag,met lichtgewonden,9,personenauto,3,Fiets,Buiten Kruispunt,Gewestweg,binnen bebouwde kom,Tss. 2 best.: langs opzij (voor-/achterkant-flank),Geen hindernis
30970,31,Herk De Stad,Herk-de-Stad,50.94366,5.1775,0.0300005173127875,50.94379608266742,5.1778697418011665,2022,4,8,71024,Herk-de-Stad,Normaal,Droog,Dag,met lichtgewonden,8,Voetganger,3,Fiets,Op Kruispunt,Gewestweg,buiten bebouwde kom,Met een voetganger,Geen hindernis
30970,30,Herk De Stad,Herk-de-Stad,50.94374,5.17691,0.06752999637106614,50.94379608266742,5.1778697418011665,2022,4,8,71024,Herk-de-Stad,Normaal,Droog,Dag,met lichtgewonden,8,Voetganger,3,Fiets,Op Kruispunt,Gewestweg,buiten bebouwde kom,Met een voetganger,Geen hindernis
30992,139,Houthalen-Helchteren,Houthalen-Helchteren,51.0644267,5.3819796,0.3614251195065059,51.061290934918446,5.383340875398499,2022,4,11,72039,Houthalen-Helchteren,Normaal,Droog,Dag,met lichtgewonden,3,Fiets,9,personenauto,Buiten Kruispunt,Gewestweg,buiten bebouwde kom,Tss. 2 best.: langs opzij (voor-/achterkant-flank),Geen hindernis
30993,25,Bree,Bree,51.13679500160176,5.597669323604317,0.28160453926218537,51.13708719614941,5.593660122781947,2022,4,2,72004,Bree,Normaal,Droog,"Nacht, openbare verlichting aanwezig en ontstoken",met lichtgewonden,3,Fiets,11,een weggebruiker tegen een hindernis,Buiten Kruispunt,Gewestweg,buiten bebouwde kom,Weggebruiker tegen hindernis buiten rijbaan,Buiten de rijbaan: Andere paal
31007,22,Tienen 2,Tienen,50.81330800184882,4.935984252796022,0.30481678231132975,50.81535457463918,4.938870732108641,2022,4,15,24107,Tienen,Normaal,Droog,Dag,met lichtgewonden,3,Fiets,9,personenauto,Buiten Kruispunt,Gemeenteweg,binnen bebouwde kom,Tss. 2 best.: langs opzij (voor-/achterkant-flank),Geen hindernis
31007,24,Tienen 1,Tienen,50.8133795491886,4.935044252605416,0.34713510162490835,50.81535457463918,4.938870732108641,2022,4,15,24107,Tienen,Normaal,Droog,Dag,met lichtgewonden,3,Fiets,9,personenauto,Buiten Kruispunt,Gemeenteweg,binnen bebouwde kom,Tss. 2 best.: langs opzij (voor-/achterkant-flank),Geen hindernis
31007,23,Tienen 3,Tienen,50.81324,4.93447,0.38843225316482316,50.81535457463918,4.938870732108641,2022,4,15,24107,Tienen,Normaal,Droog,Dag,met lichtgewonden,3,Fiets,9,personenauto,Buiten Kruispunt,Gemeenteweg,binnen bebouwde kom,Tss. 2 best.: langs opzij (voor-/achterkant-flank),Geen hindernis
31181,3,Brasschaat 1,Brasschaat,51.27503,4.47222,0.13807748683219456,51.27621188561297,4.4728289455224886,2022,5,17,11008,Brasschaat,Normaal,Droog,Dag,met lichtgewonden,9,personenauto,3,Fiets,Op Kruispunt,Gewestweg,buiten bebouwde kom,Tss. 2 best.: langs opzij (voor-/achterkant-flank),Geen hindernis
31181,2,Brasschaat 2,Brasschaat,51.27512,4.47169,0.14497460420888442,51.27621188561297,4.4728289455224886,2022,5,17,11008,Brasschaat,Normaal,Droog,Dag,met lichtgewonden,9,personenauto,3,Fiets,Op Kruispunt,Gewestweg,buiten bebouwde kom,Tss. 2 best.: langs opzij (voor-/achterkant-flank),Geen hindernis
31231,9,Heist op den Berg 2,Heist-op-den-Berg,51.06904,4.69524,0.17903165874064497,51.06841376421923,4.697600472649721,2022,5,12,12014,Heist-op-den-Berg,Normaal,Droog,Dag,met lichtgewonden,3,Fiets,5,Lichte vrachtauto,Buiten Kruispunt,Gewestweg,buiten bebouwde kom,Tss. 2 best.: langs opzij (voor-/achterkant-flank),Geen hindernis
31294,21,Bilzen,Bilzen,50.86015,5.50161,0.45694893635780387,50.864257539043955,5.501411964870711,2022,5,19,73006,Bilzen,Normaal,Droog,Dag,met zwaargewonden,9,personenauto,3,Fiets,Buiten Kruispunt,Gemeenteweg,buiten bebouwde kom,Tss. 2 best.: langs opzij (voor-/achterkant-flank),Geen hindernis
31304,151,Leuven,District Leuven,50.8690262,4.6854839,0.229256724861123,50.86899230489266,4.688750405177226,2022,5,7,24062,Leuven,Normaal,Droog,Dag,met lichtgewonden,3,Fiets,8,Voetganger,Op Kruispunt,Gewestweg,binnen bebouwde kom,Met een voetganger,Geen hindernis
31322,69,Leuven teller 1,Leuven,50.87549,4.71526,0.2107364568272103,50.87366546686684,4.714447513981549,2022,5,8,24062,Leuven,Normaal,Droog,Dag,met lichtgewonden,9,personenauto,3,Fiets,Op Kruispunt,Gewestweg,binnen bebouwde kom,Tss. 2 best.: langs opzij (voor-/achterkant-flank),Geen hindernis
31323,77,Leuven teller 2,Leuven,50.88672,4.70796,0.24809518858553964,50.88862042364778,4.706106947335625,2022,5,17,24062,Leuven,Normaal,Droog,Dag,met lichtgewonden,9,personenauto,3,Fiets,Buiten Kruispunt,Gemeenteweg,buiten bebouwde kom,Tss. 2 best.: langs opzij (voor-/achterkant-flank),Geen hindernis
31323,107,leuven totem,Leuven,50.8870744,4.7087919,0.254999528592581,50.88862042364778,4.706106947335625,2022,5,17,24062,Leuven,Normaal,Droog,Dag,met lichtgewonden,9,personenauto,3,Fiets,Buiten Kruispunt,Gemeenteweg,buiten bebouwde kom,Tss. 2 best.: langs opzij (voor-/achterkant-flank),Geen hindernis
31329,107,leuven totem,Leuven,50.8870744,4.7087919,0.326186605574547,50.88465214158762,4.711414729457049,2022,5,14,24062,Leuven,Normaal,Droog,Dag,met lichtgewonden,9,personenauto,3,Fiets,Buiten Kruispunt,Gewestweg,binnen bebouwde kom,Tss. 2 best.: langs opzij (voor-/achterkant-flank),Geen hindernis
31329,77,Leuven teller 2,Leuven,50.88672,4.70796,0.3340697740050902,50.88465214158762,4.711414729457049,2022,5,14,24062,Leuven,Normaal,Droog,Dag,met lichtgewonden,9,personenauto,3,Fiets,Buiten Kruispunt,Gewestweg,binnen bebouwde kom,Tss. 2 best.: langs opzij (voor-/achterkant-flank),Geen hindernis
31408,116,Melle teller 2,Melle,50.9986113,3.8040599,0.3272070513634726,50.99915850096265,3.808654140278915,2022,5,14,44040,Melle,Onbekend,Onbekend,Dag,met lichtgewonden,3,Fiets,9,personenauto,Buiten Kruispunt,Gewestweg,binnen bebouwde kom,Tss. 2 best.: langs opzij (voor-/achterkant-flank),Geen hindernis
31408,117,Melle teller 1,Melle,50.9986113,3.8040599,0.3272070513634726,50.99915850096265,3.808654140278915,2022,5,14,44040,Melle,Onbekend,Onbekend,Dag,met lichtgewonden,3,Fiets,9,personenauto,Buiten Kruispunt,Gewestweg,binnen bebouwde kom,Tss. 2 best.: langs opzij (voor-/achterkant-flank),Geen hindernis
31473,118,Gent teller 1,Gent,51.028049,3.7681359,0.4917219421300058,51.02467003890827,3.7726715288812858,2022,5,17,44040,Melle,Onbekend,Onbekend,Onbekend,met zwaargewonden,9,personenauto,3,Fiets,Op Kruispunt,Gewestweg,buiten bebouwde kom,Tss. 2 best.: langs opzij (voor-/achterkant-flank),Geen hindernis
31473,119,Gent teller 2,Gent,51.0281795,3.7683918,0.49180387657326596,51.02467003890827,3.7726715288812858,2022,5,17,44040,Melle,Onbekend,Onbekend,Onbekend,met zwaargewonden,9,personenauto,3,Fiets,Op Kruispunt,Gewestweg,buiten bebouwde kom,Tss. 2 best.: langs opzij (voor-/achterkant-flank),Geen hindernis
31487,6,Evergem 2,Evergem,51.10894,3.70298,0.29351050399029915,51.11157223037597,3.702665974224128,2022,5,18,44019,Evergem,Normaal,Droog,Dag,met lichtgewonden,9,personenauto,3,Fiets,Op Kruispunt,Gemeenteweg,binnen bebouwde kom,Tss. 2 best.: langs opzij (voor-/achterkant-flank),Geen hindernis
31487,7,Evergem 1,Evergem,51.1089,3.70317,0.29921455867684443,51.11157223037597,3.702665974224128,2022,5,18,44019,Evergem,Normaal,Droog,Dag,met lichtgewonden,9,personenauto,3,Fiets,Op Kruispunt,Gemeenteweg,binnen bebouwde kom,Tss. 2 best.: langs opzij (voor-/achterkant-flank),Geen hindernis
31570,128,Lokeren teller 1,Lokeren,51.09644,3.97023,0.45223639530530163,51.09833962159283,3.975956392959859,2022,5,12,46014,Lokeren,Normaal,Droog,Dag,met lichtgewonden,9,personenauto,3,Fiets,Op Kruispunt,Gewestweg,binnen bebouwde kom,Tss. 2 best.: langs opzij (voor-/achterkant-flank),Geen hindernis
31570,129,Lokeren teller 2,Lokeren,51.09612,3.97025,0.4687237830258913,51.09833962159283,3.975956392959859,2022,5,12,46014,Lokeren,Normaal,Droog,Dag,met lichtgewonden,9,personenauto,3,Fiets,Op Kruispunt,Gewestweg,binnen bebouwde kom,Tss. 2 best.: langs opzij (voor-/achterkant-flank),Geen hindernis
31582,121,Zele teller 2,Zele,51.0604067,4.0556696,0.32366817934884773,51.05769815461159,4.057365864153764,2022,5,18,42028,Zele,"Andere (dikke rook,...)",Droog,Dag,met lichtgewonden,9,personenauto,3,Fiets,Op Kruispunt,Gemeenteweg,buiten bebouwde kom,Tussen 2 bestuurders: Frontale botsing,Geen hindernis
31582,120,Zele teller 1,Zele,51.0607671,4.0547741,0.3863437111907866,51.05769815461159,4.057365864153764,2022,5,18,42028,Zele,"Andere (dikke rook,...)",Droog,Dag,met lichtgewonden,9,personenauto,3,Fiets,Op Kruispunt,Gemeenteweg,buiten bebouwde kom,Tussen 2 bestuurders: Frontale botsing,Geen hindernis
31642,142,TEST Validatie BRUGGE Y2H22022134,Brugge,51.22632,3.24095,0.2285952368516227,51.22458662044253,3.239185037188784,2022,5,16,31005,Brugge,Normaal,Droog,Dag,met lichtgewonden,3,Fiets,3,Fiets,Buiten Kruispunt,Gewestweg,binnen bebouwde kom,Tussen 2 bestuurders: Frontale botsing,Geen hindernis
31642,52,Brugge,Brugge,51.22632,3.24095,0.2285952368516227,51.22458662044253,3.239185037188784,2022,5,16,31005,Brugge,Normaal,Droog,Dag,met lichtgewonden,3,Fiets,3,Fiets,Buiten Kruispunt,Gewestweg,binnen bebouwde kom,Tussen 2 bestuurders: Frontale botsing,Geen hindernis
31649,54,Brugge teller 2,Brugge,51.23015,3.22818,0.4663348018794246,51.22867236792291,3.2344477971107075,2022,5,16,31005,Brugge,Normaal,Droog,Dag,met lichtgewonden,3,Fiets,9,personenauto,Op Kruispunt,Gemeenteweg,binnen bebouwde kom,Tss. 2 best.: langs opzij (voor-/achterkant-flank),Geen hindernis
31649,53,Brugge teller 1,Brugge,51.23023,3.228,0.4812143333338865,51.22867236792291,3.2344477971107075,2022,5,16,31005,Brugge,Normaal,Droog,Dag,met lichtgewonden,3,Fiets,9,personenauto,Op Kruispunt,Gemeenteweg,binnen bebouwde kom,Tss. 2 best.: langs opzij (voor-/achterkant-flank),Geen hindernis
31682,18,Oostende 1,Oostende,51.21378,2.92765,0.01291358954251515,51.21384585757838,2.9274972965287374,2022,5,17,35013,Oostende,Normaal,Droog,Dag,met lichtgewonden,3,Fiets,99,onbekend,Buiten Kruispunt,Gemeenteweg,binnen bebouwde kom,Tussen 2 bestuurders: Flank tegen flank,Geen hindernis
31682,15,Oostende 2,Oostende,51.21371,2.92743,0.01581721167426718,51.21384585757838,2.9274972965287374,2022,5,17,35013,Oostende,Normaal,Droog,Dag,met lichtgewonden,3,Fiets,99,onbekend,Buiten Kruispunt,Gemeenteweg,binnen bebouwde kom,Tussen 2 bestuurders: Flank tegen flank,Geen hindernis
31746,143,Eco Display Classic Budastraat,Kortrijk,50.83066,3.26286,0.3664906867302141,50.83331101537727,3.2659606895421263,2022,5,11,34022,Kortrijk,Normaal,Droog,Dag,met zwaargewonden,3,Fiets,8,Voetganger,Buiten Kruispunt,Gemeenteweg,binnen bebouwde kom,Met een voetganger,Geen hindernis
31787,66,Nieuwpoort totem,Nieuwpoort,51.1347,2.74369,0.382022806529076,51.13234875020374,2.7476819964505883,2022,5,14,38016,Nieuwpoort,Normaal,Droog,Dag,met lichtgewonden,9,personenauto,3,Fiets,Op Kruispunt,Gewestweg,binnen bebouwde kom,Tss. 2 best.: langs opzij (voor-/achterkant-flank),Geen hindernis
31787,63,Nieuwpoort teller 3,Nieuwpoort,51.13529,2.74289,0.46771934209166144,51.13234875020374,2.7476819964505883,2022,5,14,38016,Nieuwpoort,Normaal,Droog,Dag,met lichtgewonden,9,personenauto,3,Fiets,Op Kruispunt,Gewestweg,binnen bebouwde kom,Tss. 2 best.: langs opzij (voor-/achterkant-flank),Geen hindernis
31858,138,Hasselt-Kempische brug,Hasselt,50.9405318,5.3422472,0.43002968922794593,50.93682934612708,5.340474226400959,2022,5,17,71022,Hasselt,Normaal,Droog,Dag,met lichtgewonden,9,personenauto,3,Fiets,Buiten Kruispunt,Gewestweg,binnen bebouwde kom,Tss. 2 best.: langs opzij (voor-/achterkant-flank),Geen hindernis
31858,137,Hasselt-Kempische brug,Hasselt,50.9411605,5.3417576,0.48992582173540533,50.93682934612708,5.340474226400959,2022,5,17,71022,Hasselt,Normaal,Droog,Dag,met lichtgewonden,9,personenauto,3,Fiets,Buiten Kruispunt,Gewestweg,binnen bebouwde kom,Tss. 2 best.: langs opzij (voor-/achterkant-flank),Geen hindernis
31862,138,Hasselt-Kempische brug,Hasselt,50.9405318,5.3422472,0.3652278121275764,50.93740683745744,5.3406421041284755,2022,5,0,71022,Hasselt,Normaal,Droog,"Nacht, openbare verlichting aanwezig en ontstoken",met lichtgewonden,3,Fiets,9,personenauto,Buiten Kruispunt,Gewestweg,binnen bebouwde kom,Tussen 2 bestuurders: Langs achteren,Geen hindernis
31862,137,Hasselt-Kempische brug,Hasselt,50.9411605,5.3417576,0.4246435486435557,50.93740683745744,5.3406421041284755,2022,5,0,71022,Hasselt,Normaal,Droog,"Nacht, openbare verlichting aanwezig en ontstoken",met lichtgewonden,3,Fiets,9,personenauto,Buiten Kruispunt,Gewestweg,binnen bebouwde kom,Tussen 2 bestuurders: Langs achteren,Geen hindernis
31896,49,Bokrijk,Genk,50.95264,5.41001,0.2563298880673322,50.95038793930038,5.410791373814381,2022,5,9,71016,Genk,Normaal,Droog,Dag,met lichtgewonden,9,personenauto,3,Fiets,Op Kruispunt,Gemeenteweg,binnen bebouwde kom,Tss. 2 best.: langs opzij (voor-/achterkant-flank),Geen hindernis
31902,24,Tienen 1,Tienen,50.8133795491886,4.935044252605416,0.03632998740510326,50.81305289543329,4.935054930685372,2022,5,16,24107,Tienen,Normaal,Droog,Dag,met lichtgewonden,9,personenauto,3,Fiets,Buiten Kruispunt,Gewestweg,binnen bebouwde kom,Tussen 2 bestuurders: Flank tegen flank,Geen hindernis
31902,23,Tienen 3,Tienen,50.81324,4.93447,0.04606267545989197,50.81305289543329,4.935054930685372,2022,5,16,24107,Tienen,Normaal,Droog,Dag,met lichtgewonden,9,personenauto,3,Fiets,Buiten Kruispunt,Gewestweg,binnen bebouwde kom,Tussen 2 bestuurders: Flank tegen flank,Geen hindernis
31902,22,Tienen 2,Tienen,50.81330800184882,4.935984252796022,0.07118864232810655,50.81305289543329,4.935054930685372,2022,5,16,24107,Tienen,Normaal,Droog,Dag,met lichtgewonden,9,personenauto,3,Fiets,Buiten Kruispunt,Gewestweg,binnen bebouwde kom,Tussen 2 bestuurders: Flank tegen flank,Geen hindernis
32100,93,Nijlen teller 2,Nijlen,51.14998,4.64469,0.20461269735419818,51.149555030846514,4.641835832932472,2022,6,10,12026,Nijlen,Normaal,Droog,Dag,met lichtgewonden,3,Fiets,11,een weggebruiker tegen een hindernis,Buiten Kruispunt,Gewestweg,buiten bebouwde kom,Weggebruiker tegen hindernis op de rijbaan,"Op de rijbaan: Werken (signal., aarde, toestel,…)"
32100,92,Nijlen teller 1,Nijlen,51.14989,4.64479,0.2093959634935466,51.149555030846514,4.641835832932472,2022,6,10,12026,Nijlen,Normaal,Droog,Dag,met lichtgewonden,3,Fiets,11,een weggebruiker tegen een hindernis,Buiten Kruispunt,Gewestweg,buiten bebouwde kom,Weggebruiker tegen hindernis op de rijbaan,"Op de rijbaan: Werken (signal., aarde, toestel,…)"
32104,93,Nijlen teller 2,Nijlen,51.14998,4.64469,0.2863008189904549,51.14928762564174,4.640736595068813,2022,6,9,12026,Nijlen,Normaal,Droog,Dag,met lichtgewonden,3,Fiets,9,personenauto,Op Kruispunt,Gewestweg,buiten bebouwde kom,Tss. 2 best.: langs opzij (voor-/achterkant-flank),Geen hindernis
32104,92,Nijlen teller 1,Nijlen,51.14989,4.64479,0.29055643843376494,51.14928762564174,4.640736595068813,2022,6,9,12026,Nijlen,Normaal,Droog,Dag,met lichtgewonden,3,Fiets,9,personenauto,Op Kruispunt,Gewestweg,buiten bebouwde kom,Tss. 2 best.: langs opzij (voor-/achterkant-flank),Geen hindernis
32127,132,Gierde lille,Lille,51.245445,4.8298851,0.23393355660876358,51.246872611004534,4.83235373234909,2022,6,6,13019,Lille,Normaal,Droog,Dageraad - schemering,met lichtgewonden,9,personenauto,3,Fiets,Op Kruispunt,Gewestweg,binnen bebouwde kom,Tss. 2 best.: langs opzij (voor-/achterkant-flank),Geen hindernis
32127,133,Gierde Lille Totem,Lille,51.2453915,4.8297416,0.24531899223905507,51.246872611004534,4.83235373234909,2022,6,6,13019,Lille,Normaal,Droog,Dageraad - schemering,met lichtgewonden,9,personenauto,3,Fiets,Op Kruispunt,Gewestweg,binnen bebouwde kom,Tss. 2 best.: langs opzij (voor-/achterkant-flank),Geen hindernis
32140,97,Geel teller 1,Geel,51.14813,4.99698,0.3300322864522956,51.14963966293732,5.001053712490723,2022,6,13,13008,Geel,Normaal,Droog,Dag,met zwaargewonden,9,personenauto,3,Fiets,Op Kruispunt,Gewestweg,buiten bebouwde kom,Tss. 2 best.: langs opzij (voor-/achterkant-flank),Geen hindernis
32140,98,Geel teller 2,Geel,51.1481,4.99643,0.3651390547546541,51.14963966293732,5.001053712490723,2022,6,13,13008,Geel,Normaal,Droog,Dag,met zwaargewonden,9,personenauto,3,Fiets,Op Kruispunt,Gewestweg,buiten bebouwde kom,Tss. 2 best.: langs opzij (voor-/achterkant-flank),Geen hindernis
32174,46,Pelt teller 2,Pelt,51.231,5.44375,0.4086591831910162,51.22879459794399,5.439055153886147,2022,6,15,72043,Pelt,Normaal,Droog,Dag,met lichtgewonden,3,Fiets,3,Fiets,Buiten Kruispunt,Gemeenteweg,binnen bebouwde kom,Tussen 2 bestuurders: Frontale botsing,Geen hindernis
32174,45,Pelt teller 1,Pelt,51.23127,5.44377,0.42841609425578614,51.22879459794399,5.439055153886147,2022,6,15,72043,Pelt,Normaal,Droog,Dag,met lichtgewonden,3,Fiets,3,Fiets,Buiten Kruispunt,Gemeenteweg,binnen bebouwde kom,Tussen 2 bestuurders: Frontale botsing,Geen hindernis
32218,151,Leuven,District Leuven,50.8690262,4.6854839,0.4230182354618555,50.87217996835564,4.6888551914340955,2022,6,9,24062,Leuven,Normaal,"Nat, plassen",Dag,met lichtgewonden,3,Fiets,10,"één bestuurder, geen hindernis",Buiten Kruispunt,Gemeenteweg,binnen bebouwde kom,"Eén bestuurder, geen hindernis (incl. val)",Geen hindernis
32226,107,leuven totem,Leuven,50.8870744,4.7087919,0.3230052965396273,50.884632466922056,4.711285707916805,2022,6,12,24062,Leuven,Normaal,Droog,Dag,met lichtgewonden,3,Fiets,9,personenauto,Op Kruispunt,Gewestweg,binnen bebouwde kom,Tss. 2 best.: langs opzij (voor-/achterkant-flank),Geen hindernis
32226,77,Leuven teller 2,Leuven,50.88672,4.70796,0.3291026167512252,50.884632466922056,4.711285707916805,2022,6,12,24062,Leuven,Normaal,Droog,Dag,met lichtgewonden,3,Fiets,9,personenauto,Op Kruispunt,Gewestweg,binnen bebouwde kom,Tss. 2 best.: langs opzij (voor-/achterkant-flank),Geen hindernis
32227,77,Leuven teller 2,Leuven,50.88672,4.70796,0.3637055073276348,50.8884552082393,4.703564817218957,2022,6,17,24062,Leuven,Normaal,Droog,Dag,met lichtgewonden,3,Fiets,3,Fiets,Buiten Kruispunt,Gemeenteweg,binnen bebouwde kom,Tss. 2 best.: langs opzij (voor-/achterkant-flank),Geen hindernis
32227,107,leuven totem,Leuven,50.8870744,4.7087919,0.39751026404543216,50.8884552082393,4.703564817218957,2022,6,17,24062,Leuven,Normaal,Droog,Dag,met lichtgewonden,3,Fiets,3,Fiets,Buiten Kruispunt,Gemeenteweg,binnen bebouwde kom,Tss. 2 best.: langs opzij (voor-/achterkant-flank),Geen hindernis
32229,69,Leuven teller 1,Leuven,50.87549,4.71526,0.4801997244665432,50.87569082327136,4.70842351122589,2022,6,16,24062,Leuven,Normaal,Droog+Proper,Dag,met lichtgewonden,9,personenauto,3,Fiets,Op Kruispunt,Gemeenteweg,binnen bebouwde kom,Tss. 2 best.: langs opzij (voor-/achterkant-flank),Geen hindernis
32270,148,Hoeilaart,District Leuven,50.76699493,4.44471001,0.25424150716695254,50.765541748274266,4.447500984949182,2022,6,21,23033,Hoeilaart,Normaal,Droog,Dag,met lichtgewonden,3,Fiets,9,personenauto,Op Kruispunt,Gewestweg,buiten bebouwde kom,Tussen 2 bestuurders: Langs achteren,Geen hindernis
32380,116,Melle teller 2,Melle,50.9986113,3.8040599,0.3723615357718265,51.00194223958581,3.803512160971445,2022,6,8,44040,Melle,Normaal,Droog,Dag,met lichtgewonden,9,personenauto,3,Fiets,Buiten Kruispunt,Gewestweg,binnen bebouwde kom,Tss. 2 best.: langs opzij (voor-/achterkant-flank),Geen hindernis
32380,117,Melle teller 1,Melle,50.9986113,3.8040599,0.3723615357718265,51.00194223958581,3.803512160971445,2022,6,8,44040,Melle,Normaal,Droog,Dag,met lichtgewonden,9,personenauto,3,Fiets,Buiten Kruispunt,Gewestweg,binnen bebouwde kom,Tss. 2 best.: langs opzij (voor-/achterkant-flank),Geen hindernis