crash_row_id,site_id,site_name,site_gemeente,site_lat,site_long,distance_km,crash_lat,crash_long,DT_YEAR_COLLISION,DT_MONTH_COLLISION,DT_TIME,CD_NIS,TX_MUNTY_COLLISION_NL,TX_WEATHER_NL,TX_ROAD_CONDITION_NL,TX_LIGHT_CONDITION_NL,TX_CLASS_ACCIDENTS_NL,CD_ROAD_USR_TYPE1,TX_ROAD_USR_TYPE1_NL,CD_ROAD_USR_TYPE2,TX_ROAD_USR_TYPE2_NL,TX_CROSSWAY_NL,CD_ROAD_TYPE_NL,TX_BUILD_UP_AREA_NL,TX_COLLISION_TYPE_NL,TX_OBSTACLES_NL
32382,114,Deinze teller 1,Nazareth,50.9598305,3.555502,0.4107327361662757,50.958872279274615,3.549838374898137,2022,6,15,44048,Nazareth,Normaal,Droog,Dag,met lichtgewonden,9,personenauto,3,Fiets,Buiten Kruispunt,Gemeenteweg,buiten bebouwde kom,Tss. 2 best.: langs opzij (voor-/achterkant-flank),Geen hindernis
32382,113,Deinze teller 2,Deinze,50.96018,3.55578,0.4408151867234945,50.958872279274615,3.549838374898137,2022,6,15,44048,Nazareth,Normaal,Droog,Dag,met lichtgewonden,9,personenauto,3,Fiets,Buiten Kruispunt,Gemeenteweg,buiten bebouwde kom,Tss. 2 best.: langs opzij (voor-/achterkant-flank),Geen hindernis
32470,126,Hamme totem,Hamme,51.1017709,4.1469307,0.3738465955097602,51.100124312163445,4.1422627001194545,2022,6,18,42008,Hamme,Normaal,Droog,Dag,met lichtgewonden,3,Fiets,11,een weggebruiker tegen een hindernis,Buiten Kruispunt,Gemeenteweg,binnen bebouwde kom,Weggebruiker tegen hindernis buiten rijbaan,Buiten de rijbaan: Muur gebouw
32473,126,Hamme totem,Hamme,51.1017709,4.1469307,0.35005228325520377,51.10214014413829,4.141951906302849,2022,6,12,42008,Hamme,Normaal,Droog,Dag,met lichtgewonden,3,Fiets,9,personenauto,Op Kruispunt,Gewestweg,binnen bebouwde kom,Tss. 2 best.: langs opzij (voor-/achterkant-flank),Geen hindernis
32476,120,Zele teller 1,Zele,51.0607671,4.0547741,0.13334514452741017,51.061947737081276,4.054439658716159,2022,6,16,42028,Zele,Normaal,Droog,Dag,met lichtgewonden,5,Lichte vrachtauto,3,Fiets,Buiten Kruispunt,Gemeenteweg,buiten bebouwde kom,Tussen 2 bestuurders: Flank tegen flank,Geen hindernis
32476,121,Zele teller 2,Zele,51.0604067,4.0556696,0.19170513928809174,51.061947737081276,4.054439658716159,2022,6,16,42028,Zele,Normaal,Droog,Dag,met lichtgewonden,5,Lichte vrachtauto,3,Fiets,Buiten Kruispunt,Gemeenteweg,buiten bebouwde kom,Tussen 2 bestuurders: Flank tegen flank,Geen hindernis
32625,17,Kortrijk 2,Kortrijk,50.83339,3.27773,0.048636791559532454,50.83374588853549,3.27813262740914,2022,6,15,34022,Kortrijk,Normaal,"Nat, plassen",Dag,met lichtgewonden,3,Fiets,9,personenauto,Buiten Kruispunt,Gewestweg,binnen bebouwde kom,Tss. 2 best.: langs opzij (voor-/achterkant-flank),Geen hindernis
32625,16,Kortrijk 1,Kortrijk,50.83332,3.27777,0.053769875600611625,50.83374588853549,3.27813262740914,2022,6,15,34022,Kortrijk,Normaal,"Nat, plassen",Dag,met lichtgewonden,3,Fiets,9,personenauto,Buiten Kruispunt,Gewestweg,binnen bebouwde kom,Tss. 2 best.: langs opzij (voor-/achterkant-flank),Geen hindernis
32629,143,Eco Display Classic Budastraat,Kortrijk,50.83066,3.26286,0.1409488740324161,50.82969699304992,3.2615550264609143,2022,6,8,34022,Kortrijk,Normaal,Droog,Dag,met lichtgewonden,5,Lichte vrachtauto,3,Fiets,Buiten Kruispunt,Gemeenteweg,binnen bebouwde kom,Tss. 2 best.: langs opzij (voor-/achterkant-flank),Geen hindernis
32636,17,Kortrijk 2,Kortrijk,50.83339,3.27773,0.0556230235016763,50.833792421973264,3.2782004595150376,2022,6,16,34022,Kortrijk,Normaal,Droog,Dag,met lichtgewonden,3,Fiets,3,Fiets,Buiten Kruispunt,Gewestweg,binnen bebouwde kom,Tss. 2 best.: langs opzij (voor-/achterkant-flank),Geen hindernis
32636,16,Kortrijk 1,Kortrijk,50.83332,3.27777,0.06060832655616913,50.833792421973264,3.2782004595150376,2022,6,16,34022,Kortrijk,Normaal,Droog,Dag,met lichtgewonden,3,Fiets,3,Fiets,Buiten Kruispunt,Gewestweg,binnen bebouwde kom,Tss. 2 best.: langs opzij (voor-/achterkant-flank),Geen hindernis
32641,143,Eco Display Classic Budastraat,Kortrijk,50.83066,3.26286,0.43497776712119796,50.82720350388797,3.265759952335874,2022,6,17,34022,Kortrijk,Normaal,Droog,Dag,met lichtgewonden,3,Fiets,9,personenauto,Op Kruispunt,Gemeenteweg,binnen bebouwde kom,Tussen 2 bestuurders: Frontale botsing,Geen hindernis
32668,68,Ieper,Ieper,50.85032,2.85608,0.3323905492453885,50.85113332651681,2.8515238604092437,2022,6,20,33011,Ieper,Onbekend,Droog,Dag,met lichtgewonden,3,Fiets,10,"één bestuurder, geen hindernis",Buiten Kruispunt,Gewestweg,buiten bebouwde kom,"Eén bestuurder, geen hindernis (incl. val)",Geen hindernis
32668,67,Ieper totem,Ieper,50.85018,2.85624,0.3476397555122929,50.85113332651681,2.8515238604092437,2022,6,20,33011,Ieper,Onbekend,Droog,Dag,met lichtgewonden,3,Fiets,10,"één bestuurder, geen hindernis",Buiten Kruispunt,Gewestweg,buiten bebouwde kom,"Eén bestuurder, geen hindernis (incl. val)",Geen hindernis
32691,42,Maasmechelen teller 2,Maasmechelen,50.97043,5.6981,0.4760719404922412,50.97458598469299,5.699733734564522,2022,6,18,73107,Maasmechelen,Normaal,Proper,Dag,met lichtgewonden,3,Fiets,8,Voetganger,Buiten Kruispunt,Gewestweg,buiten bebouwde kom,Met een voetganger,Geen hindernis
32691,41,Maasmechelen teller 1,Maasmechelen,50.97025,5.69799,0.4973585252277123,50.97458598469299,5.699733734564522,2022,6,18,73107,Maasmechelen,Normaal,Proper,Dag,met lichtgewonden,3,Fiets,8,Voetganger,Buiten Kruispunt,Gewestweg,buiten bebouwde kom,Met een voetganger,Geen hindernis
32716,99,Mechelen teller 1,Mechelen,51.04564,4.46882,0.4582839277732638,51.04176833295125,4.471067366168536,2022,6,23,12025,Mechelen,Regenval,"Nat, plassen","Nacht, openb. verlicht. aanw., maar niet ontstoken",met lichtgewonden,3,Fiets,3,Fiets,Buiten Kruispunt,Gewestweg,binnen bebouwde kom,Tussen 2 bestuurders: Frontale botsing,Geen hindernis
32716,100,Mechelen teller 2,Mechelen,51.0457,4.46883,0.4643209049351657,51.04176833295125,4.471067366168536,2022,6,23,12025,Mechelen,Regenval,"Nat, plassen","Nacht, openb. verlicht. aanw., maar niet ontstoken",met lichtgewonden,3,Fiets,3,Fiets,Buiten Kruispunt,Gewestweg,binnen bebouwde kom,Tussen 2 bestuurders: Frontale botsing,Geen hindernis
32755,48,As,As,51.00509,5.60389,0.09461223862179018,51.00584936973321,5.603279997528397,2022,6,15,71002,As,Normaal,Droog,Dag,met lichtgewonden,9,personenauto,3,Fiets,Op Kruispunt,Gewestweg,buiten bebouwde kom,Tss. 2 best.: langs opzij (voor-/achterkant-flank),Geen hindernis
33007,69,Leuven teller 1,Leuven,50.87549,4.71526,0.4327507332281577,50.87907139198982,4.712846114160876,2022,7,14,24062,Leuven,Normaal,Droog,Dag,met lichtgewonden,9,personenauto,3,Fiets,Op Kruispunt,Gemeenteweg,binnen bebouwde kom,Tss. 2 best.: langs opzij (voor-/achterkant-flank),Geen hindernis
33039,26,Zaventem,Zaventem,50.86995,4.45444,0.32610642094448533,50.867275633024406,4.452532787495835,2022,7,19,23094,Zaventem,Normaal,Droog,Dag,met lichtgewonden,3,Fiets,3,Fiets,Buiten Kruispunt,Gewestweg,buiten bebouwde kom,Tussen 2 bestuurders: Frontale botsing,Geen hindernis
33060,109,Zemst,Zemst,50.9903936,4.4707023,0.34849761876183444,50.98725998267135,4.4707909707077995,2022,7,11,23096,Zemst,Normaal,Droog,Dag,met lichtgewonden,9,personenauto,3,Fiets,Op Kruispunt,Gewestweg,buiten bebouwde kom,Tussen 2 bestuurders: Frontale botsing,Geen hindernis
33097,136,Gent R4,Gent,51.0876313,3.7587918,0.3798759126363049,51.08422701962221,3.7583358667637246,2022,7,10,44021,Gent,Normaal,Droog,Dag,met lichtgewonden,3,Fiets,10,"één bestuurder, geen hindernis",Buiten Kruispunt,Gemeenteweg,buiten bebouwde kom,"Eén bestuurder, geen hindernis (incl. val)",Geen hindernis
33118,116,Melle teller 2,Melle,50.9986113,3.8040599,0.49817622993707494,50.99445365708732,3.8014077003956883,2022,7,0,44040,Melle,Normaal,Droog,"Nacht, openb. verlicht. aanw., maar niet ontstoken",met lichtgewonden,3,Fiets,11,een weggebruiker tegen een hindernis,Buiten Kruispunt,Gewestweg,binnen bebouwde kom,Weggebruiker tegen hindernis op de rijbaan,"Op de rijbaan: Werken (signal., aarde, toestel,…)"
33118,117,Melle teller 1,Melle,50.9986113,3.8040599,0.49817622993707494,50.99445365708732,3.8014077003956883,2022,7,0,44040,Melle,Normaal,Droog,"Nacht, openb. verlicht. aanw., maar niet ontstoken",met lichtgewonden,3,Fiets,11,een weggebruiker tegen een hindernis,Buiten Kruispunt,Gewestweg,binnen bebouwde kom,Weggebruiker tegen hindernis op de rijbaan,"Op de rijbaan: Werken (signal., aarde, toestel,…)"
33183,141,Test site A support,Lokeren,51.08342085,3.9961071208376326,0.4423796487593523,51.085852513704324,3.9910945135422273,2022,7,11,46014,Lokeren,Normaal,Droog,Dag,met lichtgewonden,3,Fiets,11,een weggebruiker tegen een hindernis,Buiten Kruispunt,Gemeenteweg,binnen bebouwde kom,Weggebruiker tegen hindernis op de rijbaan,"Op de rijbaan: Put, straatgoot, tramspoor"
33286,15,Oostende 2,Oostende,51.21371,2.92743,0.13964605796578958,51.21475684633309,2.9263224688925416,2022,7,14,35013,Oostende,Normaal,Droog,Dag,met lichtgewonden,3,Fiets,9,personenauto,Op Kruispunt,Gewestweg,binnen bebouwde kom,Tussen 2 bestuurders: Frontale botsing,Geen hindernis
33286,18,Oostende 1,Oostende,51.21378,2.92765,0.14264845884594732,51.21475684633309,2.9263224688925416,2022,7,14,35013,Oostende,Normaal,Droog,Dag,met lichtgewonden,3,Fiets,9,personenauto,Op Kruispunt,Gewestweg,binnen bebouwde kom,Tussen 2 bestuurders: Frontale botsing,Geen hindernis
33333,75,Kortrijk teller 2,Kortrijk,50.81925,3.25731,0.2773698639287628,50.82026796133372,3.2537053456331853,2022,7,18,34022,Kortrijk,Normaal,Droog,Dag,met lichtgewonden,9,personenauto,3,Fiets,Buiten Kruispunt,Gemeenteweg,binnen bebouwde kom,Tss. 2 best.: langs opzij (voor-/achterkant-flank),Geen hindernis
33333,74,Kortrijk teller 1,Kortrijk,50.81909,3.25728,0.28322351125304157,50.82026796133372,3.2537053456331853,2022,7,18,34022,Kortrijk,Normaal,Droog,Dag,met lichtgewonden,9,personenauto,3,Fiets,Buiten Kruispunt,Gemeenteweg,binnen bebouwde kom,Tss. 2 best.: langs opzij (voor-/achterkant-flank),Geen hindernis
33335,17,Kortrijk 2,Kortrijk,50.83339,3.27773,0.09359978456789846,50.834040056608764,3.2785767454616703,2022,7,15,34022,Kortrijk,Normaal,Droog,Dag,met lichtgewonden,3,Fiets,9,personenauto,Op Kruispunt,Gewestweg,binnen bebouwde kom,Tussen 2 bestuurders: Flank tegen flank,Geen hindernis
33335,16,Kortrijk 1,Kortrijk,50.83332,3.27777,0.09808447176755283,50.834040056608764,3.2785767454616703,2022,7,15,34022,Kortrijk,Normaal,Droog,Dag,met lichtgewonden,3,Fiets,9,personenauto,Op Kruispunt,Gewestweg,binnen bebouwde kom,Tussen 2 bestuurders: Flank tegen flank,Geen hindernis
33340,143,Eco Display Classic Budastraat,Kortrijk,50.83066,3.26286,0.3090636948891685,50.8281282082882,3.264675870924244,2022,7,16,34022,Kortrijk,Normaal,Droog,Dag,met lichtgewonden,3,Fiets,10,"één bestuurder, geen hindernis",Buiten Kruispunt,Gemeenteweg,binnen bebouwde kom,"Eén bestuurder, geen hindernis (incl. val)",Geen hindernis
33365,64,Nieuwpoort teller 1,Nieuwpoort,51.13359,2.75737,0.3784142643714355,51.13018828949329,2.7572116677789595,2022,7,12,38016,Nieuwpoort,Normaal,Droog,Dag,met lichtgewonden,9,personenauto,3,Fiets,Op Kruispunt,Gemeenteweg,binnen bebouwde kom,Tussen 2 bestuurders: Frontale botsing,Geen hindernis
33365,65,Nieuwpoort teller 2,Nieuwpoort,51.13435,2.75511,0.4854418928116548,51.13018828949329,2.7572116677789595,2022,7,12,38016,Nieuwpoort,Normaal,Droog,Dag,met lichtgewonden,9,personenauto,3,Fiets,Op Kruispunt,Gemeenteweg,binnen bebouwde kom,Tussen 2 bestuurders: Frontale botsing,Geen hindernis
33366,66,Nieuwpoort totem,Nieuwpoort,51.1347,2.74369,0.2508140298953301,51.133204421167264,2.7463808548766377,2022,7,8,38016,Nieuwpoort,Normaal,Droog,Dag,met lichtgewonden,3,Fiets,9,personenauto,Op Kruispunt,Gewestweg,binnen bebouwde kom,Tss. 2 best.: langs opzij (voor-/achterkant-flank),Geen hindernis
33366,63,Nieuwpoort teller 3,Nieuwpoort,51.13529,2.74289,0.33631539821544415,51.133204421167264,2.7463808548766377,2022,7,8,38016,Nieuwpoort,Normaal,Droog,Dag,met lichtgewonden,3,Fiets,9,personenauto,Op Kruispunt,Gewestweg,binnen bebouwde kom,Tss. 2 best.: langs opzij (voor-/achterkant-flank),Geen hindernis
33368,65,Nieuwpoort teller 2,Nieuwpoort,51.13435,2.75511,0.2663953771580641,51.1319819140439,2.754531473544644,2022,7,14,38016,Nieuwpoort,Normaal,Droog+Proper,Dag,met lichtgewonden,3,Fiets,9,personenauto,Op Kruispunt,Gemeenteweg,binnen bebouwde kom,Tss. 2 best.: langs opzij (voor-/achterkant-flank),Geen hindernis
33368,64,Nieuwpoort teller 1,Nieuwpoort,51.13359,2.75737,0.26683780675045143,51.1319819140439,2.754531473544644,2022,7,14,38016,Nieuwpoort,Normaal,Droog+Proper,Dag,met lichtgewonden,3,Fiets,9,personenauto,Op Kruispunt,Gemeenteweg,binnen bebouwde kom,Tss. 2 best.: langs opzij (voor-/achterkant-flank),Geen hindernis
33381,68,Ieper,Ieper,50.85032,2.85608,0.16667368999733542,50.850736429052986,2.8537992754429413,2022,7,8,33011,Ieper,Normaal,Droog,Dag,met lichtgewonden,3,Fiets,11,een weggebruiker tegen een hindernis,Buiten Kruispunt,Gewestweg,buiten bebouwde kom,Weggebruiker tegen hindernis op de rijbaan,"Op de rijbaan: Put, straatgoot, tramspoor"
33381,67,Ieper totem,Ieper,50.85018,2.85624,0.18217377534787005,50.850736429052986,2.8537992754429413,2022,7,8,33011,Ieper,Normaal,Droog,Dag,met lichtgewonden,3,Fiets,11,een weggebruiker tegen een hindernis,Buiten Kruispunt,Gewestweg,buiten bebouwde kom,Weggebruiker tegen hindernis op de rijbaan,"Op de rijbaan: Put, straatgoot, tramspoor"
33399,124,Beveren teller 2,Beveren,51.1964712,4.2361077,0.2935058326289937,51.1985109496614,4.233434190439229,2022,7,10,46003,Beveren,Normaal,Droog,Dag,met lichtgewonden,4,Vrachtwagen,3,Fiets,Buiten Kruispunt,Gemeenteweg,buiten bebouwde kom,Tussen 2 bestuurders: Flank tegen flank,Geen hindernis
33401,105,St. pieters leeuw teller 2,Halle,50.75509,4.24943,0.32331416790193107,50.75262262560287,4.246998477077376,2022,7,16,23027,Halle,Normaal,Droog,Dag,met lichtgewonden,5,Lichte vrachtauto,3,Fiets,Buiten Kruispunt,Gewestweg,onbekend,Tss. 2 best.: langs opzij (voor-/achterkant-flank),Geen hindernis
33401,106,St. pieters leeuw teller 1,Sint-Pieters-Leeuw,50.75533,4.24951,0.3490624572356681,50.75262262560287,4.246998477077376,2022,7,16,23027,Halle,Normaal,Droog,Dag,met lichtgewonden,5,Lichte vrachtauto,3,Fiets,Buiten Kruispunt,Gewestweg,onbekend,Tss. 2 best.: langs opzij (voor-/achterkant-flank),Geen hindernis
33471,23,Tienen 3,Tienen,50.81324,4.93447,0.04111807954214671,50.81321086613856,4.933886579764527,2022,7,11,24107,Tienen,Normaal,Droog,Dag,met lichtgewonden,3,Fiets,9,personenauto,Op Kruispunt,Gewestweg,binnen bebouwde kom,Tss. 2 best.: langs opzij (voor-/achterkant-flank),Geen hindernis
33471,24,Tienen 1,Tienen,50.8133795491886,4.935044252605416,0.08347100255188208,50.81321086613856,4.933886579764527,2022,7,11,24107,Tienen,Normaal,Droog,Dag,met lichtgewonden,3,Fiets,9,personenauto,Op Kruispunt,Gewestweg,binnen bebouwde kom,Tss. 2 best.: langs opzij (voor-/achterkant-flank),Geen hindernis
33471,22,Tienen 2,Tienen,50.81330800184882,4.935984252796022,0.14777463520093204,50.81321086613856,4.933886579764527,2022,7,11,24107,Tienen,Normaal,Droog,Dag,met lichtgewonden,3,Fiets,9,personenauto,Op Kruispunt,Gewestweg,binnen bebouwde kom,Tss. 2 best.: langs opzij (voor-/achterkant-flank),Geen hindernis
33589,2,Brasschaat 2,Brasschaat,51.27512,4.47169,0.4169977622077654,51.27206016497771,4.468224238189548,2022,8,14,11008,Brasschaat,Normaal,Droog,Dag,met zwaargewonden,3,Fiets,11,een weggebruiker tegen een hindernis,Buiten Kruispunt,Gewestweg,buiten bebouwde kom,Weggebruiker tegen hindernis buiten rijbaan,Onbekend
33589,3,Brasschaat 1,Brasschaat,51.27503,4.47222,0.4316414853318,51.27206016497771,4.468224238189548,2022,8,14,11008,Brasschaat,Normaal,Droog,Dag,met zwaargewonden,3,Fiets,11,een weggebruiker tegen een hindernis,Buiten Kruispunt,Gewestweg,buiten bebouwde kom,Weggebruiker tegen hindernis buiten rijbaan,Onbekend
33691,48,As,As,51.00509,5.60389,0.10431203937197683,51.005819206058035,5.60295211266194,2022,7,16,71002,As,Normaal,Droog,Dag,met lichtgewonden,3,Fiets,3,Fiets,Buiten Kruispunt,Gewestweg,binnen bebouwde kom,Tussen 2 bestuurders: Frontale botsing,Geen hindernis
33750,71,Kampenhout teller 2,Kampenhout,50.95589,4.59164,0.35398533216715494,50.95306577523322,4.589307886510205,2022,8,22,23038,Kampenhout,Onbekend,Onbekend,Onbekend,met lichtgewonden,3,Fiets,11,een weggebruiker tegen een hindernis,Buiten Kruispunt,Gewestweg,onbekend,Weggebruiker tegen hindernis buiten rijbaan,Andere hindernis
33750,70,Kampenhout teller 1,Kampenhout,50.95682,4.59318,0.49782221502119867,50.95306577523322,4.589307886510205,2022,8,22,23038,Kampenhout,Onbekend,Onbekend,Onbekend,met lichtgewonden,3,Fiets,11,een weggebruiker tegen een hindernis,Buiten Kruispunt,Gewestweg,onbekend,Weggebruiker tegen hindernis buiten rijbaan,Andere hindernis
33751,71,Kampenhout teller 2,Kampenhout,50.95589,4.59164,0.3019093283680484,50.95809829922679,4.589132193388915,2022,8,16,23038,Kampenhout,Normaal,Droog,Dag,met lichtgewonden,3,Fiets,3,Fiets,Buiten Kruispunt,Gewestweg,binnen bebouwde kom,Tussen 2 bestuurders: Frontale botsing,Geen hindernis
33751,70,Kampenhout teller 1,Kampenhout,50.95682,4.59318,0.3171498824713636,50.95809829922679,4.589132193388915,2022,8,16,23038,Kampenhout,Normaal,Droog,Dag,met lichtgewonden,3,Fiets,3,Fiets,Buiten Kruispunt,Gewestweg,binnen bebouwde kom,Tussen 2 bestuurders: Frontale botsing,Geen hindernis
33758,13,Gent,Gent,51.03018,3.70146,0.3977580046926859,51.033749403389706,3.7010864989924666,2022,8,17,44021,Gent,Normaal,"Nat, plassen",Dag,met lichtgewonden,3,Fiets,9,personenauto,Buiten Kruispunt,Gemeenteweg,binnen bebouwde kom,Tussen 2 bestuurders: Frontale botsing,Geen hindernis
33790,118,Gent teller 1,Gent,51.028049,3.7681359,0.03977492232687669,51.02781040334575,3.7685596334053373,2022,8,16,44021,Gent,Normaal,Droog,Dag,met lichtgewonden,9,personenauto,3,Fiets,Op Kruispunt,Gewestweg,buiten bebouwde kom,Tss. 2 best.: langs opzij (voor-/achterkant-flank),Geen hindernis
33790,119,Gent teller 2,Gent,51.0281795,3.7683918,0.0426870750746349,51.02781040334575,3.7685596334053373,2022,8,16,44021,Gent,Normaal,Droog,Dag,met lichtgewonden,9,personenauto,3,Fiets,Op Kruispunt,Gewestweg,buiten bebouwde kom,Tss. 2 best.: langs opzij (voor-/achterkant-flank),Geen hindernis
33794,13,Gent,Gent,51.03018,3.70146,0.41892125528083035,51.028517720079954,3.7068357080306127,2022,8,17,44021,Gent,Onbekend,Onbekend,Onbekend,met lichtgewonden,3,Fiets,3,Fiets,Buiten Kruispunt,Gewestweg,binnen bebouwde kom,Tussen 2 bestuurders: Flank tegen flank,Geen hindernis
33873,128,Lokeren teller 1,Lokeren,51.09644,3.97023,0.3686993200876255,51.09930083567671,3.972899357835873,2022,8,7,46014,Lokeren,Normaal,Droog,Dag,met lichtgewonden,3,Fiets,5,Lichte vrachtauto,Op Kruispunt,Gewestweg,buiten bebouwde kom,Tss. 2 best.: langs opzij (voor-/achterkant-flank),Geen hindernis
33873,129,Lokeren teller 2,Lokeren,51.09612,3.97025,0.3991554604662751,51.09930083567671,3.972899357835873,2022,8,7,46014,Lokeren,Normaal,Droog,Dag,met lichtgewonden,3,Fiets,5,Lichte vrachtauto,Op Kruispunt,Gewestweg,buiten bebouwde kom,Tss. 2 best.: langs opzij (voor-/achterkant-flank),Geen hindernis
33915,122,Dendermonde teller 2,Dendermonde,51.0373918,4.1019222,0.3769588371158196,51.04077267939083,4.102318975503541,2022,8,11,42006,Dendermonde,Normaal,Droog,Dag,met lichtgewonden,9,personenauto,3,Fiets,Buiten Kruispunt,Gewestweg,buiten bebouwde kom,Tss. 2 best.: langs opzij (voor-/achterkant-flank),Geen hindernis
33915,125,Dendermonde totem,Dendermonde,51.0372706,4.1025998,0.38990815399071926,51.04077267939083,4.102318975503541,2022,8,11,42006,Dendermonde,Normaal,Droog,Dag,met lichtgewonden,9,personenauto,3,Fiets,Buiten Kruispunt,Gewestweg,buiten bebouwde kom,Tss. 2 best.: langs opzij (voor-/achterkant-flank),Geen hindernis
33925,54,Brugge teller 2,Brugge,51.23015,3.22818,0.4307291550867121,51.22877886441123,3.233965432294287,2022,8,8,31005,Brugge,Normaal,Droog,Dag,met lichtgewonden,9,personenauto,3,Fiets,Op Kruispunt,Gemeenteweg,binnen bebouwde kom,Tss. 2 best.: langs opzij (voor-/achterkant-flank),Geen hindernis
33925,53,Brugge teller 1,Brugge,51.23023,3.228,0.4456165409853459,51.22877886441123,3.233965432294287,2022,8,8,31005,Brugge,Normaal,Droog,Dag,met lichtgewonden,9,personenauto,3,Fiets,Op Kruispunt,Gemeenteweg,binnen bebouwde kom,Tss. 2 best.: langs opzij (voor-/achterkant-flank),Geen hindernis
33934,54,Brugge teller 2,Brugge,51.23015,3.22818,0.23239193491636964,51.22912621807705,3.2310896464136274,2022,8,12,31005,Brugge,Normaal,Droog,Dag,met lichtgewonden,3,Fiets,9,personenauto,Buiten Kruispunt,Gemeenteweg,binnen bebouwde kom,Tss. 2 best.: langs opzij (voor-/achterkant-flank),Geen hindernis
33934,53,Brugge teller 1,Brugge,51.23023,3.228,0.24768131960126366,51.22912621807705,3.2310896464136274,2022,8,12,31005,Brugge,Normaal,Droog,Dag,met lichtgewonden,3,Fiets,9,personenauto,Buiten Kruispunt,Gemeenteweg,binnen bebouwde kom,Tss. 2 best.: langs opzij (voor-/achterkant-flank),Geen hindernis
34025,16,Kortrijk 1,Kortrijk,50.83332,3.27777,0.2731502403943794,50.83095865202667,3.2766979989907274,2022,8,18,34022,Kortrijk,Normaal,Droog,Dag,met lichtgewonden,9,personenauto,3,Fiets,Op Kruispunt,Gemeenteweg,binnen bebouwde kom,Tss. 2 best.: langs opzij (voor-/achterkant-flank),Geen hindernis
34025,17,Kortrijk 2,Kortrijk,50.83339,3.27773,0.2799000410315868,50.83095865202667,3.2766979989907274,2022,8,18,34022,Kortrijk,Normaal,Droog,Dag,met lichtgewonden,9,personenauto,3,Fiets,Op Kruispunt,Gemeenteweg,binnen bebouwde kom,Tss. 2 best.: langs opzij (voor-/achterkant-flank),Geen hindernis
34034,65,Nieuwpoort teller 2,Nieuwpoort,51.13435,2.75511,0.18854596173768298,51.13592285672601,2.7541004453180844,2022,8,14,38016,Nieuwpoort,Normaal,Droog,Dag,met zwaargewonden,3,Fiets,3,Fiets,Buiten Kruispunt,Gewestweg,buiten bebouwde kom,Tss. 2 best.: langs opzij (voor-/achterkant-flank),Geen hindernis
34034,64,Nieuwpoort teller 1,Nieuwpoort,51.13359,2.75737,0.3454450257027345,51.13592285672601,2.7541004453180844,2022,8,14,38016,Nieuwpoort,Normaal,Droog,Dag,met zwaargewonden,3,Fiets,3,Fiets,Buiten Kruispunt,Gewestweg,buiten bebouwde kom,Tss. 2 best.: langs opzij (voor-/achterkant-flank),Geen hindernis
34053,68,Ieper,Ieper,50.85032,2.85608,0.16667368999733542,50.850736429052986,2.8537992754429413,2022,8,17,33011,Ieper,Normaal,Droog,Dag,met lichtgewonden,3,Fiets,11,een weggebruiker tegen een hindernis,Buiten Kruispunt,Gewestweg,binnen bebouwde kom,Weggebruiker tegen hindernis op de rijbaan,"Op de rijbaan: Verkeersdrempel, ezelsrug"
34053,67,Ieper totem,Ieper,50.85018,2.85624,0.18217377534787005,50.850736429052986,2.8537992754429413,2022,8,17,33011,Ieper,Normaal,Droog,Dag,met lichtgewonden,3,Fiets,11,een weggebruiker tegen een hindernis,Buiten Kruispunt,Gewestweg,binnen bebouwde kom,Weggebruiker tegen hindernis op de rijbaan,"Op de rijbaan: Verkeersdrempel, ezelsrug"
34075,105,St. pieters leeuw teller 2,Halle,50.75509,4.24943,0.3376106089102643,50.75317971306322,4.253160258706859,2022,8,21,23027,Halle,Regenval,"Nat, plassen","Nacht, openbare verlichting aanwezig en ontstoken",met lichtgewonden,9,personenauto,3,Fiets,Op Kruispunt,Gemeenteweg,buiten bebouwde kom,Tss. 2 best.: langs opzij (voor-/achterkant-flank),Geen hindernis
34075,106,St. pieters leeuw teller 1,Sint-Pieters-Leeuw,50.75533,4.24951,0.3508676701010383,50.75317971306322,4.253160258706859,2022,8,21,23027,Halle,Regenval,"Nat, plassen","Nacht, openbare verlichting aanwezig en ontstoken",met lichtgewonden,9,personenauto,3,Fiets,Op Kruispunt,Gemeenteweg,buiten bebouwde kom,Tss. 2 best.: langs opzij (voor-/achterkant-flank),Geen hindernis
34082,100,Mechelen teller 2,Mechelen,51.0457,4.46883,0.11519627050478694,51.04668290473132,4.468309304809073,2022,8,16,12025,Mechelen,Normaal,Droog,Dag,met lichtgewonden,3,Fiets,3,Fiets,Buiten Kruispunt,Gewestweg,binnen bebouwde kom,Tss. 2 best.: langs opzij (voor-/achterkant-flank),Geen hindernis
34082,99,Mechelen teller 1,Mechelen,51.04564,4.46882,0.12133689485146396,51.04668290473132,4.468309304809073,2022,8,16,12025,Mechelen,Normaal,Droog,Dag,met lichtgewonden,3,Fiets,3,Fiets,Buiten Kruispunt,Gewestweg,binnen bebouwde kom,Tss. 2 best.: langs opzij (voor-/achterkant-flank),Geen hindernis