crash_row_id,site_id,site_name,site_gemeente,site_lat,site_long,distance_km,crash_lat,crash_long,DT_YEAR_COLLISION,DT_MONTH_COLLISION,DT_TIME,CD_NIS,TX_MUNTY_COLLISION_NL,TX_WEATHER_NL,TX_ROAD_CONDITION_NL,TX_LIGHT_CONDITION_NL,TX_CLASS_ACCIDENTS_NL,CD_ROAD_USR_TYPE1,TX_ROAD_USR_TYPE1_NL,CD_ROAD_USR_TYPE2,TX_ROAD_USR_TYPE2_NL,TX_CROSSWAY_NL,CD_ROAD_TYPE_NL,TX_BUILD_UP_AREA_NL,TX_COLLISION_TYPE_NL,TX_OBSTACLES_NL
34092,137,Hasselt-Kempische brug,Hasselt,50.9411605,5.3417576,0.284249790655726,50.94230357859226,5.345386349992123,2022,8,15,71022,Hasselt,Normaal,Droog,Dag,met zwaargewonden,3,Fiets,3,Fiets,Buiten Kruispunt,Gemeenteweg,buiten bebouwde kom,Tussen 2 bestuurders: Flank tegen flank,Geen hindernis
34092,138,Hasselt-Kempische brug,Hasselt,50.9405318,5.3422472,0.295280216132593,50.94230357859226,5.345386349992123,2022,8,15,71022,Hasselt,Normaal,Droog,Dag,met zwaargewonden,3,Fiets,3,Fiets,Buiten Kruispunt,Gemeenteweg,buiten bebouwde kom,Tussen 2 bestuurders: Flank tegen flank,Geen hindernis
34115,25,Bree,Bree,51.13679500160176,5.597669323604317,0.2971968629805068,51.13482566077066,5.594789503649001,2022,8,13,72004,Bree,Normaal,Droog,Dag,met lichtgewonden,3,Fiets,11,een weggebruiker tegen een hindernis,Buiten Kruispunt,Gemeenteweg,buiten bebouwde kom,Weggebruiker tegen hindernis buiten rijbaan,"Buiten de rijbaan: Verkeerseiland, middenberm"
34124,48,As,As,51.00509,5.60389,0.10431203937197683,51.005819206058035,5.60295211266194,2022,8,14,71002,As,Normaal,Droog,Dag,met lichtgewonden,3,Fiets,10,"één bestuurder, geen hindernis",Buiten Kruispunt,Gewestweg,binnen bebouwde kom,"Eén bestuurder, geen hindernis (incl. val)",Geen hindernis
34125,25,Bree,Bree,51.13679500160176,5.597669323604317,0.3276081960763875,51.13956331788477,5.599276439454516,2022,8,20,72004,Bree,Normaal,Droog,"Nacht, geen openbare verlichting aanwezig",met zwaargewonden,3,Fiets,11,een weggebruiker tegen een hindernis,Buiten Kruispunt,Gewestweg,binnen bebouwde kom,Weggebruiker tegen hindernis buiten rijbaan,Buiten de rijbaan: Andere paal
34425,77,Leuven teller 2,Leuven,50.88672,4.70796,0.4780002200914736,50.88245762097626,4.707075396578163,2022,9,17,24062,Leuven,Normaal,Droog,Dag,met lichtgewonden,3,Fiets,9,personenauto,Op Kruispunt,Gemeenteweg,binnen bebouwde kom,Tussen 2 bestuurders: Flank tegen flank,Geen hindernis
34426,107,leuven totem,Leuven,50.8870744,4.7087919,0.47632190960187465,50.88456957949728,4.714300195028836,2022,9,17,24062,Leuven,Normaal,Droog,Dag,met lichtgewonden,1,Autobus,3,Fiets,Op Kruispunt,Gewestweg,binnen bebouwde kom,Tussen 2 bestuurders: Frontale botsing,Geen hindernis
34427,151,Leuven,District Leuven,50.8690262,4.6854839,0.48674300276404775,50.87206948426142,4.690469703057868,2022,9,7,24062,Leuven,Normaal,Droog,Dag,met lichtgewonden,9,personenauto,3,Fiets,Op Kruispunt,Gewestweg,buiten bebouwde kom,Tussen 2 bestuurders: Frontale botsing,Geen hindernis
34429,149,Machelen,,50.88297881,4.43356644,0.3905458311950354,50.88003584086022,4.436604844586684,2022,9,8,23047,Machelen,Normaal,Droog,Dag,met lichtgewonden,3,Fiets,9,personenauto,Buiten Kruispunt,Gemeenteweg,buiten bebouwde kom,Tussen 2 bestuurders: Flank tegen flank,Geen hindernis
34432,69,Leuven teller 1,Leuven,50.87549,4.71526,0.40783834360837695,50.87806083413728,4.719405849909181,2022,9,17,24062,Leuven,Normaal,Droog,Dag,met zwaargewonden,3,Fiets,3,Fiets,Buiten Kruispunt,Gemeenteweg,binnen bebouwde kom,Tussen 2 bestuurders: Flank tegen flank,Geen hindernis
34438,151,Leuven,District Leuven,50.8690262,4.6854839,0.48674300276404775,50.87206948426142,4.690469703057868,2022,9,11,24062,Leuven,Regenval,"Nat, plassen",Dag,met lichtgewonden,4,Vrachtwagen,3,Fiets,Op Kruispunt,Gewestweg,binnen bebouwde kom,Tussen 2 bestuurders: Flank tegen flank,Geen hindernis
34451,101,Diest teller 1,Diest,50.97799,5.04481,0.4920743010989268,50.97968911123855,5.051299987305658,2022,9,21,24020,Diest,Normaal,Droog,"Nacht, openbare verlichting aanwezig en ontstoken",met lichtgewonden,9,personenauto,3,Fiets,Buiten Kruispunt,Gewestweg,binnen bebouwde kom,Tss. 2 best.: langs opzij (voor-/achterkant-flank),Geen hindernis
34574,116,Melle teller 2,Melle,50.9986113,3.8040599,0.26862817591040333,50.999963550476046,3.807240923780891,2022,9,11,44040,Melle,Normaal,Droog,Dag,met lichtgewonden,9,personenauto,3,Fiets,Buiten Kruispunt,Gewestweg,buiten bebouwde kom,Tss. 2 best.: langs opzij (voor-/achterkant-flank),Geen hindernis
34574,117,Melle teller 1,Melle,50.9986113,3.8040599,0.26862817591040333,50.999963550476046,3.807240923780891,2022,9,11,44040,Melle,Normaal,Droog,Dag,met lichtgewonden,9,personenauto,3,Fiets,Buiten Kruispunt,Gewestweg,buiten bebouwde kom,Tss. 2 best.: langs opzij (voor-/achterkant-flank),Geen hindernis
34577,116,Melle teller 2,Melle,50.9986113,3.8040599,0.4715584487640868,51.0026752695768,3.802134103548829,2022,9,12,44040,Melle,Normaal,Droog,Dag,met lichtgewonden,9,personenauto,3,Fiets,Buiten Kruispunt,Gewestweg,binnen bebouwde kom,Tss. 2 best.: langs opzij (voor-/achterkant-flank),Geen hindernis
34577,117,Melle teller 1,Melle,50.9986113,3.8040599,0.4715584487640868,51.0026752695768,3.802134103548829,2022,9,12,44040,Melle,Normaal,Droog,Dag,met lichtgewonden,9,personenauto,3,Fiets,Buiten Kruispunt,Gewestweg,binnen bebouwde kom,Tss. 2 best.: langs opzij (voor-/achterkant-flank),Geen hindernis
34636,141,Test site A support,Lokeren,51.08342085,3.9961071208376326,0.41281614864304195,51.081335382037345,3.991217850650432,2022,9,5,46014,Lokeren,Normaal,Droog,"Nacht, openbare verlichting aanwezig en ontstoken",met lichtgewonden,9,personenauto,3,Fiets,Op Kruispunt,Gemeenteweg,buiten bebouwde kom,Tss. 2 best.: langs opzij (voor-/achterkant-flank),Geen hindernis
34637,129,Lokeren teller 2,Lokeren,51.09612,3.97025,0.03133475586871895,51.09599539547663,3.969847534551002,2022,9,15,46014,Lokeren,Normaal,Droog,Dag,met lichtgewonden,6,Bromfiets,3,Fiets,Buiten Kruispunt,Gewestweg,buiten bebouwde kom,Tussen 2 bestuurders: Flank tegen flank,Geen hindernis
34637,128,Lokeren teller 1,Lokeren,51.09644,3.97023,0.05619099540831618,51.09599539547663,3.969847534551002,2022,9,15,46014,Lokeren,Normaal,Droog,Dag,met lichtgewonden,6,Bromfiets,3,Fiets,Buiten Kruispunt,Gewestweg,buiten bebouwde kom,Tussen 2 bestuurders: Flank tegen flank,Geen hindernis
34643,126,Hamme totem,Hamme,51.1017709,4.1469307,0.3570390806656102,51.10290608544423,4.142147424525934,2022,9,18,42008,Hamme,Normaal,"Nat, plassen",Dag,met lichtgewonden,6,Bromfiets,3,Fiets,Buiten Kruispunt,Gewestweg,buiten bebouwde kom,Tussen 2 bestuurders: Frontale botsing,Geen hindernis
34711,142,TEST Validatie BRUGGE Y2H22022134,Brugge,51.22632,3.24095,0.4718967874814403,51.22475149017308,3.234653257846393,2022,9,16,31005,Brugge,Regenval,"Nat, plassen",Dag,met lichtgewonden,3,Fiets,9,personenauto,Buiten Kruispunt,Gemeenteweg,binnen bebouwde kom,Tss. 2 best.: langs opzij (voor-/achterkant-flank),Geen hindernis
34711,52,Brugge,Brugge,51.22632,3.24095,0.4718967874814403,51.22475149017308,3.234653257846393,2022,9,16,31005,Brugge,Regenval,"Nat, plassen",Dag,met lichtgewonden,3,Fiets,9,personenauto,Buiten Kruispunt,Gemeenteweg,binnen bebouwde kom,Tss. 2 best.: langs opzij (voor-/achterkant-flank),Geen hindernis
34746,15,Oostende 2,Oostende,51.21371,2.92743,0.4586787588436633,51.209981934220764,2.9302483565662025,2022,9,8,35013,Oostende,Normaal,Droog,Dag,met lichtgewonden,9,personenauto,3,Fiets,Op Kruispunt,Gemeenteweg,binnen bebouwde kom,Tss. 2 best.: langs opzij (voor-/achterkant-flank),Geen hindernis
34746,18,Oostende 1,Oostende,51.21378,2.92765,0.45947563701390887,51.209981934220764,2.9302483565662025,2022,9,8,35013,Oostende,Normaal,Droog,Dag,met lichtgewonden,9,personenauto,3,Fiets,Op Kruispunt,Gemeenteweg,binnen bebouwde kom,Tss. 2 best.: langs opzij (voor-/achterkant-flank),Geen hindernis
34793,16,Kortrijk 1,Kortrijk,50.83332,3.27777,0.3170648314164409,50.832055402085054,3.2818164285863203,2022,9,7,34022,Kortrijk,Onbekend,Onbekend,Onbekend,met lichtgewonden,3,Fiets,3,Fiets,Buiten Kruispunt,Gemeenteweg,onbekend,Tss. 2 best.: langs opzij (voor-/achterkant-flank),Geen hindernis
34793,17,Kortrijk 2,Kortrijk,50.83339,3.27773,0.32308527039951224,50.832055402085054,3.2818164285863203,2022,9,7,34022,Kortrijk,Onbekend,Onbekend,Onbekend,met lichtgewonden,3,Fiets,3,Fiets,Buiten Kruispunt,Gemeenteweg,onbekend,Tss. 2 best.: langs opzij (voor-/achterkant-flank),Geen hindernis
34798,143,Eco Display Classic Budastraat,Kortrijk,50.83066,3.26286,0.25917041890676407,50.8328013347887,3.264317306328698,2022,9,16,34022,Kortrijk,Normaal,Droog,Dag,met lichtgewonden,3,Fiets,3,Fiets,Buiten Kruispunt,Gemeenteweg,binnen bebouwde kom,Tussen 2 bestuurders: Frontale botsing,Geen hindernis
34799,143,Eco Display Classic Budastraat,Kortrijk,50.83066,3.26286,0.43776704216033074,50.8331152301509,3.2579873647362985,2022,9,17,34022,Kortrijk,Normaal,Droog,Dag,met lichtgewonden,9,personenauto,3,Fiets,Buiten Kruispunt,Gewestweg,binnen bebouwde kom,Tussen 2 bestuurders: Flank tegen flank,Geen hindernis
34859,99,Mechelen teller 1,Mechelen,51.04564,4.46882,0.2682826900962946,51.04337529176292,4.4701434366860875,2022,9,17,12025,Mechelen,Normaal,"Nat, plassen",Dag,met lichtgewonden,9,personenauto,3,Fiets,Op Kruispunt,Gewestweg,binnen bebouwde kom,Tss. 2 best.: langs opzij (voor-/achterkant-flank),Geen hindernis
34859,100,Mechelen teller 2,Mechelen,51.0457,4.46883,0.27431991242964576,51.04337529176292,4.4701434366860875,2022,9,17,12025,Mechelen,Normaal,"Nat, plassen",Dag,met lichtgewonden,9,personenauto,3,Fiets,Op Kruispunt,Gewestweg,binnen bebouwde kom,Tss. 2 best.: langs opzij (voor-/achterkant-flank),Geen hindernis
34873,140,Hasselt ring,Hasselt,50.9300038,5.3438616,0.2452802356954134,50.928189534334244,5.341870916366932,2022,7,10,71022,Hasselt,Normaal,Droog,Dag,met lichtgewonden,3,Fiets,3,Fiets,Buiten Kruispunt,Gewestweg,binnen bebouwde kom,Tussen 2 bestuurders: Flank tegen flank,Geen hindernis
34875,140,Hasselt ring,Hasselt,50.9300038,5.3438616,0.3152599178708621,50.92935872408262,5.339481216836404,2022,9,10,71022,Hasselt,Normaal,Droog,Dag,met lichtgewonden,9,personenauto,3,Fiets,Buiten Kruispunt,Gemeenteweg,binnen bebouwde kom,Tussen 2 bestuurders: Frontale botsing,Geen hindernis
34891,25,Bree,Bree,51.13679500160176,5.597669323604317,0.49396363184581016,51.14058429023375,5.601364537453589,2022,9,15,72004,Bree,Normaal,Droog,Dag,met lichtgewonden,5,Lichte vrachtauto,3,Fiets,Op Kruispunt,Gewestweg,binnen bebouwde kom,Tss. 2 best.: langs opzij (voor-/achterkant-flank),Geen hindernis
34904,25,Bree,Bree,51.13679500160176,5.597669323604317,0.45866356157254523,51.1409177106955,5.597457020592639,2022,9,12,72004,Bree,Normaal,Droog,Dag,met lichtgewonden,9,personenauto,3,Fiets,Op Kruispunt,Gemeenteweg,binnen bebouwde kom,Tussen 2 bestuurders: Frontale botsing,Geen hindernis
35163,134,Retie,Dessel,51.2548405,5.1037658,0.4759947676473021,51.25790298866793,5.09898668423419,2022,10,15,13036,Retie,Normaal,Droog,Dag,met lichtgewonden,3,Fiets,9,personenauto,Op Kruispunt,Gewestweg,buiten bebouwde kom,Tss. 2 best.: langs opzij (voor-/achterkant-flank),Geen hindernis
35205,39,Peer teller 1,Peer,51.13425,5.47817,0.2565057407550482,51.133984047251566,5.4745183170086085,2022,10,16,72030,Peer,Normaal,Droog,Dag,met zwaargewonden,9,personenauto,3,Fiets,Op Kruispunt,Gewestweg,buiten bebouwde kom,Tss. 2 best.: langs opzij (voor-/achterkant-flank),Geen hindernis
35205,40,Peer teller 2,Peer,51.13438,5.47892,0.3102657203561647,51.133984047251566,5.4745183170086085,2022,10,16,72030,Peer,Normaal,Droog,Dag,met zwaargewonden,9,personenauto,3,Fiets,Op Kruispunt,Gewestweg,buiten bebouwde kom,Tss. 2 best.: langs opzij (voor-/achterkant-flank),Geen hindernis
35218,69,Leuven teller 1,Leuven,50.87549,4.71526,0.4436855703859878,50.8725119600169,4.719468504595617,2022,9,8,24062,Leuven,Normaal,Droog,Dag,met lichtgewonden,4,Vrachtwagen,3,Fiets,Op Kruispunt,Gewestweg,binnen bebouwde kom,Tussen 2 bestuurders: Flank tegen flank,Geen hindernis
35222,69,Leuven teller 1,Leuven,50.87549,4.71526,0.38316235197317955,50.87240938814062,4.7128132739165,2022,10,14,24062,Leuven,Onbekend,Onbekend,Dag,met lichtgewonden,3,Fiets,3,Fiets,Buiten Kruispunt,Gewestweg,buiten bebouwde kom,Tss. 2 best.: langs opzij (voor-/achterkant-flank),Geen hindernis
35224,69,Leuven teller 1,Leuven,50.87549,4.71526,0.18210124375424494,50.87711483137246,4.715584419172501,2022,10,12,24062,Leuven,Normaal,Droog,Dag,met lichtgewonden,3,Fiets,9,personenauto,Buiten Kruispunt,Gewestweg,binnen bebouwde kom,Tss. 2 best.: langs opzij (voor-/achterkant-flank),Geen hindernis
35232,69,Leuven teller 1,Leuven,50.87549,4.71526,0.4801997244665432,50.87569082327136,4.70842351122589,2022,10,11,24062,Leuven,Regenval,"Nat, plassen",Dag,met lichtgewonden,5,Lichte vrachtauto,3,Fiets,Op Kruispunt,Gemeenteweg,binnen bebouwde kom,Tss. 2 best.: langs opzij (voor-/achterkant-flank),Geen hindernis
35233,69,Leuven teller 1,Leuven,50.87549,4.71526,0.2587452598292309,50.873251862701,4.71626907170112,2022,10,8,24062,Leuven,Normaal,Droog,Dag,met lichtgewonden,3,Fiets,3,Fiets,Buiten Kruispunt,Gewestweg,binnen bebouwde kom,Tussen 2 bestuurders: Frontale botsing,Geen hindernis
35240,69,Leuven teller 1,Leuven,50.87549,4.71526,0.2107364568272103,50.87366546686684,4.714447513981549,2022,10,8,24062,Leuven,Normaal,Droog,Dageraad - schemering,met lichtgewonden,3,Fiets,3,Fiets,Op Kruispunt,Gewestweg,binnen bebouwde kom,Tussen 2 bestuurders: Frontale botsing,Geen hindernis
35272,145,Overijse,District Vilvoorde-gewestwegen,50.7885856,4.4908759,0.4833172966977169,50.792922490876244,4.4913346706839405,2022,10,7,23062,Overijse,Normaal,Droog,Dag,met lichtgewonden,3,Fiets,9,personenauto,Buiten Kruispunt,Gemeenteweg,binnen bebouwde kom,Tss. 2 best.: langs opzij (voor-/achterkant-flank),Geen hindernis
35313,119,Gent teller 2,Gent,51.0281795,3.7683918,0.008438540033756414,51.02811171668734,3.768337538647378,2022,10,7,44021,Gent,Onbekend,Onbekend,Dageraad - schemering,met lichtgewonden,9,personenauto,3,Fiets,Buiten Kruispunt,Gewestweg,binnen bebouwde kom,Tss. 2 best.: langs opzij (voor-/achterkant-flank),Geen hindernis
35313,118,Gent teller 1,Gent,51.028049,3.7681359,0.015731749728242324,51.02811171668734,3.768337538647378,2022,10,7,44021,Gent,Onbekend,Onbekend,Dageraad - schemering,met lichtgewonden,9,personenauto,3,Fiets,Buiten Kruispunt,Gewestweg,binnen bebouwde kom,Tss. 2 best.: langs opzij (voor-/achterkant-flank),Geen hindernis
35320,118,Gent teller 1,Gent,51.028049,3.7681359,0.1699687218765956,51.02908880584871,3.766354455498866,2022,10,11,44021,Gent,Normaal,Droog,Dag,met lichtgewonden,9,personenauto,3,Fiets,Buiten Kruispunt,Gewestweg,buiten bebouwde kom,Tss. 2 best.: langs opzij (voor-/achterkant-flank),Geen hindernis
35320,119,Gent teller 2,Gent,51.0281795,3.7683918,0.17471046211683028,51.02908880584871,3.766354455498866,2022,10,11,44021,Gent,Normaal,Droog,Dag,met lichtgewonden,9,personenauto,3,Fiets,Buiten Kruispunt,Gewestweg,buiten bebouwde kom,Tss. 2 best.: langs opzij (voor-/achterkant-flank),Geen hindernis
35340,13,Gent,Gent,51.03018,3.70146,0.3637252086273985,51.02691386266405,3.7011747902340266,2022,10,8,44021,Gent,Normaal,Droog,Dag,met lichtgewonden,6,Bromfiets,3,Fiets,Buiten Kruispunt,Autosnelweg,buiten bebouwde kom,Tussen 2 bestuurders: Frontale botsing,Geen hindernis
35391,6,Evergem 2,Evergem,51.10894,3.70298,0.35087955753594907,51.11062587930056,3.698731341003466,2022,10,7,44019,Evergem,Normaal,Droog,Dageraad - schemering,met lichtgewonden,9,personenauto,3,Fiets,Op Kruispunt,Gewestweg,binnen bebouwde kom,Tss. 2 best.: langs opzij (voor-/achterkant-flank),Geen hindernis
35391,7,Evergem 1,Evergem,51.1089,3.70317,0.3644836186599524,51.11062587930056,3.698731341003466,2022,10,7,44019,Evergem,Normaal,Droog,Dageraad - schemering,met lichtgewonden,9,personenauto,3,Fiets,Op Kruispunt,Gewestweg,binnen bebouwde kom,Tss. 2 best.: langs opzij (voor-/achterkant-flank),Geen hindernis
35392,6,Evergem 2,Evergem,51.10894,3.70298,0.35087955753594907,51.11062587930056,3.698731341003466,2022,10,12,44019,Evergem,Normaal,Droog,Dag,met lichtgewonden,9,personenauto,3,Fiets,Op Kruispunt,Gewestweg,binnen bebouwde kom,Tussen 2 bestuurders: Frontale botsing,Geen hindernis
35392,7,Evergem 1,Evergem,51.1089,3.70317,0.3644836186599524,51.11062587930056,3.698731341003466,2022,10,12,44019,Evergem,Normaal,Droog,Dag,met lichtgewonden,9,personenauto,3,Fiets,Op Kruispunt,Gewestweg,binnen bebouwde kom,Tussen 2 bestuurders: Frontale botsing,Geen hindernis
35393,7,Evergem 1,Evergem,51.1089,3.70317,0.4262151792449653,51.1124437475977,3.705496871387546,2022,10,16,44019,Evergem,Onbekend,Onbekend,Onbekend,met lichtgewonden,3,Fiets,9,personenauto,Buiten Kruispunt,Gemeenteweg,onbekend,Tussen 2 bestuurders: Langs achteren,Geen hindernis
35393,6,Evergem 2,Evergem,51.10894,3.70298,0.4273861914595438,51.1124437475977,3.705496871387546,2022,10,16,44019,Evergem,Onbekend,Onbekend,Onbekend,met lichtgewonden,3,Fiets,9,personenauto,Buiten Kruispunt,Gemeenteweg,onbekend,Tussen 2 bestuurders: Langs achteren,Geen hindernis
35448,128,Lokeren teller 1,Lokeren,51.09644,3.97023,0.41644252018167405,51.099510505460366,3.9736446081976706,2022,10,8,46014,Lokeren,Normaal,Droog,Dag,met lichtgewonden,3,Fiets,5,Lichte vrachtauto,Op Kruispunt,Gewestweg,buiten bebouwde kom,Tss. 2 best.: langs opzij (voor-/achterkant-flank),Geen hindernis
35448,129,Lokeren teller 2,Lokeren,51.09612,3.97025,0.4453360670235589,51.099510505460366,3.9736446081976706,2022,10,8,46014,Lokeren,Normaal,Droog,Dag,met lichtgewonden,3,Fiets,5,Lichte vrachtauto,Op Kruispunt,Gewestweg,buiten bebouwde kom,Tss. 2 best.: langs opzij (voor-/achterkant-flank),Geen hindernis
35511,142,TEST Validatie BRUGGE Y2H22022134,Brugge,51.22632,3.24095,0.40676141384291814,51.22963007428322,3.243436746991271,2022,10,2,31005,Brugge,Normaal,Droog,"Nacht, openbare verlichting aanwezig en ontstoken",met lichtgewonden,3,Fiets,9,personenauto,Buiten Kruispunt,Gemeenteweg,binnen bebouwde kom,Tussen 2 bestuurders: Langs achteren,Geen hindernis
35511,52,Brugge,Brugge,51.22632,3.24095,0.40676141384291814,51.22963007428322,3.243436746991271,2022,10,2,31005,Brugge,Normaal,Droog,"Nacht, openbare verlichting aanwezig en ontstoken",met lichtgewonden,3,Fiets,9,personenauto,Buiten Kruispunt,Gemeenteweg,binnen bebouwde kom,Tussen 2 bestuurders: Langs achteren,Geen hindernis
35564,15,Oostende 2,Oostende,51.21371,2.92743,0.13964605796578958,51.21475684633309,2.9263224688925416,2022,10,9,35013,Oostende,Regenval,"Nat, plassen",Dag,met lichtgewonden,3,Fiets,9,personenauto,Op Kruispunt,Gewestweg,binnen bebouwde kom,Tss. 2 best.: langs opzij (voor-/achterkant-flank),Geen hindernis
35564,18,Oostende 1,Oostende,51.21378,2.92765,0.14264845884594732,51.21475684633309,2.9263224688925416,2022,10,9,35013,Oostende,Regenval,"Nat, plassen",Dag,met lichtgewonden,3,Fiets,9,personenauto,Op Kruispunt,Gewestweg,binnen bebouwde kom,Tss. 2 best.: langs opzij (voor-/achterkant-flank),Geen hindernis
35565,15,Oostende 2,Oostende,51.21371,2.92743,0.13964605796578958,51.21475684633309,2.9263224688925416,2022,10,11,35013,Oostende,Normaal,Droog,Dag,met lichtgewonden,3,Fiets,5,Lichte vrachtauto,Op Kruispunt,Gewestweg,binnen bebouwde kom,Tss. 2 best.: langs opzij (voor-/achterkant-flank),Geen hindernis
35565,18,Oostende 1,Oostende,51.21378,2.92765,0.14264845884594732,51.21475684633309,2.9263224688925416,2022,10,11,35013,Oostende,Normaal,Droog,Dag,met lichtgewonden,3,Fiets,5,Lichte vrachtauto,Op Kruispunt,Gewestweg,binnen bebouwde kom,Tss. 2 best.: langs opzij (voor-/achterkant-flank),Geen hindernis
35603,143,Eco Display Classic Budastraat,Kortrijk,50.83066,3.26286,0.2893106331056607,50.832962105074245,3.260940470822705,2022,10,12,34022,Kortrijk,Normaal,Droog,Dag,met lichtgewonden,9,personenauto,3,Fiets,Buiten Kruispunt,Gemeenteweg,binnen bebouwde kom,Tss. 2 best.: langs opzij (voor-/achterkant-flank),Geen hindernis
35610,143,Eco Display Classic Budastraat,Kortrijk,50.83066,3.26286,0.30986501457598997,50.83088844736939,3.2672571600839015,2022,10,8,34022,Kortrijk,Normaal,Droog,Dag,met lichtgewonden,9,personenauto,3,Fiets,Op Kruispunt,Gemeenteweg,binnen bebouwde kom,Tss. 2 best.: langs opzij (voor-/achterkant-flank),Geen hindernis
35652,42,Maasmechelen teller 2,Maasmechelen,50.97043,5.6981,0.422866778635788,50.97423182244042,5.697954102839251,2022,10,8,73107,Maasmechelen,Normaal,Droog,Dag,met lichtgewonden,9,personenauto,3,Fiets,Op Kruispunt,Gemeenteweg,binnen bebouwde kom,Tss. 2 best.: langs opzij (voor-/achterkant-flank),Geen hindernis
35652,41,Maasmechelen teller 1,Maasmechelen,50.97025,5.69799,0.4427655884979964,50.97423182244042,5.697954102839251,2022,10,8,73107,Maasmechelen,Normaal,Droog,Dag,met lichtgewonden,9,personenauto,3,Fiets,Op Kruispunt,Gemeenteweg,binnen bebouwde kom,Tss. 2 best.: langs opzij (voor-/achterkant-flank),Geen hindernis
35685,99,Mechelen teller 1,Mechelen,51.04564,4.46882,0.3266731833552658,51.043410358063646,4.471862727281553,2022,10,12,12025,Mechelen,Regenval,"Nat, plassen",Dag,met lichtgewonden,3,Fiets,9,personenauto,Op Kruispunt,Gemeenteweg,binnen bebouwde kom,Tss. 2 best.: langs opzij (voor-/achterkant-flank),Geen hindernis
35685,100,Mechelen teller 2,Mechelen,51.0457,4.46883,0.3313171408236431,51.043410358063646,4.471862727281553,2022,10,12,12025,Mechelen,Regenval,"Nat, plassen",Dag,met lichtgewonden,3,Fiets,9,personenauto,Op Kruispunt,Gemeenteweg,binnen bebouwde kom,Tss. 2 best.: langs opzij (voor-/achterkant-flank),Geen hindernis
35691,138,Hasselt-Kempische brug,Hasselt,50.9405318,5.3422472,0.29681839925515957,50.938022936326774,5.340800520888007,2022,10,8,71022,Hasselt,Normaal,Droog,Dag,met lichtgewonden,9,personenauto,3,Fiets,Op Kruispunt,Gewestweg,binnen bebouwde kom,Tss. 2 best.: langs opzij (voor-/achterkant-flank),Geen hindernis
35691,137,Hasselt-Kempische brug,Hasselt,50.9411605,5.3417576,0.35526783039324816,50.938022936326774,5.340800520888007,2022,10,8,71022,Hasselt,Normaal,Droog,Dag,met lichtgewonden,9,personenauto,3,Fiets,Op Kruispunt,Gewestweg,binnen bebouwde kom,Tss. 2 best.: langs opzij (voor-/achterkant-flank),Geen hindernis
35703,140,Hasselt ring,Hasselt,50.9300038,5.3438616,0.43815523790209576,50.92970357822288,5.350095376918021,2022,10,13,71022,Hasselt,Normaal,Droog,Dag,met lichtgewonden,3,Fiets,99,onbekend,Op Kruispunt,Gewestweg,binnen bebouwde kom,Tss. 2 best.: langs opzij (voor-/achterkant-flank),Geen hindernis
35709,25,Bree,Bree,51.13679500160176,5.597669323604317,0.28256164476904916,51.137014830567885,5.593634636275623,2022,10,11,72004,Bree,Normaal,Droog,Dag,met lichtgewonden,2,Andere weggebruiker,3,Fiets,Buiten Kruispunt,Gewestweg,buiten bebouwde kom,Tussen 2 bestuurders: Flank tegen flank,Geen hindernis
35715,25,Bree,Bree,51.13679500160176,5.597669323604317,0.3344550274756275,51.13823372355374,5.593459576888977,2022,10,14,72004,Bree,Normaal,Droog,Dag,met lichtgewonden,3,Fiets,5,Lichte vrachtauto,Buiten Kruispunt,Gewestweg,buiten bebouwde kom,Tussen 2 bestuurders: Flank tegen flank,Geen hindernis
35736,25,Bree,Bree,51.13679500160176,5.597669323604317,0.14702990833670082,51.138116620732276,5.597735524529992,2022,10,15,72004,Bree,Normaal,Droog,Dag,met lichtgewonden,3,Fiets,10,"één bestuurder, geen hindernis",Op Kruispunt,Gemeenteweg,binnen bebouwde kom,"Eén bestuurder, geen hindernis (incl. val)",Geen hindernis
35884,94,Herentals teller 2,Herentals,51.17345,4.81283,0.40774358705353986,51.17479007847761,4.818274225118173,2022,9,17,13011,Herentals,Onbekend,Onbekend,Onbekend,met lichtgewonden,3,Fiets,9,personenauto,Op Kruispunt,Gewestweg,onbekend,Tss. 2 best.: langs opzij (voor-/achterkant-flank),Geen hindernis
35884,110,Herentals totem,Herentals,51.1739426,4.811783,0.46223652932881687,51.17479007847761,4.818274225118173,2022,9,17,13011,Herentals,Onbekend,Onbekend,Onbekend,met lichtgewonden,3,Fiets,9,personenauto,Op Kruispunt,Gewestweg,onbekend,Tss. 2 best.: langs opzij (voor-/achterkant-flank),Geen hindernis
35910,96,Lier teller 2,Lier,51.11705,4.58444,0.07959145477939127,51.11741700258354,4.583461016788204,2022,11,8,12021,Lier,Regenval,"Nat, plassen",Dag,met zwaargewonden,9,personenauto,3,Fiets,Buiten Kruispunt,Gewestweg,buiten bebouwde kom,Tussen 2 bestuurders: Flank tegen flank,Geen hindernis