crash_row_id,site_id,site_name,site_gemeente,site_lat,site_long,distance_km,crash_lat,crash_long,DT_YEAR_COLLISION,DT_MONTH_COLLISION,DT_TIME,CD_NIS,TX_MUNTY_COLLISION_NL,TX_WEATHER_NL,TX_ROAD_CONDITION_NL,TX_LIGHT_CONDITION_NL,TX_CLASS_ACCIDENTS_NL,CD_ROAD_USR_TYPE1,TX_ROAD_USR_TYPE1_NL,CD_ROAD_USR_TYPE2,TX_ROAD_USR_TYPE2_NL,TX_CROSSWAY_NL,CD_ROAD_TYPE_NL,TX_BUILD_UP_AREA_NL,TX_COLLISION_TYPE_NL,TX_OBSTACLES_NL
35910,95,Lier teller 1,Lier,51.11687,4.58437,0.08789266751123391,51.11741700258354,4.583461016788204,2022,11,8,12021,Lier,Regenval,"Nat, plassen",Dag,met zwaargewonden,9,personenauto,3,Fiets,Buiten Kruispunt,Gewestweg,buiten bebouwde kom,Tussen 2 bestuurders: Flank tegen flank,Geen hindernis
35963,45,Pelt teller 1,Pelt,51.23127,5.44377,0.47299610328972475,51.234650305924646,5.4478939634388635,2022,11,18,72043,Pelt,Onbekend,Droog,"Nacht, openbare verlichting aanwezig en ontstoken",met lichtgewonden,3,Fiets,9,personenauto,Op Kruispunt,Gewestweg,buiten bebouwde kom,Tss. 2 best.: langs opzij (voor-/achterkant-flank),Geen hindernis
35963,46,Pelt teller 2,Pelt,51.231,5.44375,0.4979941270134725,51.234650305924646,5.4478939634388635,2022,11,18,72043,Pelt,Onbekend,Droog,"Nacht, openbare verlichting aanwezig en ontstoken",met lichtgewonden,3,Fiets,9,personenauto,Op Kruispunt,Gewestweg,buiten bebouwde kom,Tss. 2 best.: langs opzij (voor-/achterkant-flank),Geen hindernis
35989,151,Leuven,District Leuven,50.8690262,4.6854839,0.35855232794059605,50.86963746271882,4.690500721135854,2022,11,18,24062,Leuven,Normaal,Onbekend,"Nacht, openbare verlichting aanwezig en ontstoken",met lichtgewonden,3,Fiets,3,Fiets,Buiten Kruispunt,Gewestweg,binnen bebouwde kom,Tussen 2 bestuurders: Flank tegen flank,Geen hindernis
35994,107,leuven totem,Leuven,50.8870744,4.7087919,0.0645927576653999,50.887382964083365,4.708011732434598,2022,11,14,24062,Leuven,Normaal,Droog,Dag,met lichtgewonden,3,Fiets,3,Fiets,Buiten Kruispunt,Gemeenteweg,binnen bebouwde kom,Tussen 2 bestuurders: Flank tegen flank,Geen hindernis
35994,77,Leuven teller 2,Leuven,50.88672,4.70796,0.07380750773530369,50.887382964083365,4.708011732434598,2022,11,14,24062,Leuven,Normaal,Droog,Dag,met lichtgewonden,3,Fiets,3,Fiets,Buiten Kruispunt,Gemeenteweg,binnen bebouwde kom,Tussen 2 bestuurders: Flank tegen flank,Geen hindernis
35995,69,Leuven teller 1,Leuven,50.87549,4.71526,0.4527748044335251,50.87247889378177,4.719603861542396,2022,11,18,24062,Leuven,Regenval,"Nat, plassen","Nacht, openbare verlichting aanwezig en ontstoken",met lichtgewonden,3,Fiets,11,een weggebruiker tegen een hindernis,Buiten Kruispunt,Gewestweg,binnen bebouwde kom,Weggebruiker tegen hindernis buiten rijbaan,Buiten de rijbaan: Andere paal
36000,69,Leuven teller 1,Leuven,50.87549,4.71526,0.03467939881977,50.875263781650766,4.7156002407591,2022,11,15,24062,Leuven,Normaal,Droog,Dag,met lichtgewonden,8,Voetganger,3,Fiets,Buiten Kruispunt,Gewestweg,binnen bebouwde kom,Met een voetganger,Geen hindernis
36122,119,Gent teller 2,Gent,51.0281795,3.7683918,0.3763361615747427,51.025576613328006,3.7718312252199495,2022,11,9,44040,Melle,Normaal,Droog,Dag,met lichtgewonden,9,personenauto,3,Fiets,Buiten Kruispunt,Gewestweg,binnen bebouwde kom,Tss. 2 best.: langs opzij (voor-/achterkant-flank),Geen hindernis
36122,118,Gent teller 1,Gent,51.028049,3.7681359,0.3773196042310551,51.025576613328006,3.7718312252199495,2022,11,9,44040,Melle,Normaal,Droog,Dag,met lichtgewonden,9,personenauto,3,Fiets,Buiten Kruispunt,Gewestweg,binnen bebouwde kom,Tss. 2 best.: langs opzij (voor-/achterkant-flank),Geen hindernis
36131,7,Evergem 1,Evergem,51.1089,3.70317,0.21747563202282072,51.1075743562822,3.7054603513271913,2022,11,8,44019,Evergem,Regenval,"Nat, plassen",Dageraad - schemering,met lichtgewonden,9,personenauto,3,Fiets,Op Kruispunt,Gewestweg,buiten bebouwde kom,Tussen 2 bestuurders: Flank tegen flank,Geen hindernis
36131,6,Evergem 2,Evergem,51.10894,3.70298,0.23031412479169844,51.1075743562822,3.7054603513271913,2022,11,8,44019,Evergem,Regenval,"Nat, plassen",Dageraad - schemering,met lichtgewonden,9,personenauto,3,Fiets,Op Kruispunt,Gewestweg,buiten bebouwde kom,Tussen 2 bestuurders: Flank tegen flank,Geen hindernis
36133,115,Aalter,Aalter,51.1058367,3.4350591,0.33715624588019655,51.10322785005388,3.437519997797009,2022,11,15,44084,Aalter,Mist (zichtbaarheid minder dan 100m),"Vuil (zand, grint, bladeren,...)",Dag,met zwaargewonden,3,Fiets,10,"één bestuurder, geen hindernis",Buiten Kruispunt,Gewestweg,binnen bebouwde kom,"Eén bestuurder, geen hindernis (incl. val)",Geen hindernis
36207,122,Dendermonde teller 2,Dendermonde,51.0373918,4.1019222,0.45472085288904274,51.041443718086065,4.102800761976594,2022,11,9,42006,Dendermonde,Normaal,Droog,Dag,met lichtgewonden,3,Fiets,9,personenauto,Op Kruispunt,Gewestweg,binnen bebouwde kom,Tss. 2 best.: langs opzij (voor-/achterkant-flank),Geen hindernis
36207,125,Dendermonde totem,Dendermonde,51.0372706,4.1025998,0.4642422405459269,51.041443718086065,4.102800761976594,2022,11,9,42006,Dendermonde,Normaal,Droog,Dag,met lichtgewonden,3,Fiets,9,personenauto,Op Kruispunt,Gewestweg,binnen bebouwde kom,Tss. 2 best.: langs opzij (voor-/achterkant-flank),Geen hindernis
36267,56,Torhout teller 2,Torhout,51.07147,3.08244,0.14577638376367227,51.07212376360323,3.080631508786163,2022,11,17,31033,Torhout,Normaal,Droog,"Nacht, openbare verlichting aanwezig en ontstoken",met lichtgewonden,9,personenauto,3,Fiets,Op Kruispunt,Gewestweg,binnen bebouwde kom,Tss. 2 best.: langs opzij (voor-/achterkant-flank),Geen hindernis
36267,55,Torhout teller 1,Torhout,51.07161,3.08261,0.149574239944794,51.07212376360323,3.080631508786163,2022,11,17,31033,Torhout,Normaal,Droog,"Nacht, openbare verlichting aanwezig en ontstoken",met lichtgewonden,9,personenauto,3,Fiets,Op Kruispunt,Gewestweg,binnen bebouwde kom,Tss. 2 best.: langs opzij (voor-/achterkant-flank),Geen hindernis
36288,143,Eco Display Classic Budastraat,Kortrijk,50.83066,3.26286,0.38166279326623015,50.829627870645254,3.268042719375038,2022,11,14,34022,Kortrijk,Normaal,Droog,Dag,met zwaargewonden,3,Fiets,10,"één bestuurder, geen hindernis",Buiten Kruispunt,Gewestweg,binnen bebouwde kom,"Eén bestuurder, geen hindernis (incl. val)",Geen hindernis
36370,140,Hasselt ring,Hasselt,50.9300038,5.3438616,0.15855091505497557,50.930616168891895,5.345904692447574,2022,11,13,71022,Hasselt,Normaal,Droog,Dag,met lichtgewonden,9,personenauto,3,Fiets,Op Kruispunt,Gewestweg,buiten bebouwde kom,Tss. 2 best.: langs opzij (voor-/achterkant-flank),Geen hindernis
36573,97,Geel teller 1,Geel,51.14813,4.99698,0.48524777864395596,51.145484441350284,5.002512340844615,2022,12,17,13008,Geel,Onbekend,"Ijzel, sneeuw","Nacht, openbare verlichting aanwezig en ontstoken",met lichtgewonden,3,Fiets,3,Fiets,Buiten Kruispunt,Gewestweg,buiten bebouwde kom,Tussen 2 bestuurders: Frontale botsing,Geen hindernis
36592,69,Leuven teller 1,Leuven,50.87549,4.71526,0.46568095165874807,50.87966485687527,4.71578481312547,2022,12,18,24062,Leuven,Normaal,Droog,"Nacht, openbare verlichting aanwezig en ontstoken",met lichtgewonden,3,Fiets,3,Fiets,Buiten Kruispunt,Gemeenteweg,binnen bebouwde kom,Tussen 2 bestuurders: Flank tegen flank,Geen hindernis
36595,69,Leuven teller 1,Leuven,50.87549,4.71526,0.29449206251097365,50.87308221132952,4.717008045941061,2022,12,16,24062,Leuven,Regenval,"Nat, plassen","Nacht, openbare verlichting aanwezig en ontstoken",met lichtgewonden,3,Fiets,9,personenauto,Op Kruispunt,Gewestweg,buiten bebouwde kom,Tussen 2 bestuurders: Flank tegen flank,Geen hindernis
36596,107,leuven totem,Leuven,50.8870744,4.7087919,0.28966574796114336,50.885541639746194,4.712130785790091,2022,12,21,24062,Leuven,Normaal,"Nat, plassen","Nacht, openbare verlichting aanwezig en ontstoken",met lichtgewonden,6,Bromfiets,3,Fiets,Buiten Kruispunt,Gewestweg,binnen bebouwde kom,Tussen 2 bestuurders: Frontale botsing,Geen hindernis
36596,77,Leuven teller 2,Leuven,50.88672,4.70796,0.3205757856295767,50.885541639746194,4.712130785790091,2022,12,21,24062,Leuven,Normaal,"Nat, plassen","Nacht, openbare verlichting aanwezig en ontstoken",met lichtgewonden,6,Bromfiets,3,Fiets,Buiten Kruispunt,Gewestweg,binnen bebouwde kom,Tussen 2 bestuurders: Frontale botsing,Geen hindernis
36603,69,Leuven teller 1,Leuven,50.87549,4.71526,0.18784706570408857,50.877165364447166,4.715603775822001,2022,12,14,24062,Leuven,Normaal,Droog,Dag,met lichtgewonden,9,personenauto,3,Fiets,Buiten Kruispunt,Gewestweg,binnen bebouwde kom,Tss. 2 best.: langs opzij (voor-/achterkant-flank),Geen hindernis
36604,151,Leuven,District Leuven,50.8690262,4.6854839,0.48674300276404775,50.87206948426142,4.690469703057868,2022,12,10,24062,Leuven,Normaal,"Nat, plassen",Dag,met lichtgewonden,9,personenauto,3,Fiets,Op Kruispunt,Gewestweg,binnen bebouwde kom,Tussen 2 bestuurders: Langs achteren,Geen hindernis
36606,151,Leuven,District Leuven,50.8690262,4.6854839,0.48674300276404775,50.87206948426142,4.690469703057868,2022,10,16,24062,Leuven,Normaal,Droog,Dag,met lichtgewonden,9,personenauto,3,Fiets,Op Kruispunt,Gewestweg,buiten bebouwde kom,Tss. 2 best.: langs opzij (voor-/achterkant-flank),Geen hindernis
36608,151,Leuven,District Leuven,50.8690262,4.6854839,0.4891733215006005,50.87175649865821,4.690949895679916,2022,11,18,24062,Leuven,Normaal,Droog,"Nacht, openb. verlicht. aanw., maar niet ontstoken",met lichtgewonden,3,Fiets,11,een weggebruiker tegen een hindernis,Buiten Kruispunt,Gewestweg,binnen bebouwde kom,Weggebruiker tegen hindernis buiten rijbaan,Onbekend
36728,126,Hamme totem,Hamme,51.1017709,4.1469307,0.30645942977462637,51.10080034486161,4.142822845726932,2022,12,8,42008,Hamme,Onbekend,"Nat, plassen",Onbekend,met lichtgewonden,9,personenauto,3,Fiets,Op Kruispunt,Gewestweg,binnen bebouwde kom,Tussen 2 bestuurders: Langs achteren,Geen hindernis
36779,18,Oostende 1,Oostende,51.21378,2.92765,0.39868663938197707,51.21567847972533,2.93250567646637,2022,12,7,35013,Oostende,Normaal,Onbekend,Dageraad - schemering,met lichtgewonden,8,Voetganger,3,Fiets,Buiten Kruispunt,Gewestweg,binnen bebouwde kom,Met een voetganger,Geen hindernis
36779,15,Oostende 2,Oostende,51.21371,2.92743,0.4158102584816592,51.21567847972533,2.93250567646637,2022,12,7,35013,Oostende,Normaal,Onbekend,Dageraad - schemering,met lichtgewonden,8,Voetganger,3,Fiets,Buiten Kruispunt,Gewestweg,binnen bebouwde kom,Met een voetganger,Geen hindernis
36808,143,Eco Display Classic Budastraat,Kortrijk,50.83066,3.26286,0.4888445946880752,50.82839818883485,3.2568916013026294,2022,12,8,34022,Kortrijk,Normaal,Droog,Dag,met lichtgewonden,9,personenauto,3,Fiets,Op Kruispunt,Gewestweg,binnen bebouwde kom,Tss. 2 best.: langs opzij (voor-/achterkant-flank),Geen hindernis
36815,16,Kortrijk 1,Kortrijk,50.83332,3.27777,0.3204619494637391,50.83156315551424,3.274152806799708,2022,11,12,34022,Kortrijk,Onbekend,Onbekend,Dag,met lichtgewonden,8,Voetganger,3,Fiets,Buiten Kruispunt,Gewestweg,onbekend,Met een voetganger,Geen hindernis
36815,17,Kortrijk 2,Kortrijk,50.83339,3.27773,0.32307597951034295,50.83156315551424,3.274152806799708,2022,11,12,34022,Kortrijk,Onbekend,Onbekend,Dag,met lichtgewonden,8,Voetganger,3,Fiets,Buiten Kruispunt,Gewestweg,onbekend,Met een voetganger,Geen hindernis
36818,143,Eco Display Classic Budastraat,Kortrijk,50.83066,3.26286,0.41405431800451936,50.827128939863094,3.26098848693376,2022,12,14,34022,Kortrijk,Normaal,Droog,Dag,met lichtgewonden,9,personenauto,3,Fiets,Op Kruispunt,Gewestweg,binnen bebouwde kom,Tss. 2 best.: langs opzij (voor-/achterkant-flank),Geen hindernis
36834,65,Nieuwpoort teller 2,Nieuwpoort,51.13435,2.75511,0.06472595264922094,51.13381059129832,2.754761319159148,2022,12,6,38016,Nieuwpoort,Normaal,Droog,"Nacht, openbare verlichting aanwezig en ontstoken",met lichtgewonden,9,personenauto,3,Fiets,Op Kruispunt,Gewestweg,binnen bebouwde kom,Tss. 2 best.: langs opzij (voor-/achterkant-flank),Geen hindernis
36834,64,Nieuwpoort teller 1,Nieuwpoort,51.13359,2.75737,0.18366699778493306,51.13381059129832,2.754761319159148,2022,12,6,38016,Nieuwpoort,Normaal,Droog,"Nacht, openbare verlichting aanwezig en ontstoken",met lichtgewonden,9,personenauto,3,Fiets,Op Kruispunt,Gewestweg,binnen bebouwde kom,Tss. 2 best.: langs opzij (voor-/achterkant-flank),Geen hindernis
36865,100,Mechelen teller 2,Mechelen,51.0457,4.46883,0.16947995704433352,51.04712586699318,4.467973435963284,2022,12,8,12025,Mechelen,Regenval,"Nat, plassen",Dageraad - schemering,met lichtgewonden,3,Fiets,6,Bromfiets,Buiten Kruispunt,Gewestweg,binnen bebouwde kom,Tussen 2 bestuurders: Frontale botsing,Geen hindernis
36865,99,Mechelen teller 1,Mechelen,51.04564,4.46882,0.17550020910688754,51.04712586699318,4.467973435963284,2022,12,8,12025,Mechelen,Regenval,"Nat, plassen",Dageraad - schemering,met lichtgewonden,3,Fiets,6,Bromfiets,Buiten Kruispunt,Gewestweg,binnen bebouwde kom,Tussen 2 bestuurders: Frontale botsing,Geen hindernis
37042,108,Heverlee teller 1,Leuven,50.8471728,4.6954674,0.18276423556187427,50.84881564532322,4.695548252558499,2023,1,8,24062,Leuven,Regenval,Proper,Dag,met lichtgewonden,9,personenauto,3,Fiets,Buiten Kruispunt,Gewestweg,binnen bebouwde kom,Tss. 2 best.: langs opzij (voor-/achterkant-flank),Geen hindernis
37042,76,Heverlee teller 2,Leuven,50.84606,4.69597,0.3078410891311539,50.84881564532322,4.695548252558499,2023,1,8,24062,Leuven,Regenval,Proper,Dag,met lichtgewonden,9,personenauto,3,Fiets,Buiten Kruispunt,Gewestweg,binnen bebouwde kom,Tss. 2 best.: langs opzij (voor-/achterkant-flank),Geen hindernis
37078,27,Grimbergen,Meise,50.92127,4.34013,0.47316358214846843,50.9172859451062,4.342501210457321,2023,1,12,23025,Grimbergen,Onbekend,Droog,Dag,met lichtgewonden,9,personenauto,3,Fiets,Buiten Kruispunt,Gewestweg,buiten bebouwde kom,Tss. 2 best.: langs opzij (voor-/achterkant-flank),Geen hindernis
37080,149,Machelen,,50.88297881,4.43356644,0.29875746328818975,50.88287378596216,4.437821800676202,2023,1,12,23047,Machelen,Normaal,Droog,Dag,met lichtgewonden,3,Fiets,11,een weggebruiker tegen een hindernis,Buiten Kruispunt,Gemeenteweg,binnen bebouwde kom,Weggebruiker tegen hindernis buiten rijbaan,Buiten de rijbaan: Verlichtingspaal
37155,115,Aalter,Aalter,51.1058367,3.4350591,0.34156510995196043,51.10599033996334,3.430172958074111,2023,1,17,44084,Aalter,"Sterke wind, rukwind","Nat, plassen",Dageraad - schemering,met lichtgewonden,3,Fiets,11,een weggebruiker tegen een hindernis,Buiten Kruispunt,Gemeenteweg,binnen bebouwde kom,Weggebruiker tegen hindernis buiten rijbaan,Buiten de rijbaan: Boom
37271,143,Eco Display Classic Budastraat,Kortrijk,50.83066,3.26286,0.43160296459169606,50.82703294499752,3.2606717092510955,2023,1,13,34022,Kortrijk,Normaal,Droog,Dag,met lichtgewonden,9,personenauto,3,Fiets,Buiten Kruispunt,Gemeenteweg,binnen bebouwde kom,Tss. 2 best.: langs opzij (voor-/achterkant-flank),Geen hindernis
37272,75,Kortrijk teller 2,Kortrijk,50.81925,3.25731,0.24657450575686748,50.82114959589914,3.255499108088185,2023,1,16,34022,Kortrijk,Regenval,"Nat, plassen",Dag,met lichtgewonden,9,personenauto,3,Fiets,Op Kruispunt,Gemeenteweg,binnen bebouwde kom,Tss. 2 best.: langs opzij (voor-/achterkant-flank),Geen hindernis
37272,74,Kortrijk teller 1,Kortrijk,50.81909,3.25728,0.2609592467721657,50.82114959589914,3.255499108088185,2023,1,16,34022,Kortrijk,Regenval,"Nat, plassen",Dag,met lichtgewonden,9,personenauto,3,Fiets,Op Kruispunt,Gemeenteweg,binnen bebouwde kom,Tss. 2 best.: langs opzij (voor-/achterkant-flank),Geen hindernis
37276,143,Eco Display Classic Budastraat,Kortrijk,50.83066,3.26286,0.3081560381121492,50.83335401162717,3.2618308838932895,2023,1,1,34022,Kortrijk,Normaal,Droog,"Nacht, openbare verlichting aanwezig en ontstoken",met lichtgewonden,3,Fiets,10,"één bestuurder, geen hindernis",Buiten Kruispunt,Gemeenteweg,binnen bebouwde kom,"Eén bestuurder, geen hindernis (incl. val)",Geen hindernis
37301,42,Maasmechelen teller 2,Maasmechelen,50.97043,5.6981,0.4259306663795453,50.9720653507201,5.692599296391783,2023,1,8,73107,Maasmechelen,Normaal,Droog,Dag,met lichtgewonden,3,Fiets,9,personenauto,Op Kruispunt,Gemeenteweg,binnen bebouwde kom,Tss. 2 best.: langs opzij (voor-/achterkant-flank),Geen hindernis
37301,41,Maasmechelen teller 1,Maasmechelen,50.97025,5.69799,0.42804597974655606,50.9720653507201,5.692599296391783,2023,1,8,73107,Maasmechelen,Normaal,Droog,Dag,met lichtgewonden,3,Fiets,9,personenauto,Op Kruispunt,Gemeenteweg,binnen bebouwde kom,Tss. 2 best.: langs opzij (voor-/achterkant-flank),Geen hindernis
37307,124,Beveren teller 2,Beveren,51.1964712,4.2361077,0.3151019420933156,51.199296770698915,4.235763730976023,2023,1,8,46003,Beveren,Onbekend,Onbekend,Onbekend,met lichtgewonden,3,Fiets,3,Fiets,Buiten Kruispunt,Gemeenteweg,buiten bebouwde kom,Tussen 2 bestuurders: Langs achteren,Geen hindernis
37310,105,St. pieters leeuw teller 2,Halle,50.75509,4.24943,0.3376106497695919,50.75317971281194,4.253160259132606,2023,1,16,23027,Halle,Regenval,"Nat, plassen",Dageraad - schemering,met lichtgewonden,3,Fiets,9,personenauto,Op Kruispunt,Gemeenteweg,buiten bebouwde kom,Tss. 2 best.: langs opzij (voor-/achterkant-flank),Geen hindernis
37310,106,St. pieters leeuw teller 1,Sint-Pieters-Leeuw,50.75533,4.24951,0.3508677110611765,50.75317971281194,4.253160259132606,2023,1,16,23027,Halle,Regenval,"Nat, plassen",Dageraad - schemering,met lichtgewonden,3,Fiets,9,personenauto,Op Kruispunt,Gemeenteweg,buiten bebouwde kom,Tss. 2 best.: langs opzij (voor-/achterkant-flank),Geen hindernis
37327,49,Bokrijk,Genk,50.95264,5.41001,0.06256988158124158,50.952510258175664,5.4091408336286,2023,1,8,71016,Genk,Normaal,Droog,Dag,met lichtgewonden,3,Fiets,10,"één bestuurder, geen hindernis",Buiten Kruispunt,Gewestweg,buiten bebouwde kom,"Eén bestuurder, geen hindernis (incl. val)",Geen hindernis
37336,24,Tienen 1,Tienen,50.8133795491886,4.935044252605416,0.03633002609112147,50.813052895083395,4.935054930539256,2023,1,18,24107,Tienen,Onbekend,"Nat, plassen","Nacht, openbare verlichting aanwezig en ontstoken",met lichtgewonden,9,personenauto,3,Fiets,Buiten Kruispunt,Gewestweg,binnen bebouwde kom,Tss. 2 best.: langs opzij (voor-/achterkant-flank),Geen hindernis
37336,23,Tienen 3,Tienen,50.81324,4.93447,0.04606268387374441,50.813052895083395,4.935054930539256,2023,1,18,24107,Tienen,Onbekend,"Nat, plassen","Nacht, openbare verlichting aanwezig en ontstoken",met lichtgewonden,9,personenauto,3,Fiets,Buiten Kruispunt,Gewestweg,binnen bebouwde kom,Tss. 2 best.: langs opzij (voor-/achterkant-flank),Geen hindernis
37336,22,Tienen 2,Tienen,50.81330800184882,4.935984252796022,0.07118866724700154,50.813052895083395,4.935054930539256,2023,1,18,24107,Tienen,Onbekend,"Nat, plassen","Nacht, openbare verlichting aanwezig en ontstoken",met lichtgewonden,9,personenauto,3,Fiets,Buiten Kruispunt,Gewestweg,binnen bebouwde kom,Tss. 2 best.: langs opzij (voor-/achterkant-flank),Geen hindernis
37465,9,Heist op den Berg 2,Heist-op-den-Berg,51.06904,4.69524,0.1935367536317446,51.06972238590636,4.697788099750858,2023,2,9,12014,Heist-op-den-Berg,Normaal,Droog,Dag,met zwaargewonden,3,Fiets,5,Lichte vrachtauto,Op Kruispunt,Gewestweg,binnen bebouwde kom,Tussen 2 bestuurders: Frontale botsing,Geen hindernis
37527,69,Leuven teller 1,Leuven,50.87549,4.71526,0.20941307566238046,50.87370193388216,4.714322956726469,2023,2,17,24062,Leuven,Normaal,Droog,Dageraad - schemering,met lichtgewonden,9,personenauto,3,Fiets,Buiten Kruispunt,Gewestweg,binnen bebouwde kom,Tussen 2 bestuurders: Frontale botsing,Geen hindernis
37559,27,Grimbergen,Meise,50.92127,4.34013,0.24379833002012494,50.91915109707905,4.341023748184943,2023,2,18,23025,Grimbergen,Normaal,Proper,"Nacht, openbare verlichting aanwezig en ontstoken",met zwaargewonden,3,Fiets,3,Fiets,Op Kruispunt,Gewestweg,buiten bebouwde kom,Tussen 2 bestuurders: Frontale botsing,Geen hindernis
37626,7,Evergem 1,Evergem,51.1089,3.70317,0.42621517112157364,51.112443747384845,3.705496871904666,2023,2,9,44019,Evergem,Normaal,Droog,Dag,met zwaargewonden,9,personenauto,3,Fiets,Buiten Kruispunt,Gemeenteweg,binnen bebouwde kom,Tss. 2 best.: langs opzij (voor-/achterkant-flank),Geen hindernis
37626,6,Evergem 2,Evergem,51.10894,3.70298,0.42738618472510953,51.112443747384845,3.705496871904666,2023,2,9,44019,Evergem,Normaal,Droog,Dag,met zwaargewonden,9,personenauto,3,Fiets,Buiten Kruispunt,Gemeenteweg,binnen bebouwde kom,Tss. 2 best.: langs opzij (voor-/achterkant-flank),Geen hindernis
37675,141,Test site A support,Lokeren,51.08342085,3.9961071208376326,0.4772429849682673,51.084857111650656,4.00254557786972,2023,2,7,46014,Lokeren,Normaal,Droog,Dageraad - schemering,met lichtgewonden,3,Fiets,9,personenauto,Buiten Kruispunt,Gemeenteweg,buiten bebouwde kom,Tss. 2 best.: langs opzij (voor-/achterkant-flank),Geen hindernis
37766,143,Eco Display Classic Budastraat,Kortrijk,50.83066,3.26286,0.25266665817541917,50.82868815866147,3.264647784012214,2023,2,18,34022,Kortrijk,Onbekend,Droog,Onbekend,met lichtgewonden,9,personenauto,3,Fiets,Buiten Kruispunt,Gemeenteweg,binnen bebouwde kom,Tussen 2 bestuurders: Flank tegen flank,Geen hindernis
37768,143,Eco Display Classic Budastraat,Kortrijk,50.83066,3.26286,0.2176964768262683,50.830667994366834,3.259760363721534,2023,2,15,34022,Kortrijk,Normaal,Droog,Dag,met zwaargewonden,3,Fiets,3,Fiets,Op Kruispunt,Gemeenteweg,binnen bebouwde kom,Tss. 2 best.: langs opzij (voor-/achterkant-flank),Geen hindernis
37814,137,Hasselt-Kempische brug,Hasselt,50.9411605,5.3417576,0.35529312306496286,50.939888096594906,5.337106233662791,2023,2,14,71022,Hasselt,Normaal,Droog,Dag,met lichtgewonden,3,Fiets,8,Voetganger,Buiten Kruispunt,Gemeenteweg,binnen bebouwde kom,Met een voetganger,Geen hindernis
37814,138,Hasselt-Kempische brug,Hasselt,50.9405318,5.3422472,0.3672564957690399,50.939888096594906,5.337106233662791,2023,2,14,71022,Hasselt,Normaal,Droog,Dag,met lichtgewonden,3,Fiets,8,Voetganger,Buiten Kruispunt,Gemeenteweg,binnen bebouwde kom,Met een voetganger,Geen hindernis
37815,138,Hasselt-Kempische brug,Hasselt,50.9405318,5.3422472,0.31528502035664663,50.937839789460504,5.340834272369224,2023,2,16,71022,Hasselt,Normaal,Droog,Dageraad - schemering,met lichtgewonden,9,personenauto,3,Fiets,Buiten Kruispunt,Gewestweg,binnen bebouwde kom,Tss. 2 best.: langs opzij (voor-/achterkant-flank),Geen hindernis
37815,137,Hasselt-Kempische brug,Hasselt,50.9411605,5.3417576,0.37487107036376227,50.937839789460504,5.340834272369224,2023,2,16,71022,Hasselt,Normaal,Droog,Dageraad - schemering,met lichtgewonden,9,personenauto,3,Fiets,Buiten Kruispunt,Gewestweg,binnen bebouwde kom,Tss. 2 best.: langs opzij (voor-/achterkant-flank),Geen hindernis
37984,110,Herentals totem,Herentals,51.1739426,4.811783,0.1891628805991473,51.174426992128225,4.809181915541856,2023,3,13,13011,Herentals,Onbekend,Onbekend,Dag,met lichtgewonden,3,Fiets,3,Fiets,Buiten Kruispunt,Gemeenteweg,onbekend,Tussen 2 bestuurders: Flank tegen flank,Geen hindernis
37984,94,Herentals teller 2,Herentals,51.17345,4.81283,0.2765554832905544,51.174426992128225,4.809181915541856,2023,3,13,13011,Herentals,Onbekend,Onbekend,Dag,met lichtgewonden,3,Fiets,3,Fiets,Buiten Kruispunt,Gemeenteweg,onbekend,Tussen 2 bestuurders: Flank tegen flank,Geen hindernis
37988,94,Herentals teller 2,Herentals,51.17345,4.81283,0.2584099696292506,51.17186345933544,4.810121588808035,2023,3,10,13011,Herentals,Normaal,"Nat, plassen",Dag,met lichtgewonden,3,Fiets,9,personenauto,Op Kruispunt,Gewestweg,buiten bebouwde kom,Tss. 2 best.: langs opzij (voor-/achterkant-flank),Geen hindernis
37988,110,Herentals totem,Herentals,51.1739426,4.811783,0.25858209849822866,51.17186345933544,4.810121588808035,2023,3,10,13011,Herentals,Normaal,"Nat, plassen",Dag,met lichtgewonden,3,Fiets,9,personenauto,Op Kruispunt,Gewestweg,buiten bebouwde kom,Tss. 2 best.: langs opzij (voor-/achterkant-flank),Geen hindernis
38009,107,leuven totem,Leuven,50.8870744,4.7087919,0.4763219278341363,50.88456957922758,4.71430019504106,2023,3,7,24062,Leuven,Regenval,"Nat, plassen",Dag,met lichtgewonden,3,Fiets,10,"één bestuurder, geen hindernis",Op Kruispunt,Gewestweg,binnen bebouwde kom,"Eén bestuurder, geen hindernis (incl. val)",Geen hindernis
38016,69,Leuven teller 1,Leuven,50.87549,4.71526,0.29794093725963583,50.8755986916095,4.7110171915720915,2023,3,12,24062,Leuven,Normaal,Proper,Dag,met lichtgewonden,3,Fiets,10,"één bestuurder, geen hindernis",Op Kruispunt,Gemeenteweg,binnen bebouwde kom,"Eén bestuurder, geen hindernis (incl. val)",Geen hindernis