crash_row_id,site_id,site_name,site_gemeente,site_lat,site_long,distance_km,crash_lat,crash_long,DT_YEAR_COLLISION,DT_MONTH_COLLISION,DT_TIME,CD_NIS,TX_MUNTY_COLLISION_NL,TX_WEATHER_NL,TX_ROAD_CONDITION_NL,TX_LIGHT_CONDITION_NL,TX_CLASS_ACCIDENTS_NL,CD_ROAD_USR_TYPE1,TX_ROAD_USR_TYPE1_NL,CD_ROAD_USR_TYPE2,TX_ROAD_USR_TYPE2_NL,TX_CROSSWAY_NL,CD_ROAD_TYPE_NL,TX_BUILD_UP_AREA_NL,TX_COLLISION_TYPE_NL,TX_OBSTACLES_NL
40133,109,Zemst,Zemst,50.9903936,4.4707023,0.27114872572733695,50.988185310512904,4.472345408037717,2023,6,17,23096,Zemst,Normaal,Droog,Dag,met lichtgewonden,3,Fiets,10,"één bestuurder, geen hindernis",Buiten Kruispunt,Gewestweg,binnen bebouwde kom,"Eén bestuurder, geen hindernis (incl. val)",Geen hindernis
40170,118,Gent teller 1,Gent,51.028049,3.7681359,0.04030168242348849,51.0283559430702,3.7678294416086504,2023,6,10,44021,Gent,Normaal,Droog,Dag,met lichtgewonden,3,Fiets,8,Voetganger,Op Kruispunt,Gewestweg,binnen bebouwde kom,Met een voetganger,Geen hindernis
40170,119,Gent teller 2,Gent,51.0281795,3.7683918,0.04395046360775174,51.0283559430702,3.7678294416086504,2023,6,10,44021,Gent,Normaal,Droog,Dag,met lichtgewonden,3,Fiets,8,Voetganger,Op Kruispunt,Gewestweg,binnen bebouwde kom,Met een voetganger,Geen hindernis
40230,6,Evergem 2,Evergem,51.10894,3.70298,0.3508394441005898,51.11062911745174,3.698735285288844,2023,6,3,44019,Evergem,Normaal,Droog,"Nacht, openbare verlichting aanwezig en ontstoken",met lichtgewonden,3,Fiets,10,"één bestuurder, geen hindernis",Op Kruispunt,Gewestweg,binnen bebouwde kom,"Eén bestuurder, geen hindernis (incl. val)",Geen hindernis
40230,7,Evergem 1,Evergem,51.1089,3.70317,0.36443937415846167,51.11062911745174,3.698735285288844,2023,6,3,44019,Evergem,Normaal,Droog,"Nacht, openbare verlichting aanwezig en ontstoken",met lichtgewonden,3,Fiets,10,"één bestuurder, geen hindernis",Op Kruispunt,Gewestweg,binnen bebouwde kom,"Eén bestuurder, geen hindernis (incl. val)",Geen hindernis
40233,6,Evergem 2,Evergem,51.10894,3.70298,0.35444499214389485,51.11060730008687,3.6986527439817505,2023,6,7,44019,Evergem,Normaal,Droog,Dag,met lichtgewonden,7,Motorfiets,3,Fiets,Op Kruispunt,Gemeenteweg,binnen bebouwde kom,Tss. 2 best.: langs opzij (voor-/achterkant-flank),Geen hindernis
40233,7,Evergem 1,Evergem,51.1089,3.70317,0.3680900517655452,51.11060730008687,3.6986527439817505,2023,6,7,44019,Evergem,Normaal,Droog,Dag,met lichtgewonden,7,Motorfiets,3,Fiets,Op Kruispunt,Gemeenteweg,binnen bebouwde kom,Tss. 2 best.: langs opzij (voor-/achterkant-flank),Geen hindernis
40236,7,Evergem 1,Evergem,51.1089,3.70317,0.1797518279461127,51.10764630730764,3.7047954322589676,2023,6,7,44019,Evergem,Normaal,Droog,Dag,met zwaargewonden,3,Fiets,2,Andere weggebruiker,Buiten Kruispunt,Gemeenteweg,binnen bebouwde kom,Tss. 2 best.: langs opzij (voor-/achterkant-flank),Geen hindernis
40236,6,Evergem 2,Evergem,51.10894,3.70298,0.1917211478861746,51.10764630730764,3.7047954322589676,2023,6,7,44019,Evergem,Normaal,Droog,Dag,met zwaargewonden,3,Fiets,2,Andere weggebruiker,Buiten Kruispunt,Gemeenteweg,binnen bebouwde kom,Tss. 2 best.: langs opzij (voor-/achterkant-flank),Geen hindernis
40384,122,Dendermonde teller 2,Dendermonde,51.0373918,4.1019222,0.10313202507006317,51.038280530139936,4.102344139163303,2023,6,16,42006,Dendermonde,Normaal,Droog,Dag,met lichtgewonden,5,Lichte vrachtauto,3,Fiets,Buiten Kruispunt,Gewestweg,binnen bebouwde kom,Tss. 2 best.: langs opzij (voor-/achterkant-flank),Geen hindernis
40384,125,Dendermonde totem,Dendermonde,51.0372706,4.1025998,0.1137129556957524,51.038280530139936,4.102344139163303,2023,6,16,42006,Dendermonde,Normaal,Droog,Dag,met lichtgewonden,5,Lichte vrachtauto,3,Fiets,Buiten Kruispunt,Gewestweg,binnen bebouwde kom,Tss. 2 best.: langs opzij (voor-/achterkant-flank),Geen hindernis
40470,59,Ardooie teller 1,Ardooie,50.96784,3.18479,0.2508276650469277,50.96913375770516,3.187724286369126,2023,6,16,37020,Ardooie,Normaal,Proper,Dag,met lichtgewonden,9,personenauto,3,Fiets,Op Kruispunt,Gewestweg,buiten bebouwde kom,Tss. 2 best.: langs opzij (voor-/achterkant-flank),Geen hindernis
40470,60,Ardooie teller 2,Ardooie,50.96783,3.18411,0.29166929023480803,50.96913375770516,3.187724286369126,2023,6,16,37020,Ardooie,Normaal,Proper,Dag,met lichtgewonden,9,personenauto,3,Fiets,Op Kruispunt,Gewestweg,buiten bebouwde kom,Tss. 2 best.: langs opzij (voor-/achterkant-flank),Geen hindernis
40496,143,Eco Display Classic Budastraat,Kortrijk,50.83066,3.26286,0.20895628630441934,50.83208474005309,3.2609199521474195,2023,6,12,34022,Kortrijk,Normaal,Droog,Dag,met lichtgewonden,3,Fiets,3,Fiets,Buiten Kruispunt,Gemeenteweg,binnen bebouwde kom,Tussen 2 bestuurders: Flank tegen flank,Geen hindernis
40530,65,Nieuwpoort teller 2,Nieuwpoort,51.13435,2.75511,0.28127614888946195,51.132582978133364,2.7522254467495864,2023,5,11,38016,Nieuwpoort,Normaal,Droog,Dag,met lichtgewonden,3,Fiets,5,Lichte vrachtauto,Buiten Kruispunt,Gemeenteweg,binnen bebouwde kom,Tussen 2 bestuurders: Frontale botsing,Geen hindernis
40530,64,Nieuwpoort teller 1,Nieuwpoort,51.13359,2.75737,0.3760273813349207,51.132582978133364,2.7522254467495864,2023,5,11,38016,Nieuwpoort,Normaal,Droog,Dag,met lichtgewonden,3,Fiets,5,Lichte vrachtauto,Buiten Kruispunt,Gemeenteweg,binnen bebouwde kom,Tussen 2 bestuurders: Frontale botsing,Geen hindernis
40550,42,Maasmechelen teller 2,Maasmechelen,50.97043,5.6981,0.4078625190572258,50.97400885937652,5.699376352328382,2023,6,9,73107,Maasmechelen,Normaal,Droog,Dag,met zwaargewonden,9,personenauto,3,Fiets,Buiten Kruispunt,Gewestweg,binnen bebouwde kom,Tss. 2 best.: langs opzij (voor-/achterkant-flank),Geen hindernis
40550,41,Maasmechelen teller 1,Maasmechelen,50.97025,5.69799,0.42909032230021715,50.97400885937652,5.699376352328382,2023,6,9,73107,Maasmechelen,Normaal,Droog,Dag,met zwaargewonden,9,personenauto,3,Fiets,Buiten Kruispunt,Gewestweg,binnen bebouwde kom,Tss. 2 best.: langs opzij (voor-/achterkant-flank),Geen hindernis
40574,137,Hasselt-Kempische brug,Hasselt,50.9411605,5.3417576,0.4930318156195524,50.94451925658993,5.346351475709733,2023,6,12,71022,Hasselt,Normaal,Droog,Dag,met lichtgewonden,3,Fiets,3,Fiets,Buiten Kruispunt,Gemeenteweg,binnen bebouwde kom,Tss. 2 best.: langs opzij (voor-/achterkant-flank),Geen hindernis
40581,140,Hasselt ring,Hasselt,50.9300038,5.3438616,0.439027500047344,50.92951228975979,5.33764594684443,2023,6,8,71022,Hasselt,Normaal,Droog,Dag,met lichtgewonden,3,Fiets,3,Fiets,Buiten Kruispunt,Gemeenteweg,binnen bebouwde kom,Tussen 2 bestuurders: Frontale botsing,Geen hindernis
40589,140,Hasselt ring,Hasselt,50.9300038,5.3438616,0.049031780526654876,50.93044010374425,5.343760267319255,2023,6,12,71022,Hasselt,Normaal,Droog,Dag,met lichtgewonden,3,Fiets,8,Voetganger,Op Kruispunt,Gewestweg,binnen bebouwde kom,Met een voetganger,Geen hindernis
40622,14,Genk,Genk,50.97172,5.48927,0.46466440814144583,50.975881644012624,5.489871219402611,2023,6,9,71016,Genk,Normaal,Droog,Dag,met lichtgewonden,3,Fiets,9,personenauto,Op Kruispunt,Gemeenteweg,buiten bebouwde kom,Tss. 2 best.: langs opzij (voor-/achterkant-flank),Geen hindernis
40625,25,Bree,Bree,51.13679500160176,5.597669323604317,0.06244538394889952,51.137023877039944,5.596852016249608,2023,6,20,72004,Bree,Normaal,Droog,Dag,met lichtgewonden,3,Fiets,9,personenauto,Op Kruispunt,Gewestweg,buiten bebouwde kom,Tss. 2 best.: langs opzij (voor-/achterkant-flank),Geen hindernis
40858,151,Leuven,District Leuven,50.8690262,4.6854839,0.4885349218577215,50.872075206426956,4.6904964450945394,2023,6,11,24062,Leuven,Normaal,Droog,Dag,met lichtgewonden,3,Fiets,3,Fiets,Op Kruispunt,Gewestweg,binnen bebouwde kom,Tss. 2 best.: langs opzij (voor-/achterkant-flank),Geen hindernis
40865,107,leuven totem,Leuven,50.8870744,4.7087919,0.47801333494604853,50.89103762561756,4.706152036805418,2023,7,0,24062,Leuven,Normaal,Droog,"Nacht, openbare verlichting aanwezig en ontstoken",met lichtgewonden,3,Fiets,10,"één bestuurder, geen hindernis",Buiten Kruispunt,Gemeenteweg,binnen bebouwde kom,"Eén bestuurder, geen hindernis (incl. val)",Geen hindernis
40865,77,Leuven teller 2,Leuven,50.88672,4.70796,0.49656542159924394,50.89103762561756,4.706152036805418,2023,7,0,24062,Leuven,Normaal,Droog,"Nacht, openbare verlichting aanwezig en ontstoken",met lichtgewonden,3,Fiets,10,"één bestuurder, geen hindernis",Buiten Kruispunt,Gemeenteweg,binnen bebouwde kom,"Eén bestuurder, geen hindernis (incl. val)",Geen hindernis
40872,69,Leuven teller 1,Leuven,50.87549,4.71526,0.4485394718525297,50.871579796334046,4.716830332819501,2023,7,8,24062,Leuven,Normaal,Droog,Dag,met lichtgewonden,3,Fiets,3,Fiets,Buiten Kruispunt,Gemeenteweg,binnen bebouwde kom,Tss. 2 best.: langs opzij (voor-/achterkant-flank),Geen hindernis
40968,7,Evergem 1,Evergem,51.1089,3.70317,0.36622852536139844,51.10905967198117,3.7084097010284216,2023,7,13,44019,Evergem,Normaal,Droog,Dag,met lichtgewonden,3,Fiets,9,personenauto,Buiten Kruispunt,Gemeenteweg,binnen bebouwde kom,Tussen 2 bestuurders: Langs achteren,Geen hindernis
40968,6,Evergem 2,Evergem,51.10894,3.70298,0.37929565274102156,51.10905967198117,3.7084097010284216,2023,7,13,44019,Evergem,Normaal,Droog,Dag,met lichtgewonden,3,Fiets,9,personenauto,Buiten Kruispunt,Gemeenteweg,binnen bebouwde kom,Tussen 2 bestuurders: Langs achteren,Geen hindernis
40979,115,Aalter,Aalter,51.1058367,3.4350591,0.026961428983974255,51.10567932881495,3.435352882135433,2023,7,17,44084,Aalter,Normaal,Droog,Dag,met lichtgewonden,3,Fiets,3,Fiets,Buiten Kruispunt,Gewestweg,buiten bebouwde kom,Tss. 2 best.: langs opzij (voor-/achterkant-flank),Geen hindernis
41132,61,Wervik teller 2,Wervik,50.80555,3.0921,0.35063714918196404,50.80411348241566,3.096541940189254,2023,7,13,34027,Menen,Normaal,Droog,Dag,met lichtgewonden,3,Fiets,9,personenauto,Buiten Kruispunt,Gewestweg,binnen bebouwde kom,Tss. 2 best.: langs opzij (voor-/achterkant-flank),Geen hindernis
41132,62,Wervik teller 1,Wervik,50.8058,3.09154,0.39838985487581524,50.80411348241566,3.096541940189254,2023,7,13,34027,Menen,Normaal,Droog,Dag,met lichtgewonden,3,Fiets,9,personenauto,Buiten Kruispunt,Gewestweg,binnen bebouwde kom,Tss. 2 best.: langs opzij (voor-/achterkant-flank),Geen hindernis
41140,143,Eco Display Classic Budastraat,Kortrijk,50.83066,3.26286,0.14045273981947531,50.829407006633105,3.2626072569559623,2023,7,12,34022,Kortrijk,Normaal,Droog,Dag,met lichtgewonden,9,personenauto,3,Fiets,Buiten Kruispunt,Gemeenteweg,binnen bebouwde kom,Tss. 2 best.: langs opzij (voor-/achterkant-flank),Geen hindernis
41145,16,Kortrijk 1,Kortrijk,50.83332,3.27777,0.20277611726360936,50.83216885915825,3.28000938386474,2023,7,8,34022,Kortrijk,Onbekend,Onbekend,Dag,met lichtgewonden,3,Fiets,99,onbekend,Op Kruispunt,Gemeenteweg,binnen bebouwde kom,Tussen 2 bestuurders: Frontale botsing,Geen hindernis
41145,17,Kortrijk 2,Kortrijk,50.83339,3.27773,0.20991145079469709,50.83216885915825,3.28000938386474,2023,7,8,34022,Kortrijk,Onbekend,Onbekend,Dag,met lichtgewonden,3,Fiets,99,onbekend,Op Kruispunt,Gemeenteweg,binnen bebouwde kom,Tussen 2 bestuurders: Frontale botsing,Geen hindernis
41148,17,Kortrijk 2,Kortrijk,50.83339,3.27773,0.10205950838069665,50.834098642136404,3.278653599354412,2023,7,12,34022,Kortrijk,Normaal,Droog,Dag,met lichtgewonden,9,personenauto,3,Fiets,Op Kruispunt,Gewestweg,binnen bebouwde kom,Tss. 2 best.: langs opzij (voor-/achterkant-flank),Geen hindernis
41148,16,Kortrijk 1,Kortrijk,50.83332,3.27777,0.1065217221115148,50.834098642136404,3.278653599354412,2023,7,12,34022,Kortrijk,Normaal,Droog,Dag,met lichtgewonden,9,personenauto,3,Fiets,Op Kruispunt,Gewestweg,binnen bebouwde kom,Tss. 2 best.: langs opzij (voor-/achterkant-flank),Geen hindernis
41211,137,Hasselt-Kempische brug,Hasselt,50.9411605,5.3417576,0.3129258716673791,50.94382924998212,5.343174926139522,2023,7,12,71022,Hasselt,Normaal,Droog,Dag,met zwaargewonden,3,Fiets,3,Fiets,Op Kruispunt,Gewestweg,buiten bebouwde kom,Tussen 2 bestuurders: Flank tegen flank,Geen hindernis
41211,138,Hasselt-Kempische brug,Hasselt,50.9405318,5.3422472,0.3723767142764673,50.94382924998212,5.343174926139522,2023,7,12,71022,Hasselt,Normaal,Droog,Dag,met zwaargewonden,3,Fiets,3,Fiets,Op Kruispunt,Gewestweg,buiten bebouwde kom,Tussen 2 bestuurders: Flank tegen flank,Geen hindernis
41224,25,Bree,Bree,51.13679500160176,5.597669323604317,0.09202195503795571,51.13685175740298,5.598985138499951,2023,7,13,72004,Bree,Normaal,Droog,Dag,met lichtgewonden,3,Fiets,11,een weggebruiker tegen een hindernis,Buiten Kruispunt,Gewestweg,buiten bebouwde kom,Weggebruiker tegen hindernis buiten rijbaan,Andere hindernis
41233,25,Bree,Bree,51.13679500160176,5.597669323604317,0.41358990416948677,51.139908107031296,5.59442519131234,2023,7,19,72004,Bree,Normaal,Droog,Dag,met lichtgewonden,3,Fiets,10,"één bestuurder, geen hindernis",Buiten Kruispunt,Gemeenteweg,binnen bebouwde kom,"Eén bestuurder, geen hindernis (incl. val)",Geen hindernis
41250,25,Bree,Bree,51.13679500160176,5.597669323604317,0.09202195503795571,51.13685175740298,5.598985138499951,2023,7,14,72004,Bree,Normaal,Droog,Dag,met lichtgewonden,3,Fiets,10,"één bestuurder, geen hindernis",Buiten Kruispunt,Gewestweg,buiten bebouwde kom,"Eén bestuurder, geen hindernis (incl. val)",Geen hindernis
41367,2,Brasschaat 2,Brasschaat,51.27512,4.47169,0.2847944747610374,51.277590397727295,4.472770621276534,2023,8,7,11008,Brasschaat,Normaal,Droog,Dag,met lichtgewonden,9,personenauto,3,Fiets,Buiten Kruispunt,Gemeenteweg,binnen bebouwde kom,Tss. 2 best.: langs opzij (voor-/achterkant-flank),Geen hindernis
41367,3,Brasschaat 1,Brasschaat,51.27503,4.47222,0.28726799911931633,51.277590397727295,4.472770621276534,2023,8,7,11008,Brasschaat,Normaal,Droog,Dag,met lichtgewonden,9,personenauto,3,Fiets,Buiten Kruispunt,Gemeenteweg,binnen bebouwde kom,Tss. 2 best.: langs opzij (voor-/achterkant-flank),Geen hindernis
41427,94,Herentals teller 2,Herentals,51.17345,4.81283,0.16932723010936152,51.17419357535418,4.814949611111973,2023,8,22,13011,Herentals,Normaal,Droog,"Nacht, openbare verlichting aanwezig en ontstoken",met lichtgewonden,5,Lichte vrachtauto,3,Fiets,Buiten Kruispunt,Gewestweg,buiten bebouwde kom,Tss. 2 best.: langs opzij (voor-/achterkant-flank),Geen hindernis
41427,110,Herentals totem,Herentals,51.1739426,4.811783,0.22251528072100324,51.17419357535418,4.814949611111973,2023,8,22,13011,Herentals,Normaal,Droog,"Nacht, openbare verlichting aanwezig en ontstoken",met lichtgewonden,5,Lichte vrachtauto,3,Fiets,Buiten Kruispunt,Gewestweg,buiten bebouwde kom,Tss. 2 best.: langs opzij (voor-/achterkant-flank),Geen hindernis
41462,77,Leuven teller 2,Leuven,50.88672,4.70796,0.15560429912701218,50.8863476706716,4.705821735332966,2023,8,4,24062,Leuven,Normaal,Onbekend,"Nacht, openbare verlichting aanwezig en ontstoken",met lichtgewonden,3,Fiets,10,"één bestuurder, geen hindernis",Buiten Kruispunt,Gemeenteweg,binnen bebouwde kom,"Eén bestuurder, geen hindernis (incl. val)",Geen hindernis
41462,107,leuven totem,Leuven,50.8870744,4.7087919,0.22347297673252747,50.8863476706716,4.705821735332966,2023,8,4,24062,Leuven,Normaal,Onbekend,"Nacht, openbare verlichting aanwezig en ontstoken",met lichtgewonden,3,Fiets,10,"één bestuurder, geen hindernis",Buiten Kruispunt,Gemeenteweg,binnen bebouwde kom,"Eén bestuurder, geen hindernis (incl. val)",Geen hindernis
41469,69,Leuven teller 1,Leuven,50.87549,4.71526,0.42483575669619056,50.87257842914785,4.719180387567584,2023,8,8,24062,Leuven,Normaal,Droog,Dag,met zwaargewonden,3,Fiets,4,Vrachtwagen,Op Kruispunt,Gewestweg,binnen bebouwde kom,Tussen 2 bestuurders: Flank tegen flank,Geen hindernis
41471,69,Leuven teller 1,Leuven,50.87549,4.71526,0.3616359759814924,50.8725125900053,4.713186326013202,2023,7,9,24062,Leuven,Normaal,Droog,Dag,met lichtgewonden,5,Lichte vrachtauto,3,Fiets,Op Kruispunt,Gewestweg,binnen bebouwde kom,Met een voetganger,Geen hindernis
41477,77,Leuven teller 2,Leuven,50.88672,4.70796,0.3546820194720863,50.888439641777275,4.7037014371529136,2023,8,1,24062,Leuven,Normaal,Droog,"Nacht, geen openbare verlichting aanwezig",Met doden,3,Fiets,11,een weggebruiker tegen een hindernis,Buiten Kruispunt,Gemeenteweg,buiten bebouwde kom,Weggebruiker tegen hindernis buiten rijbaan,Buiten de rijbaan: Omheining
41477,107,leuven totem,Leuven,50.8870744,4.7087919,0.3880078018095494,50.888439641777275,4.7037014371529136,2023,8,1,24062,Leuven,Normaal,Droog,"Nacht, geen openbare verlichting aanwezig",Met doden,3,Fiets,11,een weggebruiker tegen een hindernis,Buiten Kruispunt,Gemeenteweg,buiten bebouwde kom,Weggebruiker tegen hindernis buiten rijbaan,Buiten de rijbaan: Omheining
41485,73,Herent teller 2,Herent,50.89128,4.64685,0.22369853833644687,50.88928561870161,4.647268399854338,2023,8,19,24038,Herent,Normaal,Droog,Dag,met zwaargewonden,3,Fiets,10,"één bestuurder, geen hindernis",Buiten Kruispunt,Gemeenteweg,buiten bebouwde kom,"Eén bestuurder, geen hindernis (incl. val)",Geen hindernis
41485,72,Herent teller 1,Herent,50.89135,4.64689,0.23107810756734298,50.88928561870161,4.647268399854338,2023,8,19,24038,Herent,Normaal,Droog,Dag,met zwaargewonden,3,Fiets,10,"één bestuurder, geen hindernis",Buiten Kruispunt,Gemeenteweg,buiten bebouwde kom,"Eén bestuurder, geen hindernis (incl. val)",Geen hindernis
41539,118,Gent teller 1,Gent,51.028049,3.7681359,0.07615715696758114,51.028465942814,3.7672719609470873,2023,8,18,44021,Gent,Normaal,Droog,Dag,met lichtgewonden,9,personenauto,3,Fiets,Op Kruispunt,Gewestweg,binnen bebouwde kom,Tss. 2 best.: langs opzij (voor-/achterkant-flank),Geen hindernis
41539,119,Gent teller 2,Gent,51.0281795,3.7683918,0.08454458261269258,51.028465942814,3.7672719609470873,2023,8,18,44021,Gent,Normaal,Droog,Dag,met lichtgewonden,9,personenauto,3,Fiets,Op Kruispunt,Gewestweg,binnen bebouwde kom,Tss. 2 best.: langs opzij (voor-/achterkant-flank),Geen hindernis
41715,18,Oostende 1,Oostende,51.21378,2.92765,0.16496612235820315,51.21526355371418,2.9276629759582278,2023,8,18,35013,Oostende,Normaal,Droog,Dag,met lichtgewonden,3,Fiets,6,Bromfiets,Op Kruispunt,Gewestweg,binnen bebouwde kom,Tussen 2 bestuurders: Frontale botsing,Geen hindernis
41715,15,Oostende 2,Oostende,51.21371,2.92743,0.17350780811272007,51.21526355371418,2.9276629759582278,2023,8,18,35013,Oostende,Normaal,Droog,Dag,met lichtgewonden,3,Fiets,6,Bromfiets,Op Kruispunt,Gewestweg,binnen bebouwde kom,Tussen 2 bestuurders: Frontale botsing,Geen hindernis
41771,143,Eco Display Classic Budastraat,Kortrijk,50.83066,3.26286,0.34058314609052576,50.829477015465066,3.2673330313338846,2023,8,13,34022,Kortrijk,Normaal,Droog,Dag,met lichtgewonden,3,Fiets,9,personenauto,Buiten Kruispunt,Gewestweg,binnen bebouwde kom,Tss. 2 best.: langs opzij (voor-/achterkant-flank),Geen hindernis
41772,143,Eco Display Classic Budastraat,Kortrijk,50.83066,3.26286,0.3090229900105286,50.83088977813185,3.2672449560949657,2023,8,14,34022,Kortrijk,Normaal,Droog,Dag,met lichtgewonden,9,personenauto,3,Fiets,Op Kruispunt,Gemeenteweg,binnen bebouwde kom,Tss. 2 best.: langs opzij (voor-/achterkant-flank),Geen hindernis
41775,143,Eco Display Classic Budastraat,Kortrijk,50.83066,3.26286,0.4603526933089498,50.83382884179558,3.258641627926043,2023,8,20,34022,Kortrijk,Normaal,Droog,Dag,met zwaargewonden,3,Fiets,9,personenauto,Op Kruispunt,Gewestweg,binnen bebouwde kom,Tss. 2 best.: langs opzij (voor-/achterkant-flank),Geen hindernis
41850,14,Genk,Genk,50.97172,5.48927,0.3767804536573402,50.975106883204596,5.489434564293862,2023,8,18,71016,Genk,Normaal,Droog,Dag,met lichtgewonden,3,Fiets,8,Voetganger,Buiten Kruispunt,Gemeenteweg,buiten bebouwde kom,Met een voetganger,Geen hindernis
42055,104,Malle teller 2,Malle,51.31682,4.73852,0.225680341171791,51.31481024859354,4.73806706639426,2023,9,10,11057,Malle,Normaal,Droog,Dag,met lichtgewonden,3,Fiets,5,Lichte vrachtauto,Op Kruispunt,Gewestweg,buiten bebouwde kom,Tss. 2 best.: langs opzij (voor-/achterkant-flank),Geen hindernis
42055,103,Malle teller 1,Malle,51.31681,4.73872,0.22694534139283465,51.31481024859354,4.73806706639426,2023,9,10,11057,Malle,Normaal,Droog,Dag,met lichtgewonden,3,Fiets,5,Lichte vrachtauto,Op Kruispunt,Gewestweg,buiten bebouwde kom,Tss. 2 best.: langs opzij (voor-/achterkant-flank),Geen hindernis
42193,69,Leuven teller 1,Leuven,50.87549,4.71526,0.2635238252922171,50.87433045406211,4.711984513338969,2023,9,17,24062,Leuven,Normaal,Droog,Dag,met lichtgewonden,9,personenauto,3,Fiets,Buiten Kruispunt,Gemeenteweg,binnen bebouwde kom,Tussen 2 bestuurders: Flank tegen flank,Geen hindernis
42194,151,Leuven,District Leuven,50.8690262,4.6854839,0.1683768500597118,50.86759403321811,4.686263139656981,2023,9,18,24062,Leuven,Normaal,Droog,Dag,met lichtgewonden,3,Fiets,3,Fiets,Buiten Kruispunt,Gemeenteweg,buiten bebouwde kom,Tussen 2 bestuurders: Frontale botsing,Geen hindernis
42196,151,Leuven,District Leuven,50.8690262,4.6854839,0.4884349090129691,50.871805514310516,4.690873931939299,2023,9,11,24062,Leuven,Normaal,Droog,Dag,met lichtgewonden,9,personenauto,3,Fiets,Op Kruispunt,Gewestweg,binnen bebouwde kom,Tss. 2 best.: langs opzij (voor-/achterkant-flank),Geen hindernis
42203,107,leuven totem,Leuven,50.8870744,4.7087919,0.4763381347203752,50.88452435384775,4.714248091153143,2023,9,13,24062,Leuven,Normaal,Droog,Dag,met lichtgewonden,3,Fiets,3,Fiets,Op Kruispunt,Gewestweg,binnen bebouwde kom,Tss. 2 best.: langs opzij (voor-/achterkant-flank),Geen hindernis
42206,151,Leuven,District Leuven,50.8690262,4.6854839,0.4884349090129691,50.871805514310516,4.690873931939299,2023,9,19,24062,Leuven,Regenval,"Nat, plassen",Dag,met lichtgewonden,3,Fiets,3,Fiets,Buiten Kruispunt,Gewestweg,binnen bebouwde kom,Tussen 2 bestuurders: Frontale botsing,Geen hindernis
42208,151,Leuven,District Leuven,50.8690262,4.6854839,0.4885349218577215,50.872075206426956,4.6904964450945394,2023,9,9,24062,Leuven,Normaal,Droog,Dag,met lichtgewonden,9,personenauto,3,Fiets,Op Kruispunt,Gewestweg,binnen bebouwde kom,Tss. 2 best.: langs opzij (voor-/achterkant-flank),Geen hindernis
42264,86,Asse teller 2,Asse,50.89132,4.1709,0.4649170136287001,50.88731835429484,4.16897903418724,2023,9,7,23086,Ternat,Normaal,Droog,Dag,met lichtgewonden,9,personenauto,3,Fiets,Op Kruispunt,Gewestweg,buiten bebouwde kom,Tss. 2 best.: langs opzij (voor-/achterkant-flank),Geen hindernis
42290,47,Vilvoorde,Vilvoorde,50.91372,4.41497,0.42375646529121497,50.90997981577044,4.416129233228741,2023,9,15,23088,Vilvoorde,Normaal,Droog,Dag,met lichtgewonden,9,personenauto,3,Fiets,Op Kruispunt,Gewestweg,buiten bebouwde kom,Tss. 2 best.: langs opzij (voor-/achterkant-flank),Geen hindernis
42302,13,Gent,Gent,51.03018,3.70146,0.3506130912392759,51.02705029090982,3.702070045740561,2023,9,7,44021,Gent,Normaal,Droog,Dag,met lichtgewonden,3,Fiets,6,Bromfiets,Buiten Kruispunt,Autosnelweg,buiten bebouwde kom,Tussen 2 bestuurders: Flank tegen flank,Geen hindernis
42318,13,Gent,Gent,51.03018,3.70146,0.31667656620934825,51.02734832589228,3.701943288422259,2023,8,13,44021,Gent,Normaal,Droog,Dag,met lichtgewonden,6,Bromfiets,3,Fiets,Buiten Kruispunt,Autosnelweg,binnen bebouwde kom,Tss. 2 best.: langs opzij (voor-/achterkant-flank),Geen hindernis
42381,115,Aalter,Aalter,51.1058367,3.4350591,0.11274751999775202,51.10657278014423,3.433948444740607,2023,9,16,44084,Aalter,Normaal,Droog,Dag,met zwaargewonden,3,Fiets,11,een weggebruiker tegen een hindernis,Buiten Kruispunt,Gemeenteweg,buiten bebouwde kom,Weggebruiker tegen hindernis op de rijbaan,"Op de rijbaan: Put, straatgoot, tramspoor"
42519,122,Dendermonde teller 2,Dendermonde,51.0373918,4.1019222,0.4582446058497213,51.041471854301626,4.102844835815799,2023,9,11,42006,Dendermonde,Normaal,Droog,Dag,met lichtgewonden,3,Fiets,11,een weggebruiker tegen een hindernis,Buiten Kruispunt,Gewestweg,binnen bebouwde kom,Weggebruiker tegen hindernis buiten rijbaan,Buiten de rijbaan: Andere paal
42519,125,Dendermonde totem,Dendermonde,51.0372706,4.1025998,0.4674722112979292,51.041471854301626,4.102844835815799,2023,9,11,42006,Dendermonde,Normaal,Droog,Dag,met lichtgewonden,3,Fiets,11,een weggebruiker tegen een hindernis,Buiten Kruispunt,Gewestweg,binnen bebouwde kom,Weggebruiker tegen hindernis buiten rijbaan,Buiten de rijbaan: Andere paal