crash_row_id,site_id,site_name,site_gemeente,site_lat,site_long,distance_km,crash_lat,crash_long,DT_YEAR_COLLISION,DT_MONTH_COLLISION,DT_TIME,CD_NIS,TX_MUNTY_COLLISION_NL,TX_WEATHER_NL,TX_ROAD_CONDITION_NL,TX_LIGHT_CONDITION_NL,TX_CLASS_ACCIDENTS_NL,CD_ROAD_USR_TYPE1,TX_ROAD_USR_TYPE1_NL,CD_ROAD_USR_TYPE2,TX_ROAD_USR_TYPE2_NL,TX_CROSSWAY_NL,CD_ROAD_TYPE_NL,TX_BUILD_UP_AREA_NL,TX_COLLISION_TYPE_NL,TX_OBSTACLES_NL
42523,122,Dendermonde teller 2,Dendermonde,51.0373918,4.1019222,0.10313202507006317,51.038280530139936,4.102344139163303,2023,9,16,42006,Dendermonde,Normaal,Droog,Dag,met lichtgewonden,3,Fiets,3,Fiets,Buiten Kruispunt,Gewestweg,binnen bebouwde kom,Tss. 2 best.: langs opzij (voor-/achterkant-flank),Geen hindernis
42523,125,Dendermonde totem,Dendermonde,51.0372706,4.1025998,0.1137129556957524,51.038280530139936,4.102344139163303,2023,9,16,42006,Dendermonde,Normaal,Droog,Dag,met lichtgewonden,3,Fiets,3,Fiets,Buiten Kruispunt,Gewestweg,binnen bebouwde kom,Tss. 2 best.: langs opzij (voor-/achterkant-flank),Geen hindernis
42628,143,Eco Display Classic Budastraat,Kortrijk,50.83066,3.26286,0.004671751431893508,50.830684725906934,3.2629137793386533,2023,9,17,34022,Kortrijk,Normaal,Droog,Dag,met lichtgewonden,3,Fiets,3,Fiets,Buiten Kruispunt,Gemeenteweg,binnen bebouwde kom,Tss. 2 best.: langs opzij (voor-/achterkant-flank),Geen hindernis
42633,143,Eco Display Classic Budastraat,Kortrijk,50.83066,3.26286,0.19588051517180574,50.832412110350596,3.2631490464209234,2023,9,17,34022,Kortrijk,Normaal,Droog,Dag,met lichtgewonden,3,Fiets,3,Fiets,Buiten Kruispunt,Gemeenteweg,binnen bebouwde kom,Tussen 2 bestuurders: Frontale botsing,Geen hindernis
42661,65,Nieuwpoort teller 2,Nieuwpoort,51.13435,2.75511,0.3858679888478824,51.13221430450267,2.750751268786312,2023,9,11,38016,Nieuwpoort,Normaal,Proper,Dag,met lichtgewonden,3,Fiets,9,personenauto,Buiten Kruispunt,Gemeenteweg,binnen bebouwde kom,Tss. 2 best.: langs opzij (voor-/achterkant-flank),Geen hindernis
42661,64,Nieuwpoort teller 1,Nieuwpoort,51.13359,2.75737,0.48650719404079396,51.13221430450267,2.750751268786312,2023,9,11,38016,Nieuwpoort,Normaal,Proper,Dag,met lichtgewonden,3,Fiets,9,personenauto,Buiten Kruispunt,Gemeenteweg,binnen bebouwde kom,Tss. 2 best.: langs opzij (voor-/achterkant-flank),Geen hindernis
42671,68,Ieper,Ieper,50.85032,2.85608,0.1663503670497291,50.850738604346446,2.8538050714616814,2023,9,10,33011,Ieper,Normaal,Droog,Dag,met lichtgewonden,3,Fiets,10,"één bestuurder, geen hindernis",Buiten Kruispunt,Gewestweg,buiten bebouwde kom,"Eén bestuurder, geen hindernis (incl. val)",Geen hindernis
42671,67,Ieper totem,Ieper,50.85018,2.85624,0.18187358136331103,50.850738604346446,2.8538050714616814,2023,9,10,33011,Ieper,Normaal,Droog,Dag,met lichtgewonden,3,Fiets,10,"één bestuurder, geen hindernis",Buiten Kruispunt,Gewestweg,buiten bebouwde kom,"Eén bestuurder, geen hindernis (incl. val)",Geen hindernis
42697,140,Hasselt ring,Hasselt,50.9300038,5.3438616,0.28650675374515727,50.92745725053459,5.344484303186376,2023,9,16,71022,Hasselt,Normaal,Droog,Dag,met lichtgewonden,9,personenauto,3,Fiets,Op Kruispunt,Gemeenteweg,binnen bebouwde kom,Tussen 2 bestuurders: Frontale botsing,Geen hindernis
42700,140,Hasselt ring,Hasselt,50.9300038,5.3438616,0.4767001653120118,50.92959630606763,5.350632734481859,2023,9,10,71022,Hasselt,Normaal,Droog,Dag,met lichtgewonden,3,Fiets,3,Fiets,Buiten Kruispunt,Gewestweg,binnen bebouwde kom,Tussen 2 bestuurders: Flank tegen flank,Geen hindernis
42701,137,Hasselt-Kempische brug,Hasselt,50.9411605,5.3417576,0.4553876547794923,50.94363071145841,5.346941766552914,2023,9,8,71022,Hasselt,Normaal,Droog,Dag,met lichtgewonden,3,Fiets,9,personenauto,Op Kruispunt,Gewestweg,buiten bebouwde kom,Tss. 2 best.: langs opzij (voor-/achterkant-flank),Geen hindernis
42701,138,Hasselt-Kempische brug,Hasselt,50.9405318,5.3422472,0.4763693437386656,50.94363071145841,5.346941766552914,2023,9,8,71022,Hasselt,Normaal,Droog,Dag,met lichtgewonden,3,Fiets,9,personenauto,Op Kruispunt,Gewestweg,buiten bebouwde kom,Tss. 2 best.: langs opzij (voor-/achterkant-flank),Geen hindernis
42708,140,Hasselt ring,Hasselt,50.9300038,5.3438616,0.05926471799070887,50.93048267460762,5.344232842031624,2023,9,15,71022,Hasselt,Onbekend,Onbekend,Dag,met lichtgewonden,9,personenauto,3,Fiets,Op Kruispunt,Gewestweg,onbekend,Tss. 2 best.: langs opzij (voor-/achterkant-flank),Geen hindernis
42712,30,Herk De Stad,Herk-de-Stad,50.94374,5.17691,0.3600898357176282,50.94305217919303,5.1718877208717275,2023,9,20,71024,Herk-de-Stad,Normaal,Droog,"Nacht, openbare verlichting aanwezig en ontstoken",met zwaargewonden,9,personenauto,3,Fiets,Op Kruispunt,Gewestweg,binnen bebouwde kom,Tss. 2 best.: langs opzij (voor-/achterkant-flank),Geen hindernis
42712,31,Herk De Stad,Herk-de-Stad,50.94366,5.1775,0.39897728618865125,50.94305217919303,5.1718877208717275,2023,9,20,71024,Herk-de-Stad,Normaal,Droog,"Nacht, openbare verlichting aanwezig en ontstoken",met zwaargewonden,9,personenauto,3,Fiets,Op Kruispunt,Gewestweg,binnen bebouwde kom,Tss. 2 best.: langs opzij (voor-/achterkant-flank),Geen hindernis
42739,49,Bokrijk,Genk,50.95264,5.41001,0.06305334543721527,50.95250779495435,5.409134670472796,2023,9,17,71016,Genk,Onbekend,Onbekend,Onbekend,met lichtgewonden,3,Fiets,9,personenauto,Op Kruispunt,Gewestweg,onbekend,Kettingbotsing (3 bestuurders of meer),Geen hindernis
43021,5,Balen 2,Balen,51.16018,5.19003,0.39955989723725666,51.16150683279669,5.184705176741539,2023,10,9,13003,Balen,Normaal,Droog,Dag,met lichtgewonden,3,Fiets,3,Fiets,Op Kruispunt,Gemeenteweg,buiten bebouwde kom,Tss. 2 best.: langs opzij (voor-/achterkant-flank),Geen hindernis
43021,4,Balen 1,Balen,51.16023,5.19011,0.4027561194962873,51.16150683279669,5.184705176741539,2023,10,9,13003,Balen,Normaal,Droog,Dag,met lichtgewonden,3,Fiets,3,Fiets,Op Kruispunt,Gemeenteweg,buiten bebouwde kom,Tss. 2 best.: langs opzij (voor-/achterkant-flank),Geen hindernis
43074,151,Leuven,District Leuven,50.8690262,4.6854839,0.4884349090129691,50.871805514310516,4.690873931939299,2023,10,12,24062,Leuven,Normaal,Droog,Dag,met lichtgewonden,3,Fiets,3,Fiets,Buiten Kruispunt,Gewestweg,binnen bebouwde kom,Tussen 2 bestuurders: Flank tegen flank,Geen hindernis
43077,107,leuven totem,Leuven,50.8870744,4.7087919,0.3423254580660685,50.884534277329216,4.711549091790184,2023,10,13,24062,Leuven,Normaal,"Nat, plassen",Dag,met lichtgewonden,3,Fiets,9,personenauto,Buiten Kruispunt,Gewestweg,binnen bebouwde kom,Tss. 2 best.: langs opzij (voor-/achterkant-flank),Geen hindernis
43077,77,Leuven teller 2,Leuven,50.88672,4.70796,0.34994124051793857,50.884534277329216,4.711549091790184,2023,10,13,24062,Leuven,Normaal,"Nat, plassen",Dag,met lichtgewonden,3,Fiets,9,personenauto,Buiten Kruispunt,Gewestweg,binnen bebouwde kom,Tss. 2 best.: langs opzij (voor-/achterkant-flank),Geen hindernis
43078,77,Leuven teller 2,Leuven,50.88672,4.70796,0.2483189518984445,50.88862297346399,4.706107431520364,2023,10,15,24062,Leuven,Normaal,Proper,Dag,met lichtgewonden,9,personenauto,3,Fiets,Buiten Kruispunt,Gemeenteweg,binnen bebouwde kom,Tussen 2 bestuurders: Frontale botsing,Geen hindernis
43078,107,leuven totem,Leuven,50.8870744,4.7087919,0.25516568711116633,50.88862297346399,4.706107431520364,2023,10,15,24062,Leuven,Normaal,Proper,Dag,met lichtgewonden,9,personenauto,3,Fiets,Buiten Kruispunt,Gemeenteweg,binnen bebouwde kom,Tussen 2 bestuurders: Frontale botsing,Geen hindernis
43082,77,Leuven teller 2,Leuven,50.88672,4.70796,0.42265690373050036,50.88773989031386,4.702155658514317,2023,10,12,24062,Leuven,Normaal,Droog,Dag,met lichtgewonden,9,personenauto,3,Fiets,Op Kruispunt,Gemeenteweg,binnen bebouwde kom,Tussen 2 bestuurders: Langs achteren,Geen hindernis
43082,107,leuven totem,Leuven,50.8870744,4.7087919,0.47135673161592595,50.88773989031386,4.702155658514317,2023,10,12,24062,Leuven,Normaal,Droog,Dag,met lichtgewonden,9,personenauto,3,Fiets,Op Kruispunt,Gemeenteweg,binnen bebouwde kom,Tussen 2 bestuurders: Langs achteren,Geen hindernis
43083,69,Leuven teller 1,Leuven,50.87549,4.71526,0.40786283549049096,50.87455442723475,4.709639401084973,2023,10,7,24062,Leuven,Regenval,"Nat, plassen",Dageraad - schemering,met lichtgewonden,3,Fiets,10,"één bestuurder, geen hindernis",Buiten Kruispunt,Gemeenteweg,binnen bebouwde kom,"Eén bestuurder, geen hindernis (incl. val)",Geen hindernis
43106,101,Diest teller 1,Diest,50.97799,5.04481,0.46774419104192005,50.979305213755374,5.051156199311113,2023,10,17,24020,Diest,Normaal,Droog,Dag,met lichtgewonden,9,personenauto,3,Fiets,Op Kruispunt,Gewestweg,binnen bebouwde kom,Tss. 2 best.: langs opzij (voor-/achterkant-flank),Geen hindernis
43106,102,Diest teller 2,Diest,50.9779,5.04474,0.4755953756144979,50.979305213755374,5.051156199311113,2023,10,17,24020,Diest,Normaal,Droog,Dag,met lichtgewonden,9,personenauto,3,Fiets,Op Kruispunt,Gewestweg,binnen bebouwde kom,Tss. 2 best.: langs opzij (voor-/achterkant-flank),Geen hindernis
43115,101,Diest teller 1,Diest,50.97799,5.04481,0.37183487925034714,50.98047159997001,5.04837004992602,2023,10,15,24020,Diest,Normaal,Droog,Dag,met lichtgewonden,9,personenauto,3,Fiets,Op Kruispunt,Gewestweg,binnen bebouwde kom,Tss. 2 best.: langs opzij (voor-/achterkant-flank),Geen hindernis
43115,102,Diest teller 2,Diest,50.9779,5.04474,0.3825588192772771,50.98047159997001,5.04837004992602,2023,10,15,24020,Diest,Normaal,Droog,Dag,met lichtgewonden,9,personenauto,3,Fiets,Op Kruispunt,Gewestweg,binnen bebouwde kom,Tss. 2 best.: langs opzij (voor-/achterkant-flank),Geen hindernis
43152,71,Kampenhout teller 2,Kampenhout,50.95589,4.59164,0.3925972601574151,50.958682278310086,4.588209592696439,2023,10,16,23038,Kampenhout,Normaal,"Nat, plassen",Dag,met lichtgewonden,3,Fiets,3,Fiets,Buiten Kruispunt,Gewestweg,binnen bebouwde kom,Tss. 2 best.: langs opzij (voor-/achterkant-flank),Geen hindernis
43152,70,Kampenhout teller 1,Kampenhout,50.95682,4.59318,0.4050633342069002,50.958682278310086,4.588209592696439,2023,10,16,23038,Kampenhout,Normaal,"Nat, plassen",Dag,met lichtgewonden,3,Fiets,3,Fiets,Buiten Kruispunt,Gewestweg,binnen bebouwde kom,Tss. 2 best.: langs opzij (voor-/achterkant-flank),Geen hindernis
43233,116,Melle teller 2,Melle,50.9986113,3.8040599,0.26278404317362364,51.00075641979863,3.8056357599303348,2023,10,15,44040,Melle,Normaal,Proper,Dag,met zwaargewonden,4,Vrachtwagen,3,Fiets,Op Kruispunt,Gewestweg,binnen bebouwde kom,Tss. 2 best.: langs opzij (voor-/achterkant-flank),Geen hindernis
43233,117,Melle teller 1,Melle,50.9986113,3.8040599,0.26278404317362364,51.00075641979863,3.8056357599303348,2023,10,15,44040,Melle,Normaal,Proper,Dag,met zwaargewonden,4,Vrachtwagen,3,Fiets,Op Kruispunt,Gewestweg,binnen bebouwde kom,Tss. 2 best.: langs opzij (voor-/achterkant-flank),Geen hindernis
43239,118,Gent teller 1,Gent,51.028049,3.7681359,0.4523425708868736,51.030651161495484,3.7631640625646536,2023,10,8,44021,Gent,Normaal,Droog,Dag,met lichtgewonden,9,personenauto,3,Fiets,Buiten Kruispunt,Gewestweg,binnen bebouwde kom,Kettingbotsing (3 bestuurders of meer),Geen hindernis
43239,119,Gent teller 2,Gent,51.0281795,3.7683918,0.45737452751419655,51.030651161495484,3.7631640625646536,2023,10,8,44021,Gent,Normaal,Droog,Dag,met lichtgewonden,9,personenauto,3,Fiets,Buiten Kruispunt,Gewestweg,binnen bebouwde kom,Kettingbotsing (3 bestuurders of meer),Geen hindernis
43255,115,Aalter,Aalter,51.1058367,3.4350591,0.1407899146630019,51.10470773335513,3.4359720276854917,2023,10,6,44084,Aalter,Regenval,"Nat, plassen","Nacht, openbare verlichting aanwezig en ontstoken",met lichtgewonden,3,Fiets,10,"één bestuurder, geen hindernis",Buiten Kruispunt,Gewestweg,buiten bebouwde kom,"Eén bestuurder, geen hindernis (incl. val)",Geen hindernis
43354,122,Dendermonde teller 2,Dendermonde,51.0373918,4.1019222,0.2627043096903182,51.03974467305177,4.102262034704927,2023,10,12,42006,Dendermonde,Regenval,"Nat, plassen",Dag,met zwaargewonden,3,Fiets,3,Fiets,Buiten Kruispunt,Gewestweg,buiten bebouwde kom,Tussen 2 bestuurders: Flank tegen flank,Geen hindernis
43354,125,Dendermonde totem,Dendermonde,51.0372706,4.1025998,0.27611617649483844,51.03974467305177,4.102262034704927,2023,10,12,42006,Dendermonde,Regenval,"Nat, plassen",Dag,met zwaargewonden,3,Fiets,3,Fiets,Buiten Kruispunt,Gewestweg,buiten bebouwde kom,Tussen 2 bestuurders: Flank tegen flank,Geen hindernis
43375,142,TEST Validatie BRUGGE Y2H22022134,Brugge,51.22632,3.24095,0.4455088984492905,51.230294498971865,3.240142248348399,2023,10,17,31005,Brugge,Regenval,"Nat, plassen",Dag,met lichtgewonden,3,Fiets,3,Fiets,Buiten Kruispunt,Gewestweg,binnen bebouwde kom,Tussen 2 bestuurders: Flank tegen flank,Geen hindernis
43375,52,Brugge,Brugge,51.22632,3.24095,0.4455088984492905,51.230294498971865,3.240142248348399,2023,10,17,31005,Brugge,Regenval,"Nat, plassen",Dag,met lichtgewonden,3,Fiets,3,Fiets,Buiten Kruispunt,Gewestweg,binnen bebouwde kom,Tussen 2 bestuurders: Flank tegen flank,Geen hindernis
43448,16,Kortrijk 1,Kortrijk,50.83332,3.27777,0.4532208934386413,50.83164118660899,3.2836505813802397,2023,10,16,34022,Kortrijk,Normaal,Droog,Dag,met lichtgewonden,3,Fiets,2,Andere weggebruiker,Op Kruispunt,Gemeenteweg,binnen bebouwde kom,Tss. 2 best.: langs opzij (voor-/achterkant-flank),Geen hindernis
43448,17,Kortrijk 2,Kortrijk,50.83339,3.27773,0.4590247943814744,50.83164118660899,3.2836505813802397,2023,10,16,34022,Kortrijk,Normaal,Droog,Dag,met lichtgewonden,3,Fiets,2,Andere weggebruiker,Op Kruispunt,Gemeenteweg,binnen bebouwde kom,Tss. 2 best.: langs opzij (voor-/achterkant-flank),Geen hindernis
43452,17,Kortrijk 2,Kortrijk,50.83339,3.27773,0.3121886694893301,50.83511336263856,3.2812394075782665,2023,10,14,34022,Kortrijk,Normaal,Droog,Dag,met lichtgewonden,9,personenauto,3,Fiets,Buiten Kruispunt,Gemeenteweg,binnen bebouwde kom,Tussen 2 bestuurders: Flank tegen flank,Geen hindernis
43452,16,Kortrijk 1,Kortrijk,50.83332,3.27777,0.3148473531243813,50.83511336263856,3.2812394075782665,2023,10,14,34022,Kortrijk,Normaal,Droog,Dag,met lichtgewonden,9,personenauto,3,Fiets,Buiten Kruispunt,Gemeenteweg,binnen bebouwde kom,Tussen 2 bestuurders: Flank tegen flank,Geen hindernis
43454,16,Kortrijk 1,Kortrijk,50.83332,3.27777,0.08611113940163467,50.83284625815824,3.276800041135042,2023,10,10,34022,Kortrijk,Normaal,Droog,Dag,met lichtgewonden,3,Fiets,8,Voetganger,Buiten Kruispunt,Gewestweg,binnen bebouwde kom,Met een voetganger,Geen hindernis
43454,17,Kortrijk 2,Kortrijk,50.83339,3.27773,0.0889996346065085,50.83284625815824,3.276800041135042,2023,10,10,34022,Kortrijk,Normaal,Droog,Dag,met lichtgewonden,3,Fiets,8,Voetganger,Buiten Kruispunt,Gewestweg,binnen bebouwde kom,Met een voetganger,Geen hindernis
43468,65,Nieuwpoort teller 2,Nieuwpoort,51.13435,2.75511,0.23297930383343368,51.13326471803589,2.7522538394277847,2023,10,12,38016,Nieuwpoort,Normaal,Droog,Dag,met lichtgewonden,3,Fiets,3,Fiets,Buiten Kruispunt,Gemeenteweg,binnen bebouwde kom,Tussen 2 bestuurders: Frontale botsing,Geen hindernis
43468,64,Nieuwpoort teller 1,Nieuwpoort,51.13359,2.75737,0.35881191544974994,51.13326471803589,2.7522538394277847,2023,10,12,38016,Nieuwpoort,Normaal,Droog,Dag,met lichtgewonden,3,Fiets,3,Fiets,Buiten Kruispunt,Gemeenteweg,binnen bebouwde kom,Tussen 2 bestuurders: Frontale botsing,Geen hindernis
43533,14,Genk,Genk,50.97172,5.48927,0.2576441613820477,50.97119996416151,5.4856843070432575,2023,10,3,71016,Genk,Normaal,Droog,"Nacht, openbare verlichting aanwezig en ontstoken",met zwaargewonden,3,Fiets,10,"één bestuurder, geen hindernis",Buiten Kruispunt,Gemeenteweg,buiten bebouwde kom,"Eén bestuurder, geen hindernis (incl. val)",Geen hindernis
43655,2,Brasschaat 2,Brasschaat,51.27512,4.47169,0.16221014197585276,51.27383601227213,4.470583172315313,2023,11,23,11008,Brasschaat,Regenval,"Nat, plassen","Nacht, openbare verlichting aanwezig en ontstoken",met lichtgewonden,9,personenauto,3,Fiets,Op Kruispunt,Gewestweg,buiten bebouwde kom,Tss. 2 best.: langs opzij (voor-/achterkant-flank),Geen hindernis
43655,3,Brasschaat 1,Brasschaat,51.27503,4.47222,0.17490332005858955,51.27383601227213,4.470583172315313,2023,11,23,11008,Brasschaat,Regenval,"Nat, plassen","Nacht, openbare verlichting aanwezig en ontstoken",met lichtgewonden,9,personenauto,3,Fiets,Op Kruispunt,Gewestweg,buiten bebouwde kom,Tss. 2 best.: langs opzij (voor-/achterkant-flank),Geen hindernis
43705,8,Heist op den Berg 1,Heist-op-den-Berg,51.06759,4.68823,0.245743381660023,51.0664743049762,4.6851942015039025,2023,11,15,12029,Putte,Normaal,Droog,Dag,met lichtgewonden,4,Vrachtwagen,3,Fiets,Op Kruispunt,Gewestweg,buiten bebouwde kom,Tss. 2 best.: langs opzij (voor-/achterkant-flank),Geen hindernis
43779,44,Maaseik teller 2,Maaseik,51.09359,5.79726,0.424746893251126,51.097027625263465,5.794608031355774,2023,11,10,72021,Maaseik,Normaal,Droog,Dag,met zwaargewonden,3,Fiets,10,"één bestuurder, geen hindernis",Buiten Kruispunt,Gewestweg,binnen bebouwde kom,"Eén bestuurder, geen hindernis (incl. val)",Geen hindernis
43779,43,Maaseik teller 1,Maaseik,51.09344,5.79715,0.4366384798321797,51.097027625263465,5.794608031355774,2023,11,10,72021,Maaseik,Normaal,Droog,Dag,met zwaargewonden,3,Fiets,10,"één bestuurder, geen hindernis",Buiten Kruispunt,Gewestweg,binnen bebouwde kom,"Eén bestuurder, geen hindernis (incl. val)",Geen hindernis
43785,107,leuven totem,Leuven,50.8870744,4.7087919,0.2909199183332885,50.885538010391784,4.712148705454826,2023,11,12,24062,Leuven,Onbekend,Onbekend,Dag,met lichtgewonden,3,Fiets,3,Fiets,Buiten Kruispunt,Gewestweg,binnen bebouwde kom,Tss. 2 best.: langs opzij (voor-/achterkant-flank),Geen hindernis
43785,77,Leuven teller 2,Leuven,50.88672,4.70796,0.32188802661323035,50.885538010391784,4.712148705454826,2023,11,12,24062,Leuven,Onbekend,Onbekend,Dag,met lichtgewonden,3,Fiets,3,Fiets,Buiten Kruispunt,Gewestweg,binnen bebouwde kom,Tss. 2 best.: langs opzij (voor-/achterkant-flank),Geen hindernis
43793,151,Leuven,District Leuven,50.8690262,4.6854839,0.4885349218577215,50.872075206426956,4.6904964450945394,2023,11,14,24062,Leuven,Regenval,"Nat, plassen",Dag,met lichtgewonden,3,Fiets,9,personenauto,Op Kruispunt,Gewestweg,binnen bebouwde kom,Tss. 2 best.: langs opzij (voor-/achterkant-flank),Geen hindernis
43799,73,Herent teller 2,Herent,50.89128,4.64685,0.42123239182501254,50.89249861096326,4.641163632034215,2023,11,17,24038,Herent,Normaal,Droog,Dageraad - schemering,met zwaargewonden,9,personenauto,3,Fiets,Op Kruispunt,Gewestweg,buiten bebouwde kom,Tss. 2 best.: langs opzij (voor-/achterkant-flank),Geen hindernis
43799,72,Herent teller 1,Herent,50.89135,4.64689,0.42146591074462136,50.89249861096326,4.641163632034215,2023,11,17,24038,Herent,Normaal,Droog,Dageraad - schemering,met zwaargewonden,9,personenauto,3,Fiets,Op Kruispunt,Gewestweg,buiten bebouwde kom,Tss. 2 best.: langs opzij (voor-/achterkant-flank),Geen hindernis
43814,78,Pepingen teller 1,Pepingen,50.75824,4.1652,0.49251327000550166,50.75927696890101,4.158392743231712,2023,11,17,23064,Pepingen,"Andere (dikke rook,...)",Droog,"Nacht, openbare verlichting aanwezig en ontstoken",met zwaargewonden,3,Fiets,3,Fiets,Buiten Kruispunt,Gewestweg,buiten bebouwde kom,Tussen 2 bestuurders: Frontale botsing,Geen hindernis
43814,79,Pepingen teller 2,Pepingen,50.75848,4.16537,0.49871881977512567,50.75927696890101,4.158392743231712,2023,11,17,23064,Pepingen,"Andere (dikke rook,...)",Droog,"Nacht, openbare verlichting aanwezig en ontstoken",met zwaargewonden,3,Fiets,3,Fiets,Buiten Kruispunt,Gewestweg,buiten bebouwde kom,Tussen 2 bestuurders: Frontale botsing,Geen hindernis
43818,152,Opwijk,District Vilvoorde-gewestwegen,50.968901168564656,4.149169474840164,0.2850160768960201,50.97144109097941,4.148622029645632,2023,11,11,23060,Opwijk,Normaal,"Vuil (zand, grint, bladeren,...)",Dag,met lichtgewonden,5,Lichte vrachtauto,3,Fiets,Op Kruispunt,Gemeenteweg,binnen bebouwde kom,Tss. 2 best.: langs opzij (voor-/achterkant-flank),Geen hindernis
43829,47,Vilvoorde,Vilvoorde,50.91372,4.41497,0.39875192458872394,50.91728381757066,4.415602558254397,2023,11,9,23088,Vilvoorde,Normaal,"Nat, plassen",Dag,met lichtgewonden,3,Fiets,10,"één bestuurder, geen hindernis",Op Kruispunt,Gemeenteweg,buiten bebouwde kom,"Eén bestuurder, geen hindernis (incl. val)",Geen hindernis
43836,136,Gent R4,Gent,51.0876313,3.7587918,0.44736915903675595,51.09149565779109,3.7605743598565127,2023,11,12,44021,Gent,Onbekend,Onbekend,Dag,met lichtgewonden,3,Fiets,3,Fiets,Buiten Kruispunt,Gemeenteweg,binnen bebouwde kom,Tss. 2 best.: langs opzij (voor-/achterkant-flank),Geen hindernis
43861,13,Gent,Gent,51.03018,3.70146,0.3506130912392759,51.02705029090982,3.702070045740561,2023,11,13,44021,Gent,Onbekend,Onbekend,Dag,met zwaargewonden,3,Fiets,9,personenauto,Buiten Kruispunt,Gemeenteweg,binnen bebouwde kom,Tss. 2 best.: langs opzij (voor-/achterkant-flank),Geen hindernis
43871,118,Gent teller 1,Gent,51.028049,3.7681359,0.4546336113049945,51.02418916457432,3.765991894623902,2023,11,8,44021,Gent,Normaal,Droog,Dag,met lichtgewonden,9,personenauto,3,Fiets,Op Kruispunt,Gemeenteweg,binnen bebouwde kom,Tussen 2 bestuurders: Frontale botsing,Geen hindernis
43871,119,Gent teller 2,Gent,51.0281795,3.7683918,0.4743898887315051,51.02418916457432,3.765991894623902,2023,11,8,44021,Gent,Normaal,Droog,Dag,met lichtgewonden,9,personenauto,3,Fiets,Op Kruispunt,Gemeenteweg,binnen bebouwde kom,Tussen 2 bestuurders: Frontale botsing,Geen hindernis
43881,119,Gent teller 2,Gent,51.0281795,3.7683918,0.09474795858506622,51.02754834394533,3.769301976635441,2023,11,18,44021,Gent,Normaal,Droog,"Nacht, openbare verlichting aanwezig en ontstoken",met lichtgewonden,9,personenauto,3,Fiets,Buiten Kruispunt,Gewestweg,buiten bebouwde kom,Tss. 2 best.: langs opzij (voor-/achterkant-flank),Geen hindernis
43881,118,Gent teller 1,Gent,51.028049,3.7681359,0.0987399830124263,51.02754834394533,3.769301976635441,2023,11,18,44021,Gent,Normaal,Droog,"Nacht, openbare verlichting aanwezig en ontstoken",met lichtgewonden,9,personenauto,3,Fiets,Buiten Kruispunt,Gewestweg,buiten bebouwde kom,Tss. 2 best.: langs opzij (voor-/achterkant-flank),Geen hindernis
43980,122,Dendermonde teller 2,Dendermonde,51.0373918,4.1019222,0.1813536598946516,51.03901771820549,4.102125839466133,2023,12,11,42006,Dendermonde,Normaal,Droog,Dag,met lichtgewonden,9,personenauto,3,Fiets,Op Kruispunt,Gewestweg,buiten bebouwde kom,Tss. 2 best.: langs opzij (voor-/achterkant-flank),Geen hindernis
43980,125,Dendermonde totem,Dendermonde,51.0372706,4.1025998,0.19707689409689647,51.03901771820549,4.102125839466133,2023,12,11,42006,Dendermonde,Normaal,Droog,Dag,met lichtgewonden,9,personenauto,3,Fiets,Op Kruispunt,Gewestweg,buiten bebouwde kom,Tss. 2 best.: langs opzij (voor-/achterkant-flank),Geen hindernis
44064,17,Kortrijk 2,Kortrijk,50.83339,3.27773,0.33521335497276455,50.83240062732361,3.273221224846639,2023,11,7,34022,Kortrijk,Onbekend,Onbekend,Onbekend,met lichtgewonden,9,personenauto,3,Fiets,Buiten Kruispunt,Gewestweg,onbekend,Tussen 2 bestuurders: Flank tegen flank,Geen hindernis
44064,16,Kortrijk 1,Kortrijk,50.83332,3.27777,0.33541472304802095,50.83240062732361,3.273221224846639,2023,11,7,34022,Kortrijk,Onbekend,Onbekend,Onbekend,met lichtgewonden,9,personenauto,3,Fiets,Buiten Kruispunt,Gewestweg,onbekend,Tussen 2 bestuurders: Flank tegen flank,Geen hindernis
44067,143,Eco Display Classic Budastraat,Kortrijk,50.83066,3.26286,0.04769789305607504,50.830413448148114,3.2634157526011944,2023,11,9,34022,Kortrijk,Normaal,"Nat, plassen",Dag,met lichtgewonden,9,personenauto,3,Fiets,Op Kruispunt,Gemeenteweg,binnen bebouwde kom,Tss. 2 best.: langs opzij (voor-/achterkant-flank),Geen hindernis
44072,17,Kortrijk 2,Kortrijk,50.83339,3.27773,0.4492509234267379,50.83415114206477,3.2714474799139968,2023,11,10,34022,Kortrijk,Normaal,Droog,Dag,met zwaargewonden,5,Lichte vrachtauto,3,Fiets,Buiten Kruispunt,Gewestweg,binnen bebouwde kom,Tss. 2 best.: langs opzij (voor-/achterkant-flank),Geen hindernis
44072,16,Kortrijk 1,Kortrijk,50.83332,3.27777,0.4535322437724447,50.83415114206477,3.2714474799139968,2023,11,10,34022,Kortrijk,Normaal,Droog,Dag,met zwaargewonden,5,Lichte vrachtauto,3,Fiets,Buiten Kruispunt,Gewestweg,binnen bebouwde kom,Tss. 2 best.: langs opzij (voor-/achterkant-flank),Geen hindernis