crash_row_id,site_id,site_name,site_gemeente,site_lat,site_long,distance_km,crash_lat,crash_long,DT_YEAR_COLLISION,DT_MONTH_COLLISION,DT_TIME,CD_NIS,TX_MUNTY_COLLISION_NL,TX_WEATHER_NL,TX_ROAD_CONDITION_NL,TX_LIGHT_CONDITION_NL,TX_CLASS_ACCIDENTS_NL,CD_ROAD_USR_TYPE1,TX_ROAD_USR_TYPE1_NL,CD_ROAD_USR_TYPE2,TX_ROAD_USR_TYPE2_NL,TX_CROSSWAY_NL,CD_ROAD_TYPE_NL,TX_BUILD_UP_AREA_NL,TX_COLLISION_TYPE_NL,TX_OBSTACLES_NL
44073,143,Eco Display Classic Budastraat,Kortrijk,50.83066,3.26286,0.33096629111905096,50.827890734623935,3.264587377686949,2023,11,13,34022,Kortrijk,Normaal,Droog,Dag,met lichtgewonden,3,Fiets,9,personenauto,Buiten Kruispunt,Gewestweg,binnen bebouwde kom,Tussen 2 bestuurders: Frontale botsing,Geen hindernis
44131,25,Bree,Bree,51.13679500160176,5.597669323604317,0.4711904713192792,51.14045207561976,5.594257599801447,2023,11,16,72004,Bree,Normaal,Droog,Dag,met lichtgewonden,3,Fiets,9,personenauto,Buiten Kruispunt,Gewestweg,binnen bebouwde kom,Tussen 2 bestuurders: Flank tegen flank,Geen hindernis
44360,13,Gent,Gent,51.03018,3.70146,0.4129330031296046,51.03161075267588,3.7069090495844668,2023,12,12,44021,Gent,Normaal,Droog,Dag,met lichtgewonden,9,personenauto,3,Fiets,Buiten Kruispunt,Gewestweg,binnen bebouwde kom,Tss. 2 best.: langs opzij (voor-/achterkant-flank),Geen hindernis
44433,121,Zele teller 2,Zele,51.0604067,4.0556696,0.1422432632235961,51.059198928474906,4.056340311816247,2023,12,15,42028,Zele,Normaal,"Nat, plassen",Dag,met lichtgewonden,3,Fiets,10,"één bestuurder, geen hindernis",Buiten Kruispunt,Gewestweg,buiten bebouwde kom,"Eén bestuurder, geen hindernis (incl. val)",Geen hindernis
44433,120,Zele teller 1,Zele,51.0607671,4.0547741,0.20588047879410584,51.059198928474906,4.056340311816247,2023,12,15,42028,Zele,Normaal,"Nat, plassen",Dag,met lichtgewonden,3,Fiets,10,"één bestuurder, geen hindernis",Buiten Kruispunt,Gewestweg,buiten bebouwde kom,"Eén bestuurder, geen hindernis (incl. val)",Geen hindernis
44492,143,Eco Display Classic Budastraat,Kortrijk,50.83066,3.26286,0.3090229900105286,50.83088977813185,3.2672449560949657,2023,12,10,34022,Kortrijk,Normaal,Droog,Dag,met lichtgewonden,9,personenauto,3,Fiets,Op Kruispunt,Gemeenteweg,binnen bebouwde kom,Tss. 2 best.: langs opzij (voor-/achterkant-flank),Geen hindernis
44496,143,Eco Display Classic Budastraat,Kortrijk,50.83066,3.26286,0.31585933923953446,50.833081959390285,3.2652100302831246,2023,11,12,34022,Kortrijk,Normaal,Droog,Dag,met lichtgewonden,3,Fiets,11,een weggebruiker tegen een hindernis,Buiten Kruispunt,Gemeenteweg,binnen bebouwde kom,Weggebruiker tegen hindernis op de rijbaan,"Op de rijbaan: Put, straatgoot, tramspoor"
44500,75,Kortrijk teller 2,Kortrijk,50.81925,3.25731,0.2511293881393879,50.82118114190081,3.2554563713698426,2023,12,9,34022,Kortrijk,Normaal,"Nat, plassen",Dag,met lichtgewonden,3,Fiets,9,personenauto,Buiten Kruispunt,Gemeenteweg,binnen bebouwde kom,Tss. 2 best.: langs opzij (voor-/achterkant-flank),Geen hindernis
44500,74,Kortrijk teller 1,Kortrijk,50.81909,3.25728,0.26547857655761264,50.82118114190081,3.2554563713698426,2023,12,9,34022,Kortrijk,Normaal,"Nat, plassen",Dag,met lichtgewonden,3,Fiets,9,personenauto,Buiten Kruispunt,Gemeenteweg,binnen bebouwde kom,Tss. 2 best.: langs opzij (voor-/achterkant-flank),Geen hindernis
44518,42,Maasmechelen teller 2,Maasmechelen,50.97043,5.6981,0.3818013804862519,50.97378122088989,5.6992874203053345,2023,12,8,73107,Maasmechelen,Normaal,Onbekend,Dageraad - schemering,met lichtgewonden,9,personenauto,3,Fiets,Op Kruispunt,Gewestweg,binnen bebouwde kom,Tss. 2 best.: langs opzij (voor-/achterkant-flank),Geen hindernis
44518,41,Maasmechelen teller 1,Maasmechelen,50.97025,5.69799,0.4030257953847746,50.97378122088989,5.6992874203053345,2023,12,8,73107,Maasmechelen,Normaal,Onbekend,Dageraad - schemering,met lichtgewonden,9,personenauto,3,Fiets,Op Kruispunt,Gewestweg,binnen bebouwde kom,Tss. 2 best.: langs opzij (voor-/achterkant-flank),Geen hindernis
44559,14,Genk,Genk,50.97172,5.48927,0.4087299635240112,50.970629311216285,5.483695614261774,2023,12,12,71016,Genk,Normaal,Droog,Dag,met zwaargewonden,9,personenauto,3,Fiets,Op Kruispunt,Gemeenteweg,binnen bebouwde kom,Tss. 2 best.: langs opzij (voor-/achterkant-flank),Geen hindernis
44560,23,Tienen 3,Tienen,50.81324,4.93447,0.29862780451209325,50.81219390512158,4.930555330522929,2023,12,17,24107,Tienen,Onbekend,Onbekend,Dageraad - schemering,met lichtgewonden,3,Fiets,9,personenauto,Buiten Kruispunt,Gewestweg,binnen bebouwde kom,Tss. 2 best.: langs opzij (voor-/achterkant-flank),Geen hindernis
44560,24,Tienen 1,Tienen,50.8133795491886,4.935044252605416,0.3418345317101814,50.81219390512158,4.930555330522929,2023,12,17,24107,Tienen,Onbekend,Onbekend,Dageraad - schemering,met lichtgewonden,3,Fiets,9,personenauto,Buiten Kruispunt,Gewestweg,binnen bebouwde kom,Tss. 2 best.: langs opzij (voor-/achterkant-flank),Geen hindernis
44560,22,Tienen 2,Tienen,50.81330800184882,4.935984252796022,0.4010451335965427,50.81219390512158,4.930555330522929,2023,12,17,24107,Tienen,Onbekend,Onbekend,Dageraad - schemering,met lichtgewonden,3,Fiets,9,personenauto,Buiten Kruispunt,Gewestweg,binnen bebouwde kom,Tss. 2 best.: langs opzij (voor-/achterkant-flank),Geen hindernis
44665,96,Lier teller 2,Lier,51.11705,4.58444,0.3204196071627615,51.118864155920335,4.580873348660065,2024,1,7,12021,Lier,Regenval,"Nat, plassen",Dageraad - schemering,met lichtgewonden,3,Fiets,3,Fiets,Buiten Kruispunt,Gewestweg,buiten bebouwde kom,Tussen 2 bestuurders: Frontale botsing,Geen hindernis
44665,95,Lier teller 1,Lier,51.11687,4.58437,0.3297511373047688,51.118864155920335,4.580873348660065,2024,1,7,12021,Lier,Regenval,"Nat, plassen",Dageraad - schemering,met lichtgewonden,3,Fiets,3,Fiets,Buiten Kruispunt,Gewestweg,buiten bebouwde kom,Tussen 2 bestuurders: Frontale botsing,Geen hindernis
44679,97,Geel teller 1,Geel,51.14813,4.99698,0.04860461669169923,51.147786732343334,4.99741139325949,2024,1,12,13008,Geel,Normaal,Droog,Dag,met lichtgewonden,9,personenauto,3,Fiets,Op Kruispunt,Gewestweg,buiten bebouwde kom,Tussen 2 bestuurders: Flank tegen flank,Geen hindernis
44679,98,Geel teller 2,Geel,51.1481,4.99643,0.07680893683120989,51.147786732343334,4.99741139325949,2024,1,12,13008,Geel,Normaal,Droog,Dag,met lichtgewonden,9,personenauto,3,Fiets,Op Kruispunt,Gewestweg,buiten bebouwde kom,Tussen 2 bestuurders: Flank tegen flank,Geen hindernis
44723,151,Leuven,District Leuven,50.8690262,4.6854839,0.17723936223362438,50.86779700636908,4.687091835264841,2024,1,12,24062,Leuven,Sneeuwval,Onbekend,Dag,met lichtgewonden,3,Fiets,3,Fiets,Buiten Kruispunt,Gemeenteweg,binnen bebouwde kom,Tussen 2 bestuurders: Flank tegen flank,Geen hindernis
44726,151,Leuven,District Leuven,50.8690262,4.6854839,0.46705671643704355,50.87309938108141,4.683858553071362,2024,1,13,24062,Leuven,Normaal,"Ijzel, sneeuw",Dag,met lichtgewonden,9,personenauto,3,Fiets,Buiten Kruispunt,Gemeenteweg,buiten bebouwde kom,Tussen 2 bestuurders: Langs achteren,Geen hindernis
44728,69,Leuven teller 1,Leuven,50.87549,4.71526,0.4471297083809215,50.872470483790664,4.7194683191801445,2024,1,16,24062,Leuven,Normaal,"Nat, plassen",Dageraad - schemering,met lichtgewonden,3,Fiets,6,Bromfiets,Buiten Kruispunt,Gewestweg,binnen bebouwde kom,Tss. 2 best.: langs opzij (voor-/achterkant-flank),Geen hindernis
44738,145,Overijse,District Vilvoorde-gewestwegen,50.7885856,4.4908759,0.1343969748469886,50.789331435538564,4.492380379525089,2024,1,16,23062,Overijse,Normaal,Droog,Dag,met lichtgewonden,3,Fiets,9,personenauto,Buiten Kruispunt,Gewestweg,binnen bebouwde kom,Tss. 2 best.: langs opzij (voor-/achterkant-flank),Geen hindernis
44738,146,Overijse 2,District Vilvoorde-gewestwegen,50.7881478,4.4902818,0.19769825610958405,50.789331435538564,4.492380379525089,2024,1,16,23062,Overijse,Normaal,Droog,Dag,met lichtgewonden,3,Fiets,9,personenauto,Buiten Kruispunt,Gewestweg,binnen bebouwde kom,Tss. 2 best.: langs opzij (voor-/achterkant-flank),Geen hindernis
44844,126,Hamme totem,Hamme,51.1017709,4.1469307,0.35742095966479237,51.10291045027773,4.142144207605542,2024,1,16,42008,Hamme,Sneeuwval,"Ijzel, sneeuw",Dag,met lichtgewonden,3,Fiets,10,"één bestuurder, geen hindernis",Buiten Kruispunt,Gewestweg,buiten bebouwde kom,"Eén bestuurder, geen hindernis (incl. val)",Geen hindernis
44874,122,Dendermonde teller 2,Dendermonde,51.0373918,4.1019222,0.10313202507006317,51.038280530139936,4.102344139163303,2024,1,7,42006,Dendermonde,Normaal,Droog,Dag,met lichtgewonden,9,personenauto,3,Fiets,Buiten Kruispunt,Gewestweg,buiten bebouwde kom,Tss. 2 best.: langs opzij (voor-/achterkant-flank),Geen hindernis
44874,125,Dendermonde totem,Dendermonde,51.0372706,4.1025998,0.1137129556957524,51.038280530139936,4.102344139163303,2024,1,7,42006,Dendermonde,Normaal,Droog,Dag,met lichtgewonden,9,personenauto,3,Fiets,Buiten Kruispunt,Gewestweg,buiten bebouwde kom,Tss. 2 best.: langs opzij (voor-/achterkant-flank),Geen hindernis
44897,142,TEST Validatie BRUGGE Y2H22022134,Brugge,51.22632,3.24095,0.2568132194957897,51.22775098428367,3.2380551632109382,2024,1,6,31005,Brugge,Normaal,Droog,"Nacht, openbare verlichting aanwezig en ontstoken",met zwaargewonden,1,Autobus,3,Fiets,Op Kruispunt,Gemeenteweg,binnen bebouwde kom,Tss. 2 best.: langs opzij (voor-/achterkant-flank),Geen hindernis
44897,52,Brugge,Brugge,51.22632,3.24095,0.2568132194957897,51.22775098428367,3.2380551632109382,2024,1,6,31005,Brugge,Normaal,Droog,"Nacht, openbare verlichting aanwezig en ontstoken",met zwaargewonden,1,Autobus,3,Fiets,Op Kruispunt,Gemeenteweg,binnen bebouwde kom,Tss. 2 best.: langs opzij (voor-/achterkant-flank),Geen hindernis
44915,18,Oostende 1,Oostende,51.21378,2.92765,0.4764194784006667,51.218055007308415,2.9271938942189526,2024,1,10,35013,Oostende,Regenval,"Nat, plassen",Dag,met lichtgewonden,9,personenauto,3,Fiets,Buiten Kruispunt,Gemeenteweg,binnen bebouwde kom,Tss. 2 best.: langs opzij (voor-/achterkant-flank),Geen hindernis
44915,15,Oostende 2,Oostende,51.21371,2.92743,0.48342256298741043,51.218055007308415,2.9271938942189526,2024,1,10,35013,Oostende,Regenval,"Nat, plassen",Dag,met lichtgewonden,9,personenauto,3,Fiets,Buiten Kruispunt,Gemeenteweg,binnen bebouwde kom,Tss. 2 best.: langs opzij (voor-/achterkant-flank),Geen hindernis
44947,143,Eco Display Classic Budastraat,Kortrijk,50.83066,3.26286,0.4755322394917029,50.83437845540405,3.259515475520892,2024,1,16,34022,Kortrijk,Normaal,Droog,Dag,met lichtgewonden,9,personenauto,3,Fiets,Buiten Kruispunt,Gewestweg,binnen bebouwde kom,Tussen 2 bestuurders: Langs achteren,Geen hindernis
44950,143,Eco Display Classic Budastraat,Kortrijk,50.83066,3.26286,0.3141149878463897,50.828505676145966,3.265752971783997,2024,1,12,34022,Kortrijk,Normaal,"Nat, plassen",Dag,met lichtgewonden,3,Fiets,3,Fiets,Buiten Kruispunt,Gewestweg,binnen bebouwde kom,Tussen 2 bestuurders: Flank tegen flank,Geen hindernis
44976,83,Beersel teller 2,Beersel,50.75175,4.33304,0.04210945741063776,50.75212446645674,4.33312924533522,2024,1,18,23003,Beersel,Normaal,"Ijzel, sneeuw","Nacht, openbare verlichting aanwezig en ontstoken",met lichtgewonden,9,personenauto,3,Fiets,Op Kruispunt,Gemeenteweg,binnen bebouwde kom,Tss. 2 best.: langs opzij (voor-/achterkant-flank),Geen hindernis
44976,82,Beersel teller 1,Beersel,50.75128,4.33336,0.09529333594974562,50.75212446645674,4.33312924533522,2024,1,18,23003,Beersel,Normaal,"Ijzel, sneeuw","Nacht, openbare verlichting aanwezig en ontstoken",met lichtgewonden,9,personenauto,3,Fiets,Op Kruispunt,Gemeenteweg,binnen bebouwde kom,Tss. 2 best.: langs opzij (voor-/achterkant-flank),Geen hindernis
44979,140,Hasselt ring,Hasselt,50.9300038,5.3438616,0.3870618001750479,50.92685367300169,5.346211424856935,2024,1,10,71022,Hasselt,Normaal,Droog,Dag,met lichtgewonden,3,Fiets,9,personenauto,Op Kruispunt,Gemeenteweg,binnen bebouwde kom,Tss. 2 best.: langs opzij (voor-/achterkant-flank),Geen hindernis
44980,138,Hasselt-Kempische brug,Hasselt,50.9405318,5.3422472,0.31513579414323045,50.93784039482838,5.3408381540648895,2024,1,15,71022,Hasselt,Normaal,Droog,Dag,met lichtgewonden,3,Fiets,9,personenauto,Op Kruispunt,Gewestweg,binnen bebouwde kom,Tss. 2 best.: langs opzij (voor-/achterkant-flank),Geen hindernis
44980,137,Hasselt-Kempische brug,Hasselt,50.9411605,5.3417576,0.3747579144255165,50.93784039482838,5.3408381540648895,2024,1,15,71022,Hasselt,Normaal,Droog,Dag,met lichtgewonden,3,Fiets,9,personenauto,Op Kruispunt,Gewestweg,binnen bebouwde kom,Tss. 2 best.: langs opzij (voor-/achterkant-flank),Geen hindernis
44983,140,Hasselt ring,Hasselt,50.9300038,5.3438616,0.4772706237973287,50.92959402829607,5.350640565410734,2024,1,17,71022,Hasselt,Regenval,"Nat, plassen","Nacht, openbare verlichting aanwezig en ontstoken",met lichtgewonden,9,personenauto,3,Fiets,Op Kruispunt,Gewestweg,binnen bebouwde kom,Tussen 2 bestuurders: Frontale botsing,Geen hindernis
44985,25,Bree,Bree,51.13679500160176,5.597669323604317,0.3740719753822016,51.13985302711804,5.599903855830753,2024,1,13,72004,Bree,Normaal,Droog,Dag,met lichtgewonden,9,personenauto,3,Fiets,Op Kruispunt,Gewestweg,binnen bebouwde kom,Tss. 2 best.: langs opzij (voor-/achterkant-flank),Geen hindernis
44997,23,Tienen 3,Tienen,50.81324,4.93447,0.14612505497727418,50.81428259997675,4.933203928327114,2024,1,16,24107,Tienen,Sneeuwval,"Nat, plassen",Dag,met lichtgewonden,9,personenauto,3,Fiets,Buiten Kruispunt,Gemeenteweg,binnen bebouwde kom,Tss. 2 best.: langs opzij (voor-/achterkant-flank),Geen hindernis
44997,24,Tienen 1,Tienen,50.8133795491886,4.935044252605416,0.16370944474853685,50.81428259997675,4.933203928327114,2024,1,16,24107,Tienen,Sneeuwval,"Nat, plassen",Dag,met lichtgewonden,9,personenauto,3,Fiets,Buiten Kruispunt,Gemeenteweg,binnen bebouwde kom,Tss. 2 best.: langs opzij (voor-/achterkant-flank),Geen hindernis
44997,22,Tienen 2,Tienen,50.81330800184882,4.935984252796022,0.2233865332157793,50.81428259997675,4.933203928327114,2024,1,16,24107,Tienen,Sneeuwval,"Nat, plassen",Dag,met lichtgewonden,9,personenauto,3,Fiets,Buiten Kruispunt,Gemeenteweg,binnen bebouwde kom,Tss. 2 best.: langs opzij (voor-/achterkant-flank),Geen hindernis
45145,9,Heist op den Berg 2,Heist-op-den-Berg,51.06904,4.69524,0.47153073327918266,51.071180094913466,4.701066101901521,2024,2,16,12014,Heist-op-den-Berg,Normaal,Droog,Dageraad - schemering,met lichtgewonden,3,Fiets,5,Lichte vrachtauto,Op Kruispunt,Gewestweg,binnen bebouwde kom,Tss. 2 best.: langs opzij (voor-/achterkant-flank),Geen hindernis
45171,37,Lommel teller 1,Lommel,51.23299,5.29211,0.3964000255507486,51.23266543601268,5.297779671453359,2024,2,12,72020,Lommel,Regenval,"Nat, plassen",Dag,met lichtgewonden,3,Fiets,9,personenauto,Buiten Kruispunt,Gewestweg,buiten bebouwde kom,Tss. 2 best.: langs opzij (voor-/achterkant-flank),Geen hindernis
45171,38,Lommel teller 2,Lommel,51.23277,5.29189,0.41023711331935514,51.23266543601268,5.297779671453359,2024,2,12,72020,Lommel,Regenval,"Nat, plassen",Dag,met lichtgewonden,3,Fiets,9,personenauto,Buiten Kruispunt,Gewestweg,buiten bebouwde kom,Tss. 2 best.: langs opzij (voor-/achterkant-flank),Geen hindernis
45197,77,Leuven teller 2,Leuven,50.88672,4.70796,0.11948757183835501,50.887372806902164,4.706606975324709,2024,2,9,24062,Leuven,Normaal,Droog,Dag,met lichtgewonden,6,Bromfiets,3,Fiets,Op Kruispunt,Gewestweg,binnen bebouwde kom,Tussen 2 bestuurders: Frontale botsing,Geen hindernis
45197,107,leuven totem,Leuven,50.8870744,4.7087919,0.15681698950178513,50.887372806902164,4.706606975324709,2024,2,9,24062,Leuven,Normaal,Droog,Dag,met lichtgewonden,6,Bromfiets,3,Fiets,Op Kruispunt,Gewestweg,binnen bebouwde kom,Tussen 2 bestuurders: Frontale botsing,Geen hindernis
45200,107,leuven totem,Leuven,50.8870744,4.7087919,0.25861303158949883,50.885105332420366,4.710753840438766,2024,2,15,24062,Leuven,Normaal,Droog,Dag,met lichtgewonden,3,Fiets,8,Voetganger,Buiten Kruispunt,Gewestweg,binnen bebouwde kom,Met een voetganger,Geen hindernis
45200,77,Leuven teller 2,Leuven,50.88672,4.70796,0.2657931101759047,50.885105332420366,4.710753840438766,2024,2,15,24062,Leuven,Normaal,Droog,Dag,met lichtgewonden,3,Fiets,8,Voetganger,Buiten Kruispunt,Gewestweg,binnen bebouwde kom,Met een voetganger,Geen hindernis
45214,101,Diest teller 1,Diest,50.97799,5.04481,0.36188165890626744,50.98058909175015,5.047920958297797,2024,2,19,24020,Diest,Regenval,"Nat, plassen","Nacht, openbare verlichting aanwezig en ontstoken",met lichtgewonden,9,personenauto,3,Fiets,Op Kruispunt,Gewestweg,binnen bebouwde kom,Tss. 2 best.: langs opzij (voor-/achterkant-flank),Geen hindernis
45214,102,Diest teller 2,Diest,50.9779,5.04474,0.3728293283124854,50.98058909175015,5.047920958297797,2024,2,19,24020,Diest,Regenval,"Nat, plassen","Nacht, openbare verlichting aanwezig en ontstoken",met lichtgewonden,9,personenauto,3,Fiets,Op Kruispunt,Gewestweg,binnen bebouwde kom,Tss. 2 best.: langs opzij (voor-/achterkant-flank),Geen hindernis
45284,116,Melle teller 2,Melle,50.9986113,3.8040599,0.3577299054425415,51.001821784332,3.80373117904443,2024,2,7,44040,Melle,Normaal,Droog,Dag,met lichtgewonden,3,Fiets,5,Lichte vrachtauto,Buiten Kruispunt,Gewestweg,binnen bebouwde kom,Tussen 2 bestuurders: Flank tegen flank,Geen hindernis
45284,117,Melle teller 1,Melle,50.9986113,3.8040599,0.3577299054425415,51.001821784332,3.80373117904443,2024,2,7,44040,Melle,Normaal,Droog,Dag,met lichtgewonden,3,Fiets,5,Lichte vrachtauto,Buiten Kruispunt,Gewestweg,binnen bebouwde kom,Tussen 2 bestuurders: Flank tegen flank,Geen hindernis
45330,126,Hamme totem,Hamme,51.1017709,4.1469307,0.28055371236819243,51.10087640201196,4.1431736895535645,2024,2,9,42008,Hamme,Normaal,Droog,Dag,met lichtgewonden,9,personenauto,3,Fiets,Buiten Kruispunt,Gemeenteweg,binnen bebouwde kom,Tss. 2 best.: langs opzij (voor-/achterkant-flank),Geen hindernis
45387,15,Oostende 2,Oostende,51.21371,2.92743,0.44764852461305055,51.2098573881757,2.9292946460798737,2024,2,14,35013,Oostende,Regenval,"Nat, plassen",Dag,met lichtgewonden,9,personenauto,3,Fiets,Buiten Kruispunt,Gemeenteweg,binnen bebouwde kom,Tss. 2 best.: langs opzij (voor-/achterkant-flank),Geen hindernis
45387,18,Oostende 1,Oostende,51.21378,2.92765,0.45096849223736946,51.2098573881757,2.9292946460798737,2024,2,14,35013,Oostende,Regenval,"Nat, plassen",Dag,met lichtgewonden,9,personenauto,3,Fiets,Buiten Kruispunt,Gemeenteweg,binnen bebouwde kom,Tss. 2 best.: langs opzij (voor-/achterkant-flank),Geen hindernis
45392,55,Torhout teller 1,Torhout,51.07161,3.08261,0.1691470193552457,51.07282398063976,3.0811511748917675,2024,2,16,31033,Torhout,Normaal,Droog,Dag,met lichtgewonden,3,Fiets,9,personenauto,Op Kruispunt,Gemeenteweg,binnen bebouwde kom,Tussen 2 bestuurders: Frontale botsing,Geen hindernis
45392,56,Torhout teller 2,Torhout,51.07147,3.08244,0.17543005240724308,51.07282398063976,3.0811511748917675,2024,2,16,31033,Torhout,Normaal,Droog,Dag,met lichtgewonden,3,Fiets,9,personenauto,Op Kruispunt,Gemeenteweg,binnen bebouwde kom,Tussen 2 bestuurders: Frontale botsing,Geen hindernis
45415,143,Eco Display Classic Budastraat,Kortrijk,50.83066,3.26286,0.4393876897707166,50.82979341479138,3.268963847258534,2024,2,17,34022,Kortrijk,Onbekend,Onbekend,Dag,met lichtgewonden,3,Fiets,9,personenauto,Buiten Kruispunt,Gewestweg,binnen bebouwde kom,Tussen 2 bestuurders: Flank tegen flank,Geen hindernis
45443,42,Maasmechelen teller 2,Maasmechelen,50.97043,5.6981,0.42362849875988945,50.97206300734427,5.692633910017623,2024,2,16,73107,Maasmechelen,Normaal,Droog,Dag,met lichtgewonden,3,Fiets,9,personenauto,Op Kruispunt,Gemeenteweg,binnen bebouwde kom,Tss. 2 best.: langs opzij (voor-/achterkant-flank),Geen hindernis
45443,41,Maasmechelen teller 1,Maasmechelen,50.97025,5.69799,0.4257868369673791,50.97206300734427,5.692633910017623,2024,2,16,73107,Maasmechelen,Normaal,Droog,Dag,met lichtgewonden,3,Fiets,9,personenauto,Op Kruispunt,Gemeenteweg,binnen bebouwde kom,Tss. 2 best.: langs opzij (voor-/achterkant-flank),Geen hindernis
45459,25,Bree,Bree,51.13679500160176,5.597669323604317,0.30112758357162894,51.13618297821529,5.593465054524364,2024,2,18,72004,Bree,Normaal,"Nat, plassen","Nacht, openbare verlichting aanwezig en ontstoken",met lichtgewonden,3,Fiets,9,personenauto,Op Kruispunt,Gewestweg,buiten bebouwde kom,Tss. 2 best.: langs opzij (voor-/achterkant-flank),Geen hindernis
45473,23,Tienen 3,Tienen,50.81324,4.93447,0.4946987579936645,50.81401778534656,4.9275372596001,2024,2,8,24107,Tienen,Normaal,Proper,Dageraad - schemering,met lichtgewonden,3,Fiets,9,personenauto,Buiten Kruispunt,Gewestweg,binnen bebouwde kom,Tussen 2 bestuurders: Langs achteren,Geen hindernis
45483,99,Mechelen teller 1,Mechelen,51.04564,4.46882,0.2607662815857437,51.043748445552836,4.471024872310807,2024,2,13,12025,Mechelen,Normaal,Onbekend,Dag,met zwaargewonden,3,Fiets,8,Voetganger,Buiten Kruispunt,Gemeenteweg,binnen bebouwde kom,Met een voetganger,Geen hindernis
45483,100,Mechelen teller 2,Mechelen,51.0457,4.46883,0.26577252420152697,51.043748445552836,4.471024872310807,2024,2,13,12025,Mechelen,Normaal,Onbekend,Dag,met zwaargewonden,3,Fiets,8,Voetganger,Buiten Kruispunt,Gemeenteweg,binnen bebouwde kom,Met een voetganger,Geen hindernis
45490,99,Mechelen teller 1,Mechelen,51.04564,4.46882,0.42281687208176455,51.042210262604044,4.4662085479144835,2024,2,17,12025,Mechelen,Normaal,Droog,Dageraad - schemering,met zwaargewonden,9,personenauto,3,Fiets,Op Kruispunt,Gemeenteweg,binnen bebouwde kom,Tss. 2 best.: langs opzij (voor-/achterkant-flank),Geen hindernis
45490,100,Mechelen teller 2,Mechelen,51.0457,4.46883,0.42914228042706204,51.042210262604044,4.4662085479144835,2024,2,17,12025,Mechelen,Normaal,Droog,Dageraad - schemering,met zwaargewonden,9,personenauto,3,Fiets,Op Kruispunt,Gemeenteweg,binnen bebouwde kom,Tss. 2 best.: langs opzij (voor-/achterkant-flank),Geen hindernis
45495,115,Aalter,Aalter,51.1058367,3.4350591,0.4813093011983142,51.10216132504501,3.4387004167260224,2024,2,7,44084,Aalter,Regenval,"Nat, plassen",Dag,met lichtgewonden,9,personenauto,3,Fiets,Op Kruispunt,Gewestweg,binnen bebouwde kom,Tss. 2 best.: langs opzij (voor-/achterkant-flank),Geen hindernis
45654,5,Balen 2,Balen,51.16018,5.19003,0.30998746407820976,51.16190954055919,5.1865436300019025,2024,3,14,13003,Balen,Normaal,Droog,Dag,met lichtgewonden,9,personenauto,3,Fiets,Op Kruispunt,Gewestweg,buiten bebouwde kom,Tss. 2 best.: langs opzij (voor-/achterkant-flank),Geen hindernis
45654,4,Balen 1,Balen,51.16023,5.19011,0.3110117707731504,51.16190954055919,5.1865436300019025,2024,3,14,13003,Balen,Normaal,Droog,Dag,met lichtgewonden,9,personenauto,3,Fiets,Op Kruispunt,Gewestweg,buiten bebouwde kom,Tss. 2 best.: langs opzij (voor-/achterkant-flank),Geen hindernis
45672,46,Pelt teller 2,Pelt,51.231,5.44375,0.21390521993073058,51.2298490281414,5.441288469369537,2024,3,21,72043,Pelt,Normaal,Droog,"Nacht, openbare verlichting aanwezig en ontstoken",met lichtgewonden,9,personenauto,3,Fiets,Op Kruispunt,Gewestweg,binnen bebouwde kom,Tss. 2 best.: langs opzij (voor-/achterkant-flank),Geen hindernis
45672,45,Pelt teller 1,Pelt,51.23127,5.44377,0.23413810740303542,51.2298490281414,5.441288469369537,2024,3,21,72043,Pelt,Normaal,Droog,"Nacht, openbare verlichting aanwezig en ontstoken",met lichtgewonden,9,personenauto,3,Fiets,Op Kruispunt,Gewestweg,binnen bebouwde kom,Tss. 2 best.: langs opzij (voor-/achterkant-flank),Geen hindernis
45707,69,Leuven teller 1,Leuven,50.87549,4.71526,0.4242868515728357,50.87644982325038,4.7094073788612905,2024,3,12,24062,Leuven,Normaal,Droog,Dag,met lichtgewonden,9,personenauto,3,Fiets,Op Kruispunt,Gemeenteweg,binnen bebouwde kom,Tss. 2 best.: langs opzij (voor-/achterkant-flank),Geen hindernis
45740,145,Overijse,District Vilvoorde-gewestwegen,50.7885856,4.4908759,0.19567692380890406,50.79028152344366,4.490132909744301,2024,3,18,23062,Overijse,Normaal,"Nat, plassen",Dag,met zwaargewonden,9,personenauto,3,Fiets,Buiten Kruispunt,Gewestweg,buiten bebouwde kom,Tss. 2 best.: langs opzij (voor-/achterkant-flank),Geen hindernis