crash_row_id,site_id,site_name,site_gemeente,site_lat,site_long,distance_km,crash_lat,crash_long,DT_YEAR_COLLISION,DT_MONTH_COLLISION,DT_TIME,CD_NIS,TX_MUNTY_COLLISION_NL,TX_WEATHER_NL,TX_ROAD_CONDITION_NL,TX_LIGHT_CONDITION_NL,TX_CLASS_ACCIDENTS_NL,CD_ROAD_USR_TYPE1,TX_ROAD_USR_TYPE1_NL,CD_ROAD_USR_TYPE2,TX_ROAD_USR_TYPE2_NL,TX_CROSSWAY_NL,CD_ROAD_TYPE_NL,TX_BUILD_UP_AREA_NL,TX_COLLISION_TYPE_NL,TX_OBSTACLES_NL
45740,146,Overijse 2,District Vilvoorde-gewestwegen,50.7881478,4.4902818,0.23748995661766006,50.79028152344366,4.490132909744301,2024,3,18,23062,Overijse,Normaal,"Nat, plassen",Dag,met zwaargewonden,9,personenauto,3,Fiets,Buiten Kruispunt,Gewestweg,buiten bebouwde kom,Tss. 2 best.: langs opzij (voor-/achterkant-flank),Geen hindernis
45994,143,Eco Display Classic Budastraat,Kortrijk,50.83066,3.26286,0.3588521258834997,50.82930321734141,3.2582240579880715,2024,3,9,34022,Kortrijk,Onbekend,Droog,Dag,met lichtgewonden,9,personenauto,3,Fiets,Buiten Kruispunt,Gemeenteweg,binnen bebouwde kom,Tussen 2 bestuurders: Langs achteren,Geen hindernis
46033,41,Maasmechelen teller 1,Maasmechelen,50.97025,5.69799,0.42028521494773546,50.96803707317433,5.693124203283758,2024,3,12,73107,Maasmechelen,Onbekend,Onbekend,Dag,met lichtgewonden,3,Fiets,11,een weggebruiker tegen een hindernis,Op Kruispunt,Gemeenteweg,binnen bebouwde kom,Weggebruiker tegen hindernis op de rijbaan,Op de rijbaan: Dier (wild dier)
46033,42,Maasmechelen teller 2,Maasmechelen,50.97043,5.6981,0.4384040262860752,50.96803707317433,5.693124203283758,2024,3,12,73107,Maasmechelen,Onbekend,Onbekend,Dag,met lichtgewonden,3,Fiets,11,een weggebruiker tegen een hindernis,Op Kruispunt,Gemeenteweg,binnen bebouwde kom,Weggebruiker tegen hindernis op de rijbaan,Op de rijbaan: Dier (wild dier)
46058,140,Hasselt ring,Hasselt,50.9300038,5.3438616,0.4514515686143987,50.93373794191792,5.346390261523545,2024,3,9,71022,Hasselt,Onbekend,Onbekend,Dag,met lichtgewonden,3,Fiets,3,Fiets,Op Kruispunt,Gewestweg,buiten bebouwde kom,Tss. 2 best.: langs opzij (voor-/achterkant-flank),Geen hindernis
46107,115,Aalter,Aalter,51.1058367,3.4350591,0.49621892644563276,51.10245375232129,3.430423997300032,2024,3,14,44084,Aalter,Normaal,Droog,Dag,met lichtgewonden,3,Fiets,9,personenauto,Buiten Kruispunt,Gemeenteweg,buiten bebouwde kom,Tussen 2 bestuurders: Frontale botsing,Geen hindernis
46262,110,Herentals totem,Herentals,51.1739426,4.811783,0.2420275760325945,51.17535343824524,4.809139317558504,2024,4,11,13011,Herentals,Normaal,Droog,Dag,met lichtgewonden,3,Fiets,3,Fiets,Buiten Kruispunt,Gemeenteweg,buiten bebouwde kom,Tussen 2 bestuurders: Frontale botsing,Geen hindernis
46262,94,Herentals teller 2,Herentals,51.17345,4.81283,0.333160489435306,51.17535343824524,4.809139317558504,2024,4,11,13011,Herentals,Normaal,Droog,Dag,met lichtgewonden,3,Fiets,3,Fiets,Buiten Kruispunt,Gemeenteweg,buiten bebouwde kom,Tussen 2 bestuurders: Frontale botsing,Geen hindernis
46282,69,Leuven teller 1,Leuven,50.87549,4.71526,0.48185112921520384,50.879822887818634,4.715155311415388,2024,4,13,24062,Leuven,Normaal,Droog,Dag,met lichtgewonden,3,Fiets,3,Fiets,Buiten Kruispunt,Gewestweg,binnen bebouwde kom,Tussen 2 bestuurders: Frontale botsing,Geen hindernis
46283,69,Leuven teller 1,Leuven,50.87549,4.71526,0.36704972408429715,50.87278788879682,4.718264671953088,2024,4,19,24062,Leuven,Normaal,Proper,Dag,met zwaargewonden,9,personenauto,3,Fiets,Op Kruispunt,Gewestweg,buiten bebouwde kom,Tss. 2 best.: langs opzij (voor-/achterkant-flank),Geen hindernis
46285,69,Leuven teller 1,Leuven,50.87549,4.71526,0.36704972408429715,50.87278788879682,4.718264671953088,2024,4,22,24062,Leuven,Normaal,"Nat, plassen","Nacht, openbare verlichting aanwezig en ontstoken",met lichtgewonden,9,personenauto,3,Fiets,Op Kruispunt,Gewestweg,binnen bebouwde kom,Tss. 2 best.: langs opzij (voor-/achterkant-flank),Geen hindernis
46288,151,Leuven,District Leuven,50.8690262,4.6854839,0.42313605857755215,50.87217779954254,4.6888632771117456,2024,4,8,24062,Leuven,Normaal,Droog,Dag,met lichtgewonden,3,Fiets,9,personenauto,Buiten Kruispunt,Gemeenteweg,binnen bebouwde kom,Tussen 2 bestuurders: Flank tegen flank,Geen hindernis
46289,69,Leuven teller 1,Leuven,50.87549,4.71526,0.46592760722426935,50.87215249021381,4.719274887137502,2024,4,17,24062,Leuven,Normaal,Droog,Dag,met lichtgewonden,3,Fiets,3,Fiets,Buiten Kruispunt,Gemeenteweg,binnen bebouwde kom,Tss. 2 best.: langs opzij (voor-/achterkant-flank),Geen hindernis
46294,151,Leuven,District Leuven,50.8690262,4.6854839,0.4885349218577215,50.872075206426956,4.6904964450945394,2024,4,8,24062,Leuven,Normaal,Droog,Dag,met zwaargewonden,4,Vrachtwagen,3,Fiets,Op Kruispunt,Gewestweg,binnen bebouwde kom,Tussen 2 bestuurders: Frontale botsing,Geen hindernis
46471,122,Dendermonde teller 2,Dendermonde,51.0373918,4.1019222,0.10313202507006317,51.038280530139936,4.102344139163303,2024,4,15,42006,Dendermonde,Normaal,Droog,Dag,met lichtgewonden,9,personenauto,3,Fiets,Buiten Kruispunt,Gewestweg,binnen bebouwde kom,Tss. 2 best.: langs opzij (voor-/achterkant-flank),Geen hindernis
46471,125,Dendermonde totem,Dendermonde,51.0372706,4.1025998,0.1137129556957524,51.038280530139936,4.102344139163303,2024,4,15,42006,Dendermonde,Normaal,Droog,Dag,met lichtgewonden,9,personenauto,3,Fiets,Buiten Kruispunt,Gewestweg,binnen bebouwde kom,Tss. 2 best.: langs opzij (voor-/achterkant-flank),Geen hindernis
46497,60,Ardooie teller 2,Ardooie,50.96783,3.18411,0.4531380456911908,50.97173053776706,3.1822359110310585,2024,4,8,37020,Ardooie,Normaal,Droog,Dag,met zwaargewonden,3,Fiets,9,personenauto,Buiten Kruispunt,Gemeenteweg,buiten bebouwde kom,Tussen 2 bestuurders: Langs achteren,Geen hindernis
46497,59,Ardooie teller 1,Ardooie,50.96784,3.18479,0.46811865164445465,50.97173053776706,3.1822359110310585,2024,4,8,37020,Ardooie,Normaal,Droog,Dag,met zwaargewonden,3,Fiets,9,personenauto,Buiten Kruispunt,Gemeenteweg,buiten bebouwde kom,Tussen 2 bestuurders: Langs achteren,Geen hindernis
46503,15,Oostende 2,Oostende,51.21371,2.92743,0.4613066351274308,51.2099590603239,2.9302593907397707,2024,4,8,35013,Oostende,Normaal,Droog,Dag,met lichtgewonden,9,personenauto,3,Fiets,Op Kruispunt,Gemeenteweg,binnen bebouwde kom,Tss. 2 best.: langs opzij (voor-/achterkant-flank),Geen hindernis
46503,18,Oostende 1,Oostende,51.21378,2.92765,0.46211633061521173,51.2099590603239,2.9302593907397707,2024,4,8,35013,Oostende,Normaal,Droog,Dag,met lichtgewonden,9,personenauto,3,Fiets,Op Kruispunt,Gemeenteweg,binnen bebouwde kom,Tss. 2 best.: langs opzij (voor-/achterkant-flank),Geen hindernis
46508,65,Nieuwpoort teller 2,Nieuwpoort,51.13435,2.75511,0.26711177362601507,51.13598676744499,2.757912096309663,2024,4,15,38016,Nieuwpoort,Normaal,Droog,Dag,met lichtgewonden,3,Fiets,9,personenauto,Op Kruispunt,Gewestweg,buiten bebouwde kom,Tussen 2 bestuurders: Flank tegen flank,Geen hindernis
46508,64,Nieuwpoort teller 1,Nieuwpoort,51.13359,2.75737,0.2691790829948229,51.13598676744499,2.757912096309663,2024,4,15,38016,Nieuwpoort,Normaal,Droog,Dag,met lichtgewonden,3,Fiets,9,personenauto,Op Kruispunt,Gewestweg,buiten bebouwde kom,Tussen 2 bestuurders: Flank tegen flank,Geen hindernis
46539,17,Kortrijk 2,Kortrijk,50.83339,3.27773,0.38926142590149354,50.83402448146183,3.2722789554246483,2024,4,18,34022,Kortrijk,Onbekend,Onbekend,Dag,met lichtgewonden,8,Voetganger,3,Fiets,Buiten Kruispunt,Gemeenteweg,binnen bebouwde kom,Met een voetganger,Geen hindernis
46539,16,Kortrijk 1,Kortrijk,50.83332,3.27777,0.39349991489950936,50.83402448146183,3.2722789554246483,2024,4,18,34022,Kortrijk,Onbekend,Onbekend,Dag,met lichtgewonden,8,Voetganger,3,Fiets,Buiten Kruispunt,Gemeenteweg,binnen bebouwde kom,Met een voetganger,Geen hindernis
46559,68,Ieper,Ieper,50.85032,2.85608,0.37544595972482353,50.851175727435695,2.8509065339908854,2024,4,9,33011,Ieper,Normaal,Droog,Dag,met lichtgewonden,3,Fiets,10,"één bestuurder, geen hindernis",Buiten Kruispunt,Gewestweg,buiten bebouwde kom,"Eén bestuurder, geen hindernis (incl. val)",Geen hindernis
46559,67,Ieper totem,Ieper,50.85018,2.85624,0.390448503317598,50.851175727435695,2.8509065339908854,2024,4,9,33011,Ieper,Normaal,Droog,Dag,met lichtgewonden,3,Fiets,10,"één bestuurder, geen hindernis",Buiten Kruispunt,Gewestweg,buiten bebouwde kom,"Eén bestuurder, geen hindernis (incl. val)",Geen hindernis
46573,124,Beveren teller 2,Beveren,51.1964712,4.2361077,0.05894547748349357,51.19700121336239,4.2360915969465065,2024,4,23,46003,Beveren,Regenval,"Nat, plassen","Nacht, openbare verlichting aanwezig en ontstoken",met zwaargewonden,3,Fiets,11,een weggebruiker tegen een hindernis,Buiten Kruispunt,Gemeenteweg,buiten bebouwde kom,Weggebruiker tegen hindernis buiten rijbaan,Buiten de rijbaan: Andere paal
46577,138,Hasselt-Kempische brug,Hasselt,50.9405318,5.3422472,0.3724165361340163,50.939095473881174,5.3374456992179935,2024,4,17,71022,Hasselt,Normaal,Droog,Dag,met lichtgewonden,3,Fiets,3,Fiets,Buiten Kruispunt,Gemeenteweg,binnen bebouwde kom,Tss. 2 best.: langs opzij (voor-/achterkant-flank),Geen hindernis
46577,137,Hasselt-Kempische brug,Hasselt,50.9411605,5.3417576,0.37947926014722927,50.939095473881174,5.3374456992179935,2024,4,17,71022,Hasselt,Normaal,Droog,Dag,met lichtgewonden,3,Fiets,3,Fiets,Buiten Kruispunt,Gemeenteweg,binnen bebouwde kom,Tss. 2 best.: langs opzij (voor-/achterkant-flank),Geen hindernis
46612,24,Tienen 1,Tienen,50.8133795491886,4.935044252605416,0.034249910040746456,50.81307182432447,4.9350654732827,2024,4,17,24107,Tienen,Normaal,Droog,Dag,met lichtgewonden,9,personenauto,3,Fiets,Op Kruispunt,Gewestweg,binnen bebouwde kom,Tss. 2 best.: langs opzij (voor-/achterkant-flank),Geen hindernis
46612,23,Tienen 3,Tienen,50.81324,4.93447,0.045826283805537445,50.81307182432447,4.9350654732827,2024,4,17,24107,Tienen,Normaal,Droog,Dag,met lichtgewonden,9,personenauto,3,Fiets,Op Kruispunt,Gewestweg,binnen bebouwde kom,Tss. 2 best.: langs opzij (voor-/achterkant-flank),Geen hindernis
46612,22,Tienen 2,Tienen,50.81330800184882,4.935984252796022,0.06968975775901734,50.81307182432447,4.9350654732827,2024,4,17,24107,Tienen,Normaal,Droog,Dag,met lichtgewonden,9,personenauto,3,Fiets,Op Kruispunt,Gewestweg,binnen bebouwde kom,Tss. 2 best.: langs opzij (voor-/achterkant-flank),Geen hindernis
46640,115,Aalter,Aalter,51.1058367,3.4350591,0.33700732334818684,51.10322842321805,3.4375173528413643,2024,4,0,44084,Aalter,Normaal,Droog,"Nacht, openbare verlichting aanwezig en ontstoken",met zwaargewonden,3,Fiets,11,een weggebruiker tegen een hindernis,Buiten Kruispunt,Gewestweg,binnen bebouwde kom,Weggebruiker tegen hindernis op de rijbaan,"Op de rijbaan: Put, straatgoot, tramspoor"
46836,88,Westerlo teller 1,Westerlo,51.082,4.91325,0.09000094064025192,51.08277093069886,4.9128575182116005,2024,5,15,13049,Westerlo,Normaal,Droog,Dag,met zwaargewonden,3,Fiets,3,Fiets,Op Kruispunt,Gewestweg,binnen bebouwde kom,Tussen 2 bestuurders: Frontale botsing,Geen hindernis
46836,89,Westerlo teller 2,Westerlo,51.08191,4.91334,0.10149052371023531,51.08277093069886,4.9128575182116005,2024,5,15,13049,Westerlo,Normaal,Droog,Dag,met zwaargewonden,3,Fiets,3,Fiets,Op Kruispunt,Gewestweg,binnen bebouwde kom,Tussen 2 bestuurders: Frontale botsing,Geen hindernis
46857,38,Lommel teller 2,Lommel,51.23277,5.29189,0.4974962233956807,51.22893304847294,5.28821512139098,2024,5,18,72020,Lommel,Normaal,Droog,Dag,met lichtgewonden,9,personenauto,3,Fiets,Op Kruispunt,Gemeenteweg,binnen bebouwde kom,Tss. 2 best.: langs opzij (voor-/achterkant-flank),Geen hindernis
46859,37,Lommel teller 1,Lommel,51.23299,5.29211,0.08068944794526463,51.232944934016956,5.29326667299329,2024,5,13,72020,Lommel,Normaal,Droog,Dag,met lichtgewonden,3,Fiets,9,personenauto,Buiten Kruispunt,Gewestweg,buiten bebouwde kom,Tss. 2 best.: langs opzij (voor-/achterkant-flank),Geen hindernis
46859,38,Lommel teller 2,Lommel,51.23277,5.29189,0.09780531202260152,51.232944934016956,5.29326667299329,2024,5,13,72020,Lommel,Normaal,Droog,Dag,met lichtgewonden,3,Fiets,9,personenauto,Buiten Kruispunt,Gewestweg,buiten bebouwde kom,Tss. 2 best.: langs opzij (voor-/achterkant-flank),Geen hindernis
46891,151,Leuven,District Leuven,50.8690262,4.6854839,0.4885349218577215,50.872075206426956,4.6904964450945394,2024,5,11,24062,Leuven,Regenval,"Nat, plassen",Dag,met lichtgewonden,9,personenauto,3,Fiets,Op Kruispunt,Gewestweg,binnen bebouwde kom,Tss. 2 best.: langs opzij (voor-/achterkant-flank),Geen hindernis
46893,107,leuven totem,Leuven,50.8870744,4.7087919,0.09124006759560996,50.88653942239095,4.709778123625972,2024,5,8,24062,Leuven,Normaal,Droog,Dag,met lichtgewonden,3,Fiets,3,Fiets,Buiten Kruispunt,Gewestweg,binnen bebouwde kom,Tussen 2 bestuurders: Langs achteren,Geen hindernis
46893,77,Leuven teller 2,Leuven,50.88672,4.70796,0.12910883945700738,50.88653942239095,4.709778123625972,2024,5,8,24062,Leuven,Normaal,Droog,Dag,met lichtgewonden,3,Fiets,3,Fiets,Buiten Kruispunt,Gewestweg,binnen bebouwde kom,Tussen 2 bestuurders: Langs achteren,Geen hindernis
46894,107,leuven totem,Leuven,50.8870744,4.7087919,0.2909199183332885,50.885538010391784,4.712148705454826,2024,5,23,24062,Leuven,Normaal,Droog,"Nacht, openbare verlichting aanwezig en ontstoken",met lichtgewonden,3,Fiets,10,"één bestuurder, geen hindernis",Buiten Kruispunt,Gewestweg,binnen bebouwde kom,"Eén bestuurder, geen hindernis (incl. val)",Geen hindernis
46894,77,Leuven teller 2,Leuven,50.88672,4.70796,0.32188802661323035,50.885538010391784,4.712148705454826,2024,5,23,24062,Leuven,Normaal,Droog,"Nacht, openbare verlichting aanwezig en ontstoken",met lichtgewonden,3,Fiets,10,"één bestuurder, geen hindernis",Buiten Kruispunt,Gewestweg,binnen bebouwde kom,"Eén bestuurder, geen hindernis (incl. val)",Geen hindernis
46895,69,Leuven teller 1,Leuven,50.87549,4.71526,0.42483575669619056,50.87257842914785,4.719180387567584,2024,5,17,24062,Leuven,Normaal,Droog,Dag,met lichtgewonden,3,Fiets,9,personenauto,Op Kruispunt,Gewestweg,binnen bebouwde kom,Tss. 2 best.: langs opzij (voor-/achterkant-flank),Geen hindernis
46896,151,Leuven,District Leuven,50.8690262,4.6854839,0.4885349218577215,50.872075206426956,4.6904964450945394,2024,5,22,24062,Leuven,Regenval,"Nat, plassen","Nacht, openbare verlichting aanwezig en ontstoken",met lichtgewonden,9,personenauto,3,Fiets,Op Kruispunt,Gewestweg,buiten bebouwde kom,Tss. 2 best.: langs opzij (voor-/achterkant-flank),Geen hindernis
46902,69,Leuven teller 1,Leuven,50.87549,4.71526,0.44322236216215505,50.87658013895392,4.709183893731451,2024,5,8,24062,Leuven,Normaal,Droog,Dag,met lichtgewonden,3,Fiets,8,Voetganger,Buiten Kruispunt,Gemeenteweg,binnen bebouwde kom,Met een voetganger,Geen hindernis
46909,151,Leuven,District Leuven,50.8690262,4.6854839,0.3514843119418819,50.865996654650274,4.684054676481948,2024,5,17,24062,Leuven,Onbekend,Onbekend,Dag,met lichtgewonden,3,Fiets,3,Fiets,Buiten Kruispunt,Gemeenteweg,buiten bebouwde kom,Tussen 2 bestuurders: Frontale botsing,Geen hindernis
46939,86,Asse teller 2,Asse,50.89132,4.1709,0.29650924040765597,50.88877299895753,4.1696483555842905,2024,5,5,23002,Asse,Normaal,Proper,Dageraad - schemering,met lichtgewonden,9,personenauto,3,Fiets,Op Kruispunt,Gewestweg,binnen bebouwde kom,Tss. 2 best.: langs opzij (voor-/achterkant-flank),Geen hindernis
46941,85,Asse teller 1,Asse,50.89621,4.17294,0.24214427931159732,50.89744793768168,4.175780508858992,2024,5,13,23002,Asse,Normaal,Droog,Dag,met lichtgewonden,1,Autobus,3,Fiets,Op Kruispunt,Gewestweg,binnen bebouwde kom,Tussen 2 bestuurders: Flank tegen flank,Geen hindernis
46967,119,Gent teller 2,Gent,51.0281795,3.7683918,0.49032140712284655,51.02476460190718,3.772827299576516,2024,5,12,44040,Melle,Normaal,Droog,Dag,met lichtgewonden,9,personenauto,3,Fiets,Op Kruispunt,Gewestweg,buiten bebouwde kom,Tss. 2 best.: langs opzij (voor-/achterkant-flank),Geen hindernis
46967,118,Gent teller 1,Gent,51.028049,3.7681359,0.49094765828707226,51.02476460190718,3.772827299576516,2024,5,12,44040,Melle,Normaal,Droog,Dag,met lichtgewonden,9,personenauto,3,Fiets,Op Kruispunt,Gewestweg,buiten bebouwde kom,Tss. 2 best.: langs opzij (voor-/achterkant-flank),Geen hindernis
46978,119,Gent teller 2,Gent,51.0281795,3.7683918,0.37631360771430356,51.02557532300262,3.7718282502694196,2024,5,11,44040,Melle,Normaal,Droog,Dag,met lichtgewonden,3,Fiets,9,personenauto,Buiten Kruispunt,Gewestweg,buiten bebouwde kom,Tss. 2 best.: langs opzij (voor-/achterkant-flank),Geen hindernis
46978,118,Gent teller 1,Gent,51.028049,3.7681359,0.377281721507567,51.02557532300262,3.7718282502694196,2024,5,11,44040,Melle,Normaal,Droog,Dag,met lichtgewonden,3,Fiets,9,personenauto,Buiten Kruispunt,Gewestweg,buiten bebouwde kom,Tss. 2 best.: langs opzij (voor-/achterkant-flank),Geen hindernis
47008,116,Melle teller 2,Melle,50.9986113,3.8040599,0.2627841282461085,51.00075642037826,3.8056357608351483,2024,5,19,44040,Melle,Normaal,"Nat, plassen",Dag,met zwaargewonden,3,Fiets,5,Lichte vrachtauto,Op Kruispunt,Gewestweg,binnen bebouwde kom,Tss. 2 best.: langs opzij (voor-/achterkant-flank),Geen hindernis
47008,117,Melle teller 1,Melle,50.9986113,3.8040599,0.2627841282461085,51.00075642037826,3.8056357608351483,2024,5,19,44040,Melle,Normaal,"Nat, plassen",Dag,met zwaargewonden,3,Fiets,5,Lichte vrachtauto,Op Kruispunt,Gewestweg,binnen bebouwde kom,Tss. 2 best.: langs opzij (voor-/achterkant-flank),Geen hindernis
47021,7,Evergem 1,Evergem,51.1089,3.70317,0.3765126129624973,51.111679249951955,3.7062508186656493,2024,5,8,44019,Evergem,Normaal,Droog,Dag,met lichtgewonden,3,Fiets,3,Fiets,Buiten Kruispunt,Gemeenteweg,binnen bebouwde kom,Tss. 2 best.: langs opzij (voor-/achterkant-flank),Geen hindernis
47021,6,Evergem 2,Evergem,51.10894,3.70298,0.38067551793518306,51.111679249951955,3.7062508186656493,2024,5,8,44019,Evergem,Normaal,Droog,Dag,met lichtgewonden,3,Fiets,3,Fiets,Buiten Kruispunt,Gemeenteweg,binnen bebouwde kom,Tss. 2 best.: langs opzij (voor-/achterkant-flank),Geen hindernis
47076,121,Zele teller 2,Zele,51.0604067,4.0556696,0.023385504961761002,51.06032573275769,4.055360769368938,2024,5,18,42028,Zele,Normaal,Droog,Dag,met lichtgewonden,9,personenauto,3,Fiets,Op Kruispunt,Gemeenteweg,buiten bebouwde kom,Tss. 2 best.: langs opzij (voor-/achterkant-flank),Geen hindernis
47076,120,Zele teller 1,Zele,51.0607671,4.0547741,0.0639501556460159,51.06032573275769,4.055360769368938,2024,5,18,42028,Zele,Normaal,Droog,Dag,met lichtgewonden,9,personenauto,3,Fiets,Op Kruispunt,Gemeenteweg,buiten bebouwde kom,Tss. 2 best.: langs opzij (voor-/achterkant-flank),Geen hindernis
47103,122,Dendermonde teller 2,Dendermonde,51.0373918,4.1019222,0.06211947601359034,51.03785255502595,4.102424592999872,2024,5,17,42006,Dendermonde,Normaal,Droog,Dag,met zwaargewonden,5,Lichte vrachtauto,3,Fiets,Buiten Kruispunt,Gewestweg,binnen bebouwde kom,Tss. 2 best.: langs opzij (voor-/achterkant-flank),Geen hindernis
47103,125,Dendermonde totem,Dendermonde,51.0372706,4.1025998,0.06585983917597549,51.03785255502595,4.102424592999872,2024,5,17,42006,Dendermonde,Normaal,Droog,Dag,met zwaargewonden,5,Lichte vrachtauto,3,Fiets,Buiten Kruispunt,Gewestweg,binnen bebouwde kom,Tss. 2 best.: langs opzij (voor-/achterkant-flank),Geen hindernis
47127,54,Brugge teller 2,Brugge,51.23015,3.22818,0.4259334456955406,51.22701481549333,3.231694417638732,2024,5,7,31005,Brugge,Normaal,Droog,Dag,met lichtgewonden,9,personenauto,3,Fiets,Op Kruispunt,Gemeenteweg,binnen bebouwde kom,Tss. 2 best.: langs opzij (voor-/achterkant-flank),Geen hindernis
47127,53,Brugge teller 1,Brugge,51.23023,3.228,0.4404453696815302,51.22701481549333,3.231694417638732,2024,5,7,31005,Brugge,Normaal,Droog,Dag,met lichtgewonden,9,personenauto,3,Fiets,Op Kruispunt,Gemeenteweg,binnen bebouwde kom,Tss. 2 best.: langs opzij (voor-/achterkant-flank),Geen hindernis
47130,142,TEST Validatie BRUGGE Y2H22022134,Brugge,51.22632,3.24095,0.22859528529888246,51.22458661988611,3.239185037288153,2024,5,21,31005,Brugge,Normaal,Droog,Dageraad - schemering,met lichtgewonden,3,Fiets,9,personenauto,Buiten Kruispunt,Gewestweg,binnen bebouwde kom,Tss. 2 best.: langs opzij (voor-/achterkant-flank),Geen hindernis
47130,52,Brugge,Brugge,51.22632,3.24095,0.22859528529888246,51.22458661988611,3.239185037288153,2024,5,21,31005,Brugge,Normaal,Droog,Dageraad - schemering,met lichtgewonden,3,Fiets,9,personenauto,Buiten Kruispunt,Gewestweg,binnen bebouwde kom,Tss. 2 best.: langs opzij (voor-/achterkant-flank),Geen hindernis
47172,57,Meulebeke teller 1,Meulebeke,50.96056,3.24491,0.45256942266248856,50.96458166238644,3.2439164581493705,2024,5,16,37007,Meulebeke,Normaal,Droog,Dag,met lichtgewonden,9,personenauto,3,Fiets,Buiten Kruispunt,Gewestweg,buiten bebouwde kom,Tss. 2 best.: langs opzij (voor-/achterkant-flank),Geen hindernis
47172,58,Meulebeke teller 2,Meulebeke,50.96021,3.24471,0.4892732034771072,50.96458166238644,3.2439164581493705,2024,5,16,37007,Meulebeke,Normaal,Droog,Dag,met lichtgewonden,9,personenauto,3,Fiets,Buiten Kruispunt,Gewestweg,buiten bebouwde kom,Tss. 2 best.: langs opzij (voor-/achterkant-flank),Geen hindernis
47182,17,Kortrijk 2,Kortrijk,50.83339,3.27773,0.33521335497276455,50.83240062732361,3.273221224846639,2024,5,8,34022,Kortrijk,Normaal,Droog,Dag,met lichtgewonden,3,Fiets,3,Fiets,Op Kruispunt,Gewestweg,binnen bebouwde kom,Tussen 2 bestuurders: Flank tegen flank,Geen hindernis
47182,16,Kortrijk 1,Kortrijk,50.83332,3.27777,0.33541472304802095,50.83240062732361,3.273221224846639,2024,5,8,34022,Kortrijk,Normaal,Droog,Dag,met lichtgewonden,3,Fiets,3,Fiets,Op Kruispunt,Gewestweg,binnen bebouwde kom,Tussen 2 bestuurders: Flank tegen flank,Geen hindernis
47183,143,Eco Display Classic Budastraat,Kortrijk,50.83066,3.26286,0.43820676134940467,50.82700650871806,3.260521065795795,2024,5,16,34022,Kortrijk,Normaal,Droog,Dag,met zwaargewonden,3,Fiets,3,Fiets,Buiten Kruispunt,Gemeenteweg,binnen bebouwde kom,Tss. 2 best.: langs opzij (voor-/achterkant-flank),Geen hindernis
47186,17,Kortrijk 2,Kortrijk,50.83339,3.27773,0.4631887178118779,50.834844657814166,3.2715496494621257,2024,5,13,34022,Kortrijk,Onbekend,Droog,Dag,met lichtgewonden,3,Fiets,9,personenauto,Buiten Kruispunt,Gemeenteweg,binnen bebouwde kom,Tussen 2 bestuurders: Frontale botsing,Geen hindernis
47186,16,Kortrijk 1,Kortrijk,50.83332,3.27777,0.4685819174018187,50.834844657814166,3.2715496494621257,2024,5,13,34022,Kortrijk,Onbekend,Droog,Dag,met lichtgewonden,3,Fiets,9,personenauto,Buiten Kruispunt,Gemeenteweg,binnen bebouwde kom,Tussen 2 bestuurders: Frontale botsing,Geen hindernis
47187,17,Kortrijk 2,Kortrijk,50.83339,3.27773,0.4386858218166865,50.83383667500307,3.2715235616951026,2024,5,11,34022,Kortrijk,Normaal,Droog,Dag,met lichtgewonden,3,Fiets,9,personenauto,Buiten Kruispunt,Gewestweg,binnen bebouwde kom,Tss. 2 best.: langs opzij (voor-/achterkant-flank),Geen hindernis
47187,16,Kortrijk 1,Kortrijk,50.83332,3.27777,0.4424206162674596,50.83383667500307,3.2715235616951026,2024,5,11,34022,Kortrijk,Normaal,Droog,Dag,met lichtgewonden,3,Fiets,9,personenauto,Buiten Kruispunt,Gewestweg,binnen bebouwde kom,Tss. 2 best.: langs opzij (voor-/achterkant-flank),Geen hindernis
47251,138,Hasselt-Kempische brug,Hasselt,50.9405318,5.3422472,0.31513579414323045,50.93784039482838,5.3408381540648895,2024,5,13,71022,Hasselt,Regenval,"Nat, plassen",Dag,met lichtgewonden,9,personenauto,3,Fiets,Op Kruispunt,Gewestweg,binnen bebouwde kom,Tss. 2 best.: langs opzij (voor-/achterkant-flank),Geen hindernis
47251,137,Hasselt-Kempische brug,Hasselt,50.9411605,5.3417576,0.3747579144255165,50.93784039482838,5.3408381540648895,2024,5,13,71022,Hasselt,Regenval,"Nat, plassen",Dag,met lichtgewonden,9,personenauto,3,Fiets,Op Kruispunt,Gewestweg,binnen bebouwde kom,Tss. 2 best.: langs opzij (voor-/achterkant-flank),Geen hindernis
47253,140,Hasselt ring,Hasselt,50.9300038,5.3438616,0.32891211969503287,50.93038974050118,5.339208503281821,2024,5,12,71022,Hasselt,Normaal,Droog,Dag,met lichtgewonden,3,Fiets,3,Fiets,Op Kruispunt,Gemeenteweg,binnen bebouwde kom,Tss. 2 best.: langs opzij (voor-/achterkant-flank),Geen hindernis
47268,49,Bokrijk,Genk,50.95264,5.41001,0.44878347481562153,50.9566058664212,5.408820721592287,2024,5,15,71016,Genk,Normaal,Droog,Dag,met lichtgewonden,3,Fiets,3,Fiets,Buiten Kruispunt,Gewestweg,buiten bebouwde kom,Tss. 2 best.: langs opzij (voor-/achterkant-flank),Geen hindernis