crash_row_id,site_id,site_name,site_gemeente,site_lat,site_long,distance_km,crash_lat,crash_long,DT_YEAR_COLLISION,DT_MONTH_COLLISION,DT_TIME,CD_NIS,TX_MUNTY_COLLISION_NL,TX_WEATHER_NL,TX_ROAD_CONDITION_NL,TX_LIGHT_CONDITION_NL,TX_CLASS_ACCIDENTS_NL,CD_ROAD_USR_TYPE1,TX_ROAD_USR_TYPE1_NL,CD_ROAD_USR_TYPE2,TX_ROAD_USR_TYPE2_NL,TX_CROSSWAY_NL,CD_ROAD_TYPE_NL,TX_BUILD_UP_AREA_NL,TX_COLLISION_TYPE_NL,TX_OBSTACLES_NL
47276,25,Bree,Bree,51.13679500160176,5.597669323604317,0.30306095100714386,51.13778678518098,5.59362340665812,2024,5,15,72004,Bree,Normaal,Droog,Dag,met zwaargewonden,3,Fiets,3,Fiets,Buiten Kruispunt,Gewestweg,binnen bebouwde kom,Tussen 2 bestuurders: Frontale botsing,Geen hindernis
47570,151,Leuven,District Leuven,50.8690262,4.6854839,0.4885349218577215,50.872075206426956,4.6904964450945394,2024,6,18,24062,Leuven,Regenval,"Nat, plassen",Dag,met lichtgewonden,3,Fiets,9,personenauto,Op Kruispunt,Gewestweg,binnen bebouwde kom,Tss. 2 best.: langs opzij (voor-/achterkant-flank),Geen hindernis
47572,151,Leuven,District Leuven,50.8690262,4.6854839,0.4884349090129691,50.871805514310516,4.690873931939299,2024,6,9,24062,Leuven,Normaal,Droog,Dag,met lichtgewonden,9,personenauto,3,Fiets,Buiten Kruispunt,Gewestweg,binnen bebouwde kom,Tss. 2 best.: langs opzij (voor-/achterkant-flank),Geen hindernis
47578,107,leuven totem,Leuven,50.8870744,4.7087919,0.4007465550709722,50.89026362754553,4.706130982579654,2024,6,18,24062,Leuven,Normaal,Droog,Dag,met zwaargewonden,3,Fiets,11,een weggebruiker tegen een hindernis,Op Kruispunt,Gemeenteweg,binnen bebouwde kom,Weggebruiker tegen hindernis buiten rijbaan,Buiten de rijbaan: Vangrails overschreden
47578,77,Leuven teller 2,Leuven,50.88672,4.70796,0.4143940507337786,50.89026362754553,4.706130982579654,2024,6,18,24062,Leuven,Normaal,Droog,Dag,met zwaargewonden,3,Fiets,11,een weggebruiker tegen een hindernis,Op Kruispunt,Gemeenteweg,binnen bebouwde kom,Weggebruiker tegen hindernis buiten rijbaan,Buiten de rijbaan: Vangrails overschreden
47582,77,Leuven teller 2,Leuven,50.88672,4.70796,0.1419334895090834,50.887822667362876,4.706940773071329,2024,6,19,24062,Leuven,Normaal,Droog,Dag,met lichtgewonden,9,personenauto,3,Fiets,Op Kruispunt,Gewestweg,binnen bebouwde kom,Tss. 2 best.: langs opzij (voor-/achterkant-flank),Geen hindernis
47582,107,leuven totem,Leuven,50.8870744,4.7087919,0.15422074895549512,50.887822667362876,4.706940773071329,2024,6,19,24062,Leuven,Normaal,Droog,Dag,met lichtgewonden,9,personenauto,3,Fiets,Op Kruispunt,Gewestweg,binnen bebouwde kom,Tss. 2 best.: langs opzij (voor-/achterkant-flank),Geen hindernis
47606,111,Zaventem totem,Zaventem,50.8871216,4.4597084,0.34049850915649454,50.88615420121142,4.464313805380348,2024,6,7,23094,Zaventem,Normaal,Droog,Dag,met lichtgewonden,3,Fiets,3,Fiets,Buiten Kruispunt,Gemeenteweg,binnen bebouwde kom,Tussen 2 bestuurders: Frontale botsing,Geen hindernis
47643,71,Kampenhout teller 2,Kampenhout,50.95589,4.59164,0.48717385917486555,50.9592893394203,4.5872519034565284,2024,6,15,23038,Kampenhout,Normaal,Droog,Dag,met lichtgewonden,6,Bromfiets,3,Fiets,Buiten Kruispunt,Gewestweg,buiten bebouwde kom,Tss. 2 best.: langs opzij (voor-/achterkant-flank),Geen hindernis
47643,70,Kampenhout teller 1,Kampenhout,50.95682,4.59318,0.4977847998277223,50.9592893394203,4.5872519034565284,2024,6,15,23038,Kampenhout,Normaal,Droog,Dag,met lichtgewonden,6,Bromfiets,3,Fiets,Buiten Kruispunt,Gewestweg,buiten bebouwde kom,Tss. 2 best.: langs opzij (voor-/achterkant-flank),Geen hindernis
47679,13,Gent,Gent,51.03018,3.70146,0.363725237769287,51.02691386238766,3.7011747906370904,2024,6,11,44021,Gent,Normaal,Droog,Dag,met zwaargewonden,3,Fiets,3,Fiets,Buiten Kruispunt,Autosnelweg,buiten bebouwde kom,Tussen 2 bestuurders: Flank tegen flank,Geen hindernis
47702,118,Gent teller 1,Gent,51.028049,3.7681359,0.041483383418182446,51.027796196391314,3.7685721174787457,2024,6,8,44021,Gent,Normaal,Droog,Dag,met lichtgewonden,9,personenauto,3,Fiets,Op Kruispunt,Gewestweg,binnen bebouwde kom,Tss. 2 best.: langs opzij (voor-/achterkant-flank),Geen hindernis
47702,119,Gent teller 2,Gent,51.0281795,3.7683918,0.04444783466179784,51.027796196391314,3.7685721174787457,2024,6,8,44021,Gent,Normaal,Droog,Dag,met lichtgewonden,9,personenauto,3,Fiets,Op Kruispunt,Gewestweg,binnen bebouwde kom,Tss. 2 best.: langs opzij (voor-/achterkant-flank),Geen hindernis
47722,7,Evergem 1,Evergem,51.1089,3.70317,0.15515914882825724,51.107657517770164,3.704181509436845,2024,6,13,44019,Evergem,Regenval,"Nat, plassen",Dag,met lichtgewonden,8,Voetganger,3,Fiets,Buiten Kruispunt,Gemeenteweg,binnen bebouwde kom,Met een voetganger,Geen hindernis
47722,6,Evergem 2,Evergem,51.10894,3.70298,0.16544638895142855,51.107657517770164,3.704181509436845,2024,6,13,44019,Evergem,Regenval,"Nat, plassen",Dag,met lichtgewonden,8,Voetganger,3,Fiets,Buiten Kruispunt,Gemeenteweg,binnen bebouwde kom,Met een voetganger,Geen hindernis
47940,16,Kortrijk 1,Kortrijk,50.83332,3.27777,0.31641709326566486,50.83206104611605,3.2818105564926014,2024,6,8,34022,Kortrijk,Onbekend,Onbekend,Dag,met lichtgewonden,3,Fiets,4,Vrachtwagen,Buiten Kruispunt,Gemeenteweg,binnen bebouwde kom,Tss. 2 best.: langs opzij (voor-/achterkant-flank),Geen hindernis
47940,17,Kortrijk 2,Kortrijk,50.83339,3.27773,0.3224308839068037,50.83206104611605,3.2818105564926014,2024,6,8,34022,Kortrijk,Onbekend,Onbekend,Dag,met lichtgewonden,3,Fiets,4,Vrachtwagen,Buiten Kruispunt,Gemeenteweg,binnen bebouwde kom,Tss. 2 best.: langs opzij (voor-/achterkant-flank),Geen hindernis
47969,66,Nieuwpoort totem,Nieuwpoort,51.1347,2.74369,0.38232287752789124,51.13234607570822,2.747683893583765,2024,6,11,38016,Nieuwpoort,Normaal,Droog,Dag,met lichtgewonden,9,personenauto,3,Fiets,Op Kruispunt,Gewestweg,binnen bebouwde kom,Tss. 2 best.: langs opzij (voor-/achterkant-flank),Geen hindernis
47969,63,Nieuwpoort teller 3,Nieuwpoort,51.13529,2.74289,0.46802194470148906,51.13234607570822,2.747683893583765,2024,6,11,38016,Nieuwpoort,Normaal,Droog,Dag,met lichtgewonden,9,personenauto,3,Fiets,Op Kruispunt,Gewestweg,binnen bebouwde kom,Tss. 2 best.: langs opzij (voor-/achterkant-flank),Geen hindernis
47971,65,Nieuwpoort teller 2,Nieuwpoort,51.13435,2.75511,0.2633727921016754,51.13629679557989,2.7572600371317404,2024,6,15,38016,Nieuwpoort,Normaal,Droog,Dag,met lichtgewonden,2,Andere weggebruiker,3,Fiets,Buiten Kruispunt,Gewestweg,binnen bebouwde kom,Tussen 2 bestuurders: Frontale botsing,Geen hindernis
47971,64,Nieuwpoort teller 1,Nieuwpoort,51.13359,2.75737,0.30107971197251776,51.13629679557989,2.7572600371317404,2024,6,15,38016,Nieuwpoort,Normaal,Droog,Dag,met lichtgewonden,2,Andere weggebruiker,3,Fiets,Buiten Kruispunt,Gewestweg,binnen bebouwde kom,Tussen 2 bestuurders: Frontale botsing,Geen hindernis
48031,49,Bokrijk,Genk,50.95264,5.41001,0.06305334543721527,50.95250779495435,5.409134670472796,2024,6,15,71016,Genk,Normaal,Droog,Dag,met lichtgewonden,9,personenauto,3,Fiets,Op Kruispunt,Gewestweg,buiten bebouwde kom,Tss. 2 best.: langs opzij (voor-/achterkant-flank),Geen hindernis
48043,25,Bree,Bree,51.13679500160176,5.597669323604317,0.4406489165820128,51.137672233294275,5.6038283697257025,2024,6,11,72004,Bree,Normaal,Droog,Dag,met lichtgewonden,9,personenauto,3,Fiets,Buiten Kruispunt,Gewestweg,buiten bebouwde kom,Tss. 2 best.: langs opzij (voor-/achterkant-flank),Geen hindernis
48055,23,Tienen 3,Tienen,50.81324,4.93447,0.429937210458984,50.811807352005665,4.92878629294385,2024,6,16,24107,Tienen,Normaal,Droog,Dag,met lichtgewonden,9,personenauto,3,Fiets,Op Kruispunt,Gemeenteweg,binnen bebouwde kom,Tss. 2 best.: langs opzij (voor-/achterkant-flank),Geen hindernis
48055,24,Tienen 1,Tienen,50.8133795491886,4.935044252605416,0.47316138494558085,50.811807352005665,4.92878629294385,2024,6,16,24107,Tienen,Normaal,Droog,Dag,met lichtgewonden,9,personenauto,3,Fiets,Op Kruispunt,Gemeenteweg,binnen bebouwde kom,Tss. 2 best.: langs opzij (voor-/achterkant-flank),Geen hindernis
48056,23,Tienen 3,Tienen,50.81324,4.93447,0.21293413568603312,50.812583526003095,4.931622948060933,2024,6,18,24107,Tienen,Normaal,Droog,Dag,met lichtgewonden,9,personenauto,3,Fiets,Buiten Kruispunt,Gewestweg,binnen bebouwde kom,Tss. 2 best.: langs opzij (voor-/achterkant-flank),Geen hindernis
48056,24,Tienen 1,Tienen,50.8133795491886,4.935044252605416,0.25615595459948387,50.812583526003095,4.931622948060933,2024,6,18,24107,Tienen,Normaal,Droog,Dag,met lichtgewonden,9,personenauto,3,Fiets,Buiten Kruispunt,Gewestweg,binnen bebouwde kom,Tss. 2 best.: langs opzij (voor-/achterkant-flank),Geen hindernis
48056,22,Tienen 2,Tienen,50.81330800184882,4.935984252796022,0.31683326661850897,50.812583526003095,4.931622948060933,2024,6,18,24107,Tienen,Normaal,Droog,Dag,met lichtgewonden,9,personenauto,3,Fiets,Buiten Kruispunt,Gewestweg,binnen bebouwde kom,Tss. 2 best.: langs opzij (voor-/achterkant-flank),Geen hindernis
48066,99,Mechelen teller 1,Mechelen,51.04564,4.46882,0.07192907534572969,51.04502925316732,4.469159033759653,2024,6,0,12025,Mechelen,Normaal,Droog,"Nacht, openbare verlichting aanwezig en ontstoken",met lichtgewonden,3,Fiets,9,personenauto,Op Kruispunt,Gewestweg,binnen bebouwde kom,Tss. 2 best.: langs opzij (voor-/achterkant-flank),Geen hindernis
48066,100,Mechelen teller 2,Mechelen,51.0457,4.46883,0.07805016541964548,51.04502925316732,4.469159033759653,2024,6,0,12025,Mechelen,Normaal,Droog,"Nacht, openbare verlichting aanwezig en ontstoken",met lichtgewonden,3,Fiets,9,personenauto,Op Kruispunt,Gewestweg,binnen bebouwde kom,Tss. 2 best.: langs opzij (voor-/achterkant-flank),Geen hindernis
48273,151,Leuven,District Leuven,50.8690262,4.6854839,0.48897094592577856,50.87207875467332,4.69049965565229,2024,7,17,24062,Leuven,Normaal,Droog,Dag,met lichtgewonden,3,Fiets,9,personenauto,Op Kruispunt,Gewestweg,binnen bebouwde kom,Tussen 2 bestuurders: Frontale botsing,Geen hindernis
48389,6,Evergem 2,Evergem,51.10894,3.70298,0.3508510034540492,51.110632070562076,3.698738073941746,2024,7,19,44019,Evergem,Normaal,Droog,Dag,met lichtgewonden,3,Fiets,9,personenauto,Op Kruispunt,Gemeenteweg,binnen bebouwde kom,Tussen 2 bestuurders: Flank tegen flank,Geen hindernis
48389,7,Evergem 1,Evergem,51.1089,3.70317,0.3644474233868932,51.110632070562076,3.698738073941746,2024,7,19,44019,Evergem,Normaal,Droog,Dag,met lichtgewonden,3,Fiets,9,personenauto,Op Kruispunt,Gemeenteweg,binnen bebouwde kom,Tussen 2 bestuurders: Flank tegen flank,Geen hindernis
48391,7,Evergem 1,Evergem,51.1089,3.70317,0.25146386375950863,51.11024196602796,3.7060692836251947,2024,7,22,44019,Evergem,Onbekend,Onbekend,Onbekend,met lichtgewonden,3,Fiets,10,"één bestuurder, geen hindernis",Buiten Kruispunt,Gemeenteweg,binnen bebouwde kom,"Eén bestuurder, geen hindernis (incl. val)",Geen hindernis
48391,6,Evergem 2,Evergem,51.10894,3.70298,0.25975342793181905,51.11024196602796,3.7060692836251947,2024,7,22,44019,Evergem,Onbekend,Onbekend,Onbekend,met lichtgewonden,3,Fiets,10,"één bestuurder, geen hindernis",Buiten Kruispunt,Gemeenteweg,binnen bebouwde kom,"Eén bestuurder, geen hindernis (incl. val)",Geen hindernis
48465,11,Aalst 3,Aalst,50.93385,4.01647,0.06176513268917769,50.933418398648,4.015915173573888,2024,7,9,41002,Aalst,Normaal,Droog,Dag,met lichtgewonden,1,Autobus,3,Fiets,Buiten Kruispunt,Gewestweg,buiten bebouwde kom,Tss. 2 best.: langs opzij (voor-/achterkant-flank),Geen hindernis
48465,19,Aalst 1,Aalst,50.93433,4.01471,0.13193777193197367,50.933418398648,4.015915173573888,2024,7,9,41002,Aalst,Normaal,Droog,Dag,met lichtgewonden,1,Autobus,3,Fiets,Buiten Kruispunt,Gewestweg,buiten bebouwde kom,Tss. 2 best.: langs opzij (voor-/achterkant-flank),Geen hindernis
48465,10,Aalst 2,Aalst,50.93549,4.01571,0.23079982916820233,50.933418398648,4.015915173573888,2024,7,9,41002,Aalst,Normaal,Droog,Dag,met lichtgewonden,1,Autobus,3,Fiets,Buiten Kruispunt,Gewestweg,buiten bebouwde kom,Tss. 2 best.: langs opzij (voor-/achterkant-flank),Geen hindernis
48538,84,Roeselare totem,Izegem,50.91717,3.18772,0.31476939796073533,50.91615583693441,3.1919120605389586,2024,7,9,36008,Izegem,Normaal,Droog,Dag,met lichtgewonden,3,Fiets,3,Fiets,Op Kruispunt,Gewestweg,buiten bebouwde kom,Tussen 2 bestuurders: Frontale botsing,Geen hindernis
48551,57,Meulebeke teller 1,Meulebeke,50.96056,3.24491,0.2658096748966974,50.96291441158766,3.2442531439236015,2024,7,17,37007,Meulebeke,Normaal,Droog,Dag,met lichtgewonden,5,Lichte vrachtauto,3,Fiets,Op Kruispunt,Gewestweg,buiten bebouwde kom,Tss. 2 best.: langs opzij (voor-/achterkant-flank),Geen hindernis
48551,58,Meulebeke teller 2,Meulebeke,50.96021,3.24471,0.3024142307067749,50.96291441158766,3.2442531439236015,2024,7,17,37007,Meulebeke,Normaal,Droog,Dag,met lichtgewonden,5,Lichte vrachtauto,3,Fiets,Op Kruispunt,Gewestweg,buiten bebouwde kom,Tss. 2 best.: langs opzij (voor-/achterkant-flank),Geen hindernis
48586,66,Nieuwpoort totem,Nieuwpoort,51.1347,2.74369,0.24641590435926183,51.133217493483144,2.7463149544873646,2024,7,10,38016,Nieuwpoort,Normaal,Droog,Dag,met lichtgewonden,3,Fiets,9,personenauto,Op Kruispunt,Gewestweg,binnen bebouwde kom,Tussen 2 bestuurders: Flank tegen flank,Geen hindernis
48586,63,Nieuwpoort teller 3,Nieuwpoort,51.13529,2.74289,0.3319896417764152,51.133217493483144,2.7463149544873646,2024,7,10,38016,Nieuwpoort,Normaal,Droog,Dag,met lichtgewonden,3,Fiets,9,personenauto,Op Kruispunt,Gewestweg,binnen bebouwde kom,Tussen 2 bestuurders: Flank tegen flank,Geen hindernis
48617,140,Hasselt ring,Hasselt,50.9300038,5.3438616,0.4031236846728155,50.92820034718485,5.338871791353993,2024,7,9,71022,Hasselt,Normaal,Droog,Dag,met lichtgewonden,5,Lichte vrachtauto,3,Fiets,Buiten Kruispunt,Gemeenteweg,binnen bebouwde kom,Tss. 2 best.: langs opzij (voor-/achterkant-flank),Geen hindernis
48623,140,Hasselt ring,Hasselt,50.9300038,5.3438616,0.11522267709792364,50.929137424169824,5.342959672236473,2024,7,11,71022,Hasselt,Onbekend,Onbekend,Dag,met zwaargewonden,3,Fiets,3,Fiets,Op Kruispunt,Gewestweg,onbekend,Tss. 2 best.: langs opzij (voor-/achterkant-flank),Geen hindernis
48833,127,Geel totem,Westerlo,51.1342966,4.9400421,0.23958405816516976,51.132590781362005,4.942139743667947,2024,8,5,13049,Westerlo,Normaal,Droog,Dag,met lichtgewonden,3,Fiets,3,Fiets,Buiten Kruispunt,Gemeenteweg,buiten bebouwde kom,Tussen 2 bestuurders: Frontale botsing,Geen hindernis
48833,112,Geel teller 2,Westerlo,51.1354992,4.9394789,0.37290496230391373,51.132590781362005,4.942139743667947,2024,8,5,13049,Westerlo,Normaal,Droog,Dag,met lichtgewonden,3,Fiets,3,Fiets,Buiten Kruispunt,Gemeenteweg,buiten bebouwde kom,Tussen 2 bestuurders: Frontale botsing,Geen hindernis
48835,127,Geel totem,Westerlo,51.1342966,4.9400421,0.28954088383212245,51.13188951092029,4.938459513137672,2024,8,16,13049,Westerlo,Onbekend,Onbekend,Onbekend,met lichtgewonden,3,Fiets,3,Fiets,Buiten Kruispunt,Gemeenteweg,onbekend,Tussen 2 bestuurders: Frontale botsing,Geen hindernis
48835,112,Geel teller 2,Westerlo,51.1354992,4.9394789,0.4076326811617716,51.13188951092029,4.938459513137672,2024,8,16,13049,Westerlo,Onbekend,Onbekend,Onbekend,met lichtgewonden,3,Fiets,3,Fiets,Buiten Kruispunt,Gemeenteweg,onbekend,Tussen 2 bestuurders: Frontale botsing,Geen hindernis
48869,46,Pelt teller 2,Pelt,51.231,5.44375,0.21337953941653084,51.229851628908975,5.441294790284805,2024,8,12,72043,Pelt,Normaal,Droog,Dag,met lichtgewonden,9,personenauto,3,Fiets,Op Kruispunt,Gewestweg,binnen bebouwde kom,Tss. 2 best.: langs opzij (voor-/achterkant-flank),Geen hindernis
48869,45,Pelt teller 1,Pelt,51.23127,5.44377,0.23361816818322792,51.229851628908975,5.441294790284805,2024,8,12,72043,Pelt,Normaal,Droog,Dag,met lichtgewonden,9,personenauto,3,Fiets,Op Kruispunt,Gewestweg,binnen bebouwde kom,Tss. 2 best.: langs opzij (voor-/achterkant-flank),Geen hindernis
48895,69,Leuven teller 1,Leuven,50.87549,4.71526,0.1898161282776515,50.873989617763975,4.713969726485763,2024,8,13,24062,Leuven,Normaal,Droog,Dag,met lichtgewonden,3,Fiets,3,Fiets,Buiten Kruispunt,Gemeenteweg,binnen bebouwde kom,Tussen 2 bestuurders: Flank tegen flank,Geen hindernis
48897,151,Leuven,District Leuven,50.8690262,4.6854839,0.20985296327744213,50.869423582964764,4.6884073094884195,2024,8,19,24062,Leuven,Onbekend,Onbekend,Dag,met lichtgewonden,3,Fiets,3,Fiets,Buiten Kruispunt,Gewestweg,binnen bebouwde kom,Tussen 2 bestuurders: Frontale botsing,Geen hindernis
48921,101,Diest teller 1,Diest,50.97799,5.04481,0.36161408484301866,50.9805859957814,5.0479211312279615,2024,8,10,24020,Diest,Normaal,Droog,Dag,met lichtgewonden,2,Andere weggebruiker,3,Fiets,Op Kruispunt,Gewestweg,binnen bebouwde kom,Tss. 2 best.: langs opzij (voor-/achterkant-flank),Geen hindernis
48921,102,Diest teller 2,Diest,50.9779,5.04474,0.3725605291132744,50.9805859957814,5.0479211312279615,2024,8,10,24020,Diest,Normaal,Droog,Dag,met lichtgewonden,2,Andere weggebruiker,3,Fiets,Op Kruispunt,Gewestweg,binnen bebouwde kom,Tss. 2 best.: langs opzij (voor-/achterkant-flank),Geen hindernis
48928,145,Overijse,District Vilvoorde-gewestwegen,50.7885856,4.4908759,0.19785181507512611,50.790003413190796,4.492576509773302,2024,8,14,23062,Overijse,Normaal,Droog,Dag,met lichtgewonden,9,personenauto,3,Fiets,Buiten Kruispunt,Gemeenteweg,buiten bebouwde kom,Tss. 2 best.: langs opzij (voor-/achterkant-flank),Geen hindernis
48928,146,Overijse 2,District Vilvoorde-gewestwegen,50.7881478,4.4902818,0.2619041363298025,50.790003413190796,4.492576509773302,2024,8,14,23062,Overijse,Normaal,Droog,Dag,met lichtgewonden,9,personenauto,3,Fiets,Buiten Kruispunt,Gemeenteweg,buiten bebouwde kom,Tss. 2 best.: langs opzij (voor-/achterkant-flank),Geen hindernis
49162,15,Oostende 2,Oostende,51.21371,2.92743,0.4610148785486789,51.21729321425754,2.9241003773368117,2024,8,9,35013,Oostende,Normaal,Droog,Dag,met lichtgewonden,9,personenauto,3,Fiets,Op Kruispunt,Gewestweg,binnen bebouwde kom,Tss. 2 best.: langs opzij (voor-/achterkant-flank),Geen hindernis
49162,18,Oostende 1,Oostende,51.21378,2.92765,0.4623146860907285,51.21729321425754,2.9241003773368117,2024,8,9,35013,Oostende,Normaal,Droog,Dag,met lichtgewonden,9,personenauto,3,Fiets,Op Kruispunt,Gewestweg,binnen bebouwde kom,Tss. 2 best.: langs opzij (voor-/achterkant-flank),Geen hindernis
49169,15,Oostende 2,Oostende,51.21371,2.92743,0.19212728576588556,51.212170806723464,2.9286832366066444,2024,8,18,35013,Oostende,Normaal,Droog,Dag,met lichtgewonden,3,Fiets,3,Fiets,Buiten Kruispunt,Gemeenteweg,binnen bebouwde kom,Tss. 2 best.: langs opzij (voor-/achterkant-flank),Geen hindernis
49169,18,Oostende 1,Oostende,51.21378,2.92765,0.19286574865400186,51.212170806723464,2.9286832366066444,2024,8,18,35013,Oostende,Normaal,Droog,Dag,met lichtgewonden,3,Fiets,3,Fiets,Buiten Kruispunt,Gemeenteweg,binnen bebouwde kom,Tss. 2 best.: langs opzij (voor-/achterkant-flank),Geen hindernis
49199,16,Kortrijk 1,Kortrijk,50.83332,3.27777,0.34091760983414177,50.83069780018127,3.275254565745255,2024,8,12,34022,Kortrijk,Normaal,Droog,Dag,met lichtgewonden,3,Fiets,9,personenauto,Buiten Kruispunt,Gemeenteweg,binnen bebouwde kom,Tussen 2 bestuurders: Flank tegen flank,Geen hindernis
49199,17,Kortrijk 2,Kortrijk,50.83339,3.27773,0.3461787637196553,50.83069780018127,3.275254565745255,2024,8,12,34022,Kortrijk,Normaal,Droog,Dag,met lichtgewonden,3,Fiets,9,personenauto,Buiten Kruispunt,Gemeenteweg,binnen bebouwde kom,Tussen 2 bestuurders: Flank tegen flank,Geen hindernis
49287,25,Bree,Bree,51.13679500160176,5.597669323604317,0.22306724673797404,51.13859022208108,5.596242415801487,2024,8,12,72004,Bree,Normaal,Droog,Dag,met lichtgewonden,9,personenauto,3,Fiets,Buiten Kruispunt,Gemeenteweg,binnen bebouwde kom,Tussen 2 bestuurders: Frontale botsing,Geen hindernis
49702,9,Heist op den Berg 2,Heist-op-den-Berg,51.06904,4.69524,0.17871367765313784,51.06840262771816,4.6975879550140895,2024,10,7,12014,Heist-op-den-Berg,Normaal,Droog,Dageraad - schemering,met lichtgewonden,9,personenauto,3,Fiets,Buiten Kruispunt,Gewestweg,buiten bebouwde kom,Tss. 2 best.: langs opzij (voor-/achterkant-flank),Geen hindernis
49799,110,Herentals totem,Herentals,51.1739426,4.811783,0.2563254797196005,51.17189187416566,4.810103789249936,2024,9,12,13011,Herentals,Normaal,Droog,Dag,met lichtgewonden,9,personenauto,3,Fiets,Op Kruispunt,Gewestweg,buiten bebouwde kom,Tss. 2 best.: langs opzij (voor-/achterkant-flank),Geen hindernis
49799,94,Herentals teller 2,Herentals,51.17345,4.81283,0.2571790029827503,51.17189187416566,4.810103789249936,2024,9,12,13011,Herentals,Normaal,Droog,Dag,met lichtgewonden,9,personenauto,3,Fiets,Op Kruispunt,Gewestweg,buiten bebouwde kom,Tss. 2 best.: langs opzij (voor-/achterkant-flank),Geen hindernis
49861,44,Maaseik teller 2,Maaseik,51.09359,5.79726,0.3267714329923875,51.09544656422447,5.7936328293967065,2024,10,13,72021,Maaseik,Normaal,Droog,Dag,met zwaargewonden,9,personenauto,3,Fiets,Buiten Kruispunt,Gemeenteweg,binnen bebouwde kom,Tussen 2 bestuurders: Flank tegen flank,Geen hindernis
49861,43,Maaseik teller 1,Maaseik,51.09344,5.79715,0.3318311042847223,51.09544656422447,5.7936328293967065,2024,10,13,72021,Maaseik,Normaal,Droog,Dag,met zwaargewonden,9,personenauto,3,Fiets,Buiten Kruispunt,Gemeenteweg,binnen bebouwde kom,Tussen 2 bestuurders: Flank tegen flank,Geen hindernis
49866,69,Leuven teller 1,Leuven,50.87549,4.71526,0.17894265958495748,50.87708623900512,4.715583899326931,2024,10,15,24062,Leuven,Normaal,Onbekend,Dag,met lichtgewonden,3,Fiets,3,Fiets,Buiten Kruispunt,Gewestweg,binnen bebouwde kom,Tussen 2 bestuurders: Flank tegen flank,Geen hindernis
49868,151,Leuven,District Leuven,50.8690262,4.6854839,0.48824733293974354,50.87180805825627,4.690867181361226,2024,10,11,24062,Leuven,Normaal,Droog,Dag,met lichtgewonden,9,personenauto,3,Fiets,Buiten Kruispunt,Gewestweg,binnen bebouwde kom,Tss. 2 best.: langs opzij (voor-/achterkant-flank),Geen hindernis
49872,69,Leuven teller 1,Leuven,50.87549,4.71526,0.46601546879328276,50.87214899822338,4.719269661033242,2024,9,16,24062,Leuven,Onbekend,Onbekend,Dag,met lichtgewonden,3,Fiets,3,Fiets,Buiten Kruispunt,Gemeenteweg,binnen bebouwde kom,Tss. 2 best.: langs opzij (voor-/achterkant-flank),Geen hindernis
49886,107,leuven totem,Leuven,50.8870744,4.7087919,0.32324844225837407,50.884632090448214,4.711291177803898,2024,9,18,24062,Leuven,Normaal,Droog,Dag,met lichtgewonden,3,Fiets,9,personenauto,Op Kruispunt,Gewestweg,binnen bebouwde kom,Tussen 2 bestuurders: Flank tegen flank,Geen hindernis
49886,77,Leuven teller 2,Leuven,50.88672,4.70796,0.32940423899457555,50.884632090448214,4.711291177803898,2024,9,18,24062,Leuven,Normaal,Droog,Dag,met lichtgewonden,3,Fiets,9,personenauto,Op Kruispunt,Gewestweg,binnen bebouwde kom,Tussen 2 bestuurders: Flank tegen flank,Geen hindernis
49888,151,Leuven,District Leuven,50.8690262,4.6854839,0.48824733293974354,50.87180805825627,4.690867181361226,2024,10,12,24062,Leuven,Normaal,Droog+Proper,Dag,met lichtgewonden,3,Fiets,8,Voetganger,Buiten Kruispunt,Gewestweg,binnen bebouwde kom,Met een voetganger,Geen hindernis
49889,69,Leuven teller 1,Leuven,50.87549,4.71526,0.21051525343957667,50.873664534557896,4.714464600317724,2024,10,17,24062,Leuven,Normaal,Droog,Dag,met lichtgewonden,3,Fiets,3,Fiets,Op Kruispunt,Gewestweg,binnen bebouwde kom,Tussen 2 bestuurders: Flank tegen flank,Geen hindernis
49896,151,Leuven,District Leuven,50.8690262,4.6854839,0.48897094592577856,50.87207875467332,4.69049965565229,2024,10,12,24062,Leuven,Normaal,Droog,Dag,met zwaargewonden,9,personenauto,3,Fiets,Op Kruispunt,Gewestweg,binnen bebouwde kom,Tss. 2 best.: langs opzij (voor-/achterkant-flank),Geen hindernis
49899,108,Heverlee teller 1,Leuven,50.8471728,4.6954674,0.031025719849177923,50.84691175565392,4.6956234550996685,2024,9,9,24062,Leuven,Normaal,Droog,Dag,met lichtgewonden,3,Fiets,3,Fiets,Op Kruispunt,Gewestweg,buiten bebouwde kom,Tussen 2 bestuurders: Frontale botsing,Geen hindernis
49899,76,Heverlee teller 2,Leuven,50.84606,4.69597,0.0977861161812554,50.84691175565392,4.6956234550996685,2024,9,9,24062,Leuven,Normaal,Droog,Dag,met lichtgewonden,3,Fiets,3,Fiets,Op Kruispunt,Gewestweg,buiten bebouwde kom,Tussen 2 bestuurders: Frontale botsing,Geen hindernis