crash_row_id,site_id,site_name,site_gemeente,site_lat,site_long,distance_km,crash_lat,crash_long,DT_YEAR_COLLISION,DT_MONTH_COLLISION,DT_TIME,CD_NIS,TX_MUNTY_COLLISION_NL,TX_WEATHER_NL,TX_ROAD_CONDITION_NL,TX_LIGHT_CONDITION_NL,TX_CLASS_ACCIDENTS_NL,CD_ROAD_USR_TYPE1,TX_ROAD_USR_TYPE1_NL,CD_ROAD_USR_TYPE2,TX_ROAD_USR_TYPE2_NL,TX_CROSSWAY_NL,CD_ROAD_TYPE_NL,TX_BUILD_UP_AREA_NL,TX_COLLISION_TYPE_NL,TX_OBSTACLES_NL
49900,77,Leuven teller 2,Leuven,50.88672,4.70796,0.12349614567249804,50.88603917694917,4.706569071839852,2024,9,15,24062,Leuven,Normaal,Droog,Dag,met lichtgewonden,3,Fiets,3,Fiets,Buiten Kruispunt,Gemeenteweg,binnen bebouwde kom,Tussen 2 bestuurders: Frontale botsing,Geen hindernis
49900,107,leuven totem,Leuven,50.8870744,4.7087919,0.19381439047765525,50.88603917694917,4.706569071839852,2024,9,15,24062,Leuven,Normaal,Droog,Dag,met lichtgewonden,3,Fiets,3,Fiets,Buiten Kruispunt,Gemeenteweg,binnen bebouwde kom,Tussen 2 bestuurders: Frontale botsing,Geen hindernis
49903,151,Leuven,District Leuven,50.8690262,4.6854839,0.48897094592577856,50.87207875467332,4.69049965565229,2024,9,9,24062,Leuven,Normaal,Droog,Dag,met lichtgewonden,9,personenauto,3,Fiets,Op Kruispunt,Gewestweg,binnen bebouwde kom,Tss. 2 best.: langs opzij (voor-/achterkant-flank),Geen hindernis
49906,77,Leuven teller 2,Leuven,50.88672,4.70796,0.34621155169482926,50.88719084985359,4.703081288760635,2024,9,18,24062,Leuven,Normaal,Droog,Dag,met lichtgewonden,3,Fiets,8,Voetganger,Op Kruispunt,Gemeenteweg,buiten bebouwde kom,Met een voetganger,Geen hindernis
49906,107,leuven totem,Leuven,50.8870744,4.7087919,0.40079334184111026,50.88719084985359,4.703081288760635,2024,9,18,24062,Leuven,Normaal,Droog,Dag,met lichtgewonden,3,Fiets,8,Voetganger,Op Kruispunt,Gemeenteweg,buiten bebouwde kom,Met een voetganger,Geen hindernis
49908,69,Leuven teller 1,Leuven,50.87549,4.71526,0.46601546879328276,50.87214899822338,4.719269661033242,2024,10,7,24062,Leuven,Normaal,Droog,Dag,met lichtgewonden,3,Fiets,3,Fiets,Buiten Kruispunt,Gemeenteweg,binnen bebouwde kom,Tussen 2 bestuurders: Flank tegen flank,Geen hindernis
49910,69,Leuven teller 1,Leuven,50.87549,4.71526,0.3911663659512068,50.87815865226626,4.711627522686473,2024,10,16,24062,Leuven,Onbekend,Droog,Dag,met lichtgewonden,3,Fiets,9,personenauto,Buiten Kruispunt,Gemeenteweg,binnen bebouwde kom,Tussen 2 bestuurders: Flank tegen flank,Geen hindernis
49911,107,leuven totem,Leuven,50.8870744,4.7087919,0.09426275243810685,50.88632755228312,4.709427654370787,2024,10,15,24062,Leuven,Normaal,Droog,Dag,met lichtgewonden,3,Fiets,1,Autobus,Op Kruispunt,Gewestweg,binnen bebouwde kom,Tss. 2 best.: langs opzij (voor-/achterkant-flank),Geen hindernis
49911,77,Leuven teller 2,Leuven,50.88672,4.70796,0.11181990010249385,50.88632755228312,4.709427654370787,2024,10,15,24062,Leuven,Normaal,Droog,Dag,met lichtgewonden,3,Fiets,1,Autobus,Op Kruispunt,Gewestweg,binnen bebouwde kom,Tss. 2 best.: langs opzij (voor-/achterkant-flank),Geen hindernis
49913,69,Leuven teller 1,Leuven,50.87549,4.71526,0.4292352226869365,50.87348479015463,4.720487291890661,2024,10,12,24062,Leuven,Regenval,"Nat, plassen",Dag,met lichtgewonden,3,Fiets,3,Fiets,Buiten Kruispunt,Gemeenteweg,binnen bebouwde kom,Tussen 2 bestuurders: Flank tegen flank,Geen hindernis
49977,145,Overijse,District Vilvoorde-gewestwegen,50.7885856,4.4908759,0.4337076619281262,50.79160938889597,4.486978579142015,2024,10,18,23062,Overijse,Regenval,"Nat, plassen",Dageraad - schemering,met lichtgewonden,9,personenauto,3,Fiets,Buiten Kruispunt,Gewestweg,binnen bebouwde kom,Tss. 2 best.: langs opzij (voor-/achterkant-flank),Geen hindernis
49977,146,Overijse 2,District Vilvoorde-gewestwegen,50.7881478,4.4902818,0.44952345361726254,50.79160938889597,4.486978579142015,2024,10,18,23062,Overijse,Regenval,"Nat, plassen",Dageraad - schemering,met lichtgewonden,9,personenauto,3,Fiets,Buiten Kruispunt,Gewestweg,binnen bebouwde kom,Tss. 2 best.: langs opzij (voor-/achterkant-flank),Geen hindernis
49981,145,Overijse,District Vilvoorde-gewestwegen,50.7885856,4.4908759,0.4919411997295963,50.78719328030108,4.497518385859434,2024,9,7,23062,Overijse,Normaal,Droog,Dag,met lichtgewonden,9,personenauto,3,Fiets,Buiten Kruispunt,Gewestweg,buiten bebouwde kom,Tss. 2 best.: langs opzij (voor-/achterkant-flank),Geen hindernis
50026,27,Grimbergen,Meise,50.92127,4.34013,0.36866154566795817,50.92366706489358,4.336496456443462,2024,9,7,23050,Meise,Normaal,Proper,Dag,met lichtgewonden,9,personenauto,3,Fiets,Op Kruispunt,Gewestweg,buiten bebouwde kom,Tss. 2 best.: langs opzij (voor-/achterkant-flank),Geen hindernis
50057,109,Zemst,Zemst,50.9903936,4.4707023,0.4590916401427571,50.98632539240666,4.4718210472822175,2024,9,17,23096,Zemst,Regenval,"Nat, plassen",Dag,met lichtgewonden,9,personenauto,3,Fiets,Buiten Kruispunt,Gemeenteweg,binnen bebouwde kom,Tss. 2 best.: langs opzij (voor-/achterkant-flank),Geen hindernis
50058,109,Zemst,Zemst,50.9903936,4.4707023,0.34835619819701874,50.987261174000736,4.470783457850311,2024,9,12,23096,Zemst,Normaal,Droog,Dag,met lichtgewonden,9,personenauto,3,Fiets,Op Kruispunt,Gewestweg,buiten bebouwde kom,Tss. 2 best.: langs opzij (voor-/achterkant-flank),Geen hindernis
50122,119,Gent teller 2,Gent,51.0281795,3.7683918,0.3036441589862045,51.026091156683734,3.7711892686666086,2024,10,9,44021,Gent,Normaal,Droog,Dag,met lichtgewonden,3,Fiets,9,personenauto,Buiten Kruispunt,Gewestweg,buiten bebouwde kom,Tss. 2 best.: langs opzij (voor-/achterkant-flank),Geen hindernis
50122,118,Gent teller 1,Gent,51.028049,3.7681359,0.3049496454213877,51.026091156683734,3.7711892686666086,2024,10,9,44021,Gent,Normaal,Droog,Dag,met lichtgewonden,3,Fiets,9,personenauto,Buiten Kruispunt,Gewestweg,buiten bebouwde kom,Tss. 2 best.: langs opzij (voor-/achterkant-flank),Geen hindernis
50333,128,Lokeren teller 1,Lokeren,51.09644,3.97023,0.3391671226462834,51.09893453935001,3.973025058816635,2024,10,11,46014,Lokeren,Normaal,Droog,Dag,met lichtgewonden,9,personenauto,3,Fiets,Op Kruispunt,Gewestweg,buiten bebouwde kom,Tss. 2 best.: langs opzij (voor-/achterkant-flank),Geen hindernis
50333,129,Lokeren teller 2,Lokeren,51.09612,3.97025,0.36809940232088456,51.09893453935001,3.973025058816635,2024,10,11,46014,Lokeren,Normaal,Droog,Dag,met lichtgewonden,9,personenauto,3,Fiets,Op Kruispunt,Gewestweg,buiten bebouwde kom,Tss. 2 best.: langs opzij (voor-/achterkant-flank),Geen hindernis
50341,126,Hamme totem,Hamme,51.1017709,4.1469307,0.05251729009160452,51.10130329229942,4.146824948885599,2024,10,18,42008,Hamme,Normaal,"Nat, plassen","Nacht, openbare verlichting aanwezig en ontstoken",met lichtgewonden,3,Fiets,9,personenauto,Op Kruispunt,Gewestweg,binnen bebouwde kom,Tss. 2 best.: langs opzij (voor-/achterkant-flank),Geen hindernis
50350,120,Zele teller 1,Zele,51.0607671,4.0547741,0.0993503329867308,51.061650691978635,4.054563194888066,2024,9,17,42028,Zele,Normaal,Droog,Dag,dodelijk gewonden,9,personenauto,3,Fiets,Buiten Kruispunt,Gewestweg,buiten bebouwde kom,Tss. 2 best.: langs opzij (voor-/achterkant-flank),Geen hindernis
50350,121,Zele teller 2,Zele,51.0604067,4.0556696,0.15846940473326088,51.061650691978635,4.054563194888066,2024,9,17,42028,Zele,Normaal,Droog,Dag,dodelijk gewonden,9,personenauto,3,Fiets,Buiten Kruispunt,Gewestweg,buiten bebouwde kom,Tss. 2 best.: langs opzij (voor-/achterkant-flank),Geen hindernis
50387,10,Aalst 2,Aalst,50.93549,4.01571,0.47264086394850224,50.939736424030784,4.015412463757547,2024,10,8,41002,Aalst,Normaal,Droog,Dag,met lichtgewonden,9,personenauto,3,Fiets,Op Kruispunt,Gewestweg,binnen bebouwde kom,Tss. 2 best.: langs opzij (voor-/achterkant-flank),Geen hindernis
50425,125,Dendermonde totem,Dendermonde,51.0372706,4.1025998,0.016533188250177907,51.037238225097234,4.102830581874966,2024,10,6,42006,Dendermonde,Normaal,"Vuil (zand, grint, bladeren,...)","Nacht, openbare verlichting aanwezig en ontstoken",met lichtgewonden,3,Fiets,10,"één bestuurder, geen hindernis",Buiten Kruispunt,Gewestweg,buiten bebouwde kom,"Eén bestuurder, geen hindernis (incl. val)",Geen hindernis
50425,122,Dendermonde teller 2,Dendermonde,51.0373918,4.1019222,0.06577050885762219,51.037238225097234,4.102830581874966,2024,10,6,42006,Dendermonde,Normaal,"Vuil (zand, grint, bladeren,...)","Nacht, openbare verlichting aanwezig en ontstoken",met lichtgewonden,3,Fiets,10,"één bestuurder, geen hindernis",Buiten Kruispunt,Gewestweg,buiten bebouwde kom,"Eén bestuurder, geen hindernis (incl. val)",Geen hindernis
50457,142,TEST Validatie BRUGGE Y2H22022134,Brugge,51.22632,3.24095,0.3495900964470501,51.2293559716457,3.2396456101248554,2024,9,16,31005,Brugge,Normaal,Droog,Dag,met lichtgewonden,9,personenauto,3,Fiets,Op Kruispunt,Gewestweg,binnen bebouwde kom,Tss. 2 best.: langs opzij (voor-/achterkant-flank),Geen hindernis
50457,52,Brugge,Brugge,51.22632,3.24095,0.3495900964470501,51.2293559716457,3.2396456101248554,2024,9,16,31005,Brugge,Normaal,Droog,Dag,met lichtgewonden,9,personenauto,3,Fiets,Op Kruispunt,Gewestweg,binnen bebouwde kom,Tss. 2 best.: langs opzij (voor-/achterkant-flank),Geen hindernis
50496,18,Oostende 1,Oostende,51.21378,2.92765,0.2565277534758387,51.21578542172968,2.9294705991346848,2024,9,18,35013,Oostende,Normaal,Droog,Dag,met lichtgewonden,9,personenauto,3,Fiets,Op Kruispunt,Gewestweg,binnen bebouwde kom,Tss. 2 best.: langs opzij (voor-/achterkant-flank),Geen hindernis
50496,15,Oostende 2,Oostende,51.21371,2.92743,0.27103446337983095,51.21578542172968,2.9294705991346848,2024,9,18,35013,Oostende,Normaal,Droog,Dag,met lichtgewonden,9,personenauto,3,Fiets,Op Kruispunt,Gewestweg,binnen bebouwde kom,Tss. 2 best.: langs opzij (voor-/achterkant-flank),Geen hindernis
50569,143,Eco Display Classic Budastraat,Kortrijk,50.83066,3.26286,0.3049838928749179,50.82827320597196,3.2649994287278803,2024,10,17,34022,Kortrijk,Normaal,Droog,Dag,met lichtgewonden,5,Lichte vrachtauto,3,Fiets,Buiten Kruispunt,Gemeenteweg,binnen bebouwde kom,Tussen 2 bestuurders: Flank tegen flank,Geen hindernis
50571,16,Kortrijk 1,Kortrijk,50.83332,3.27777,0.21992986884967486,50.83196761046923,3.275484848061427,2024,9,14,34022,Kortrijk,Normaal,Droog,Dag,met zwaargewonden,9,personenauto,3,Fiets,Op Kruispunt,Gewestweg,binnen bebouwde kom,Tss. 2 best.: langs opzij (voor-/achterkant-flank),Geen hindernis
50571,17,Kortrijk 2,Kortrijk,50.83339,3.27773,0.22333141006946597,50.83196761046923,3.275484848061427,2024,9,14,34022,Kortrijk,Normaal,Droog,Dag,met zwaargewonden,9,personenauto,3,Fiets,Op Kruispunt,Gewestweg,binnen bebouwde kom,Tss. 2 best.: langs opzij (voor-/achterkant-flank),Geen hindernis
50576,143,Eco Display Classic Budastraat,Kortrijk,50.83066,3.26286,0.33366636359150065,50.82795784491663,3.264925913446927,2024,9,12,34022,Kortrijk,Regenval,"Nat, plassen",Dag,met lichtgewonden,9,personenauto,3,Fiets,Buiten Kruispunt,Gemeenteweg,binnen bebouwde kom,Tussen 2 bestuurders: Langs achteren,Geen hindernis
50578,143,Eco Display Classic Budastraat,Kortrijk,50.83066,3.26286,0.4709127805722722,50.826943733050655,3.2660753615853895,2024,9,18,34022,Kortrijk,Normaal,Droog,Dag,met lichtgewonden,3,Fiets,11,een weggebruiker tegen een hindernis,Buiten Kruispunt,Gewestweg,binnen bebouwde kom,Weggebruiker tegen hindernis buiten rijbaan,Andere hindernis
50593,17,Kortrijk 2,Kortrijk,50.83339,3.27773,0.3390101494854034,50.83249393244534,3.2731159845674225,2024,10,19,34022,Kortrijk,Normaal,Droog,"Nacht, openbare verlichting aanwezig en ontstoken",met lichtgewonden,9,personenauto,3,Fiets,Buiten Kruispunt,Gewestweg,binnen bebouwde kom,Tss. 2 best.: langs opzij (voor-/achterkant-flank),Geen hindernis
50593,16,Kortrijk 1,Kortrijk,50.83332,3.27777,0.33950841530970166,50.83249393244534,3.2731159845674225,2024,10,19,34022,Kortrijk,Normaal,Droog,"Nacht, openbare verlichting aanwezig en ontstoken",met lichtgewonden,9,personenauto,3,Fiets,Buiten Kruispunt,Gewestweg,binnen bebouwde kom,Tss. 2 best.: langs opzij (voor-/achterkant-flank),Geen hindernis
50684,124,Beveren teller 2,Beveren,51.1964712,4.2361077,0.07930366067578058,51.19718398622332,4.236069174084404,2024,9,16,46003,Beveren,Normaal,Droog,Dag,met lichtgewonden,3,Fiets,8,Voetganger,Buiten Kruispunt,Gemeenteweg,buiten bebouwde kom,Met een voetganger,Geen hindernis
50718,137,Hasselt-Kempische brug,Hasselt,50.9411605,5.3417576,0.4997210118342649,50.94089323607312,5.334638090660114,2024,9,16,71022,Hasselt,Regenval,"Nat, plassen",Dageraad - schemering,met lichtgewonden,5,Lichte vrachtauto,3,Fiets,Buiten Kruispunt,Gemeenteweg,buiten bebouwde kom,Tss. 2 best.: langs opzij (voor-/achterkant-flank),Geen hindernis
50722,140,Hasselt ring,Hasselt,50.9300038,5.3438616,0.48260347305488716,50.92730466659942,5.33846918723866,2024,9,7,71022,Hasselt,Normaal,Droog,Dageraad - schemering,met lichtgewonden,3,Fiets,5,Lichte vrachtauto,Op Kruispunt,Gewestweg,binnen bebouwde kom,Tss. 2 best.: langs opzij (voor-/achterkant-flank),Geen hindernis
50752,14,Genk,Genk,50.97172,5.48927,0.202922220805461,50.97334634943339,5.490584685871915,2024,10,17,71016,Genk,Normaal,Droog,Dag,met lichtgewonden,3,Fiets,10,"één bestuurder, geen hindernis",Buiten Kruispunt,Gewestweg,binnen bebouwde kom,"Eén bestuurder, geen hindernis (incl. val)",Geen hindernis
50774,48,As,As,51.00509,5.60389,0.3665003405194214,51.00542128857216,5.598678510196334,2024,9,16,71002,As,Normaal,Droog,Dag,met lichtgewonden,3,Fiets,9,personenauto,Buiten Kruispunt,Gewestweg,buiten bebouwde kom,Tss. 2 best.: langs opzij (voor-/achterkant-flank),Geen hindernis
50776,25,Bree,Bree,51.13679500160176,5.597669323604317,0.19957500441771062,51.13561321421115,5.599822151295424,2024,9,12,72004,Bree,Normaal,Droog,Dag,met lichtgewonden,3,Fiets,3,Fiets,Buiten Kruispunt,Gemeenteweg,buiten bebouwde kom,Tussen 2 bestuurders: Frontale botsing,Geen hindernis
50797,23,Tienen 3,Tienen,50.81324,4.93447,0.44602157249306246,50.812337363147435,4.928284593086481,2024,9,12,24107,Tienen,Onbekend,Onbekend,Dag,met lichtgewonden,3,Fiets,5,Lichte vrachtauto,Op Kruispunt,Gewestweg,binnen bebouwde kom,Tss. 2 best.: langs opzij (voor-/achterkant-flank),Geen hindernis
50797,24,Tienen 1,Tienen,50.8133795491886,4.935044252605416,0.4888617529073353,50.812337363147435,4.928284593086481,2024,9,12,24107,Tienen,Onbekend,Onbekend,Dag,met lichtgewonden,3,Fiets,5,Lichte vrachtauto,Op Kruispunt,Gewestweg,binnen bebouwde kom,Tss. 2 best.: langs opzij (voor-/achterkant-flank),Geen hindernis
50818,99,Mechelen teller 1,Mechelen,51.04564,4.46882,0.268167008068551,51.04394551370871,4.471549516205571,2024,9,14,12025,Mechelen,Regenval,"Nat, plassen",Dag,met lichtgewonden,9,personenauto,3,Fiets,Op Kruispunt,Gemeenteweg,buiten bebouwde kom,Tss. 2 best.: langs opzij (voor-/achterkant-flank),Geen hindernis
50818,100,Mechelen teller 2,Mechelen,51.0457,4.46883,0.27240747767488727,51.04394551370871,4.471549516205571,2024,9,14,12025,Mechelen,Regenval,"Nat, plassen",Dag,met lichtgewonden,9,personenauto,3,Fiets,Op Kruispunt,Gemeenteweg,buiten bebouwde kom,Tss. 2 best.: langs opzij (voor-/achterkant-flank),Geen hindernis
50834,99,Mechelen teller 1,Mechelen,51.04564,4.46882,0.2687810507177256,51.04336248795078,4.470108067822588,2024,10,19,12025,Mechelen,Normaal,"Nat, plassen","Nacht, openbare verlichting aanwezig en ontstoken",met lichtgewonden,9,personenauto,3,Fiets,Op Kruispunt,Gewestweg,binnen bebouwde kom,Tss. 2 best.: langs opzij (voor-/achterkant-flank),Geen hindernis
50834,100,Mechelen teller 2,Mechelen,51.0457,4.46883,0.27484817774449327,51.04336248795078,4.470108067822588,2024,10,19,12025,Mechelen,Normaal,"Nat, plassen","Nacht, openbare verlichting aanwezig en ontstoken",met lichtgewonden,9,personenauto,3,Fiets,Op Kruispunt,Gewestweg,binnen bebouwde kom,Tss. 2 best.: langs opzij (voor-/achterkant-flank),Geen hindernis
51006,88,Westerlo teller 1,Westerlo,51.082,4.91325,0.09000094064025192,51.08277093069886,4.9128575182116005,2024,11,16,13049,Westerlo,Normaal,Droog,Dageraad - schemering,met lichtgewonden,9,personenauto,3,Fiets,Op Kruispunt,Gewestweg,binnen bebouwde kom,Tss. 2 best.: langs opzij (voor-/achterkant-flank),Geen hindernis
51006,89,Westerlo teller 2,Westerlo,51.08191,4.91334,0.10149052371023531,51.08277093069886,4.9128575182116005,2024,11,16,13049,Westerlo,Normaal,Droog,Dageraad - schemering,met lichtgewonden,9,personenauto,3,Fiets,Op Kruispunt,Gewestweg,binnen bebouwde kom,Tss. 2 best.: langs opzij (voor-/achterkant-flank),Geen hindernis
51024,134,Retie,Dessel,51.2548405,5.1037658,0.46835670283421343,51.25786293694697,5.099078293562668,2024,11,12,13036,Retie,Normaal,Droog,Dag,met lichtgewonden,9,personenauto,3,Fiets,Op Kruispunt,Gewestweg,buiten bebouwde kom,Tss. 2 best.: langs opzij (voor-/achterkant-flank),Geen hindernis
51066,69,Leuven teller 1,Leuven,50.87549,4.71526,0.19948084505591107,50.87726725514898,4.715647248820389,2024,11,12,24062,Leuven,Normaal,Droog,Dag,met lichtgewonden,3,Fiets,3,Fiets,Buiten Kruispunt,Gewestweg,binnen bebouwde kom,Tussen 2 bestuurders: Langs achteren,Geen hindernis
51069,77,Leuven teller 2,Leuven,50.88672,4.70796,0.20345243427332027,50.88807207981566,4.706005892939751,2024,11,12,24062,Leuven,Normaal,Droog,Dag,met lichtgewonden,5,Lichte vrachtauto,3,Fiets,Op Kruispunt,Gemeenteweg,binnen bebouwde kom,Tss. 2 best.: langs opzij (voor-/achterkant-flank),Geen hindernis
51069,107,leuven totem,Leuven,50.8870744,4.7087919,0.22472102076858988,50.88807207981566,4.706005892939751,2024,11,12,24062,Leuven,Normaal,Droog,Dag,met lichtgewonden,5,Lichte vrachtauto,3,Fiets,Op Kruispunt,Gemeenteweg,binnen bebouwde kom,Tss. 2 best.: langs opzij (voor-/achterkant-flank),Geen hindernis
51073,151,Leuven,District Leuven,50.8690262,4.6854839,0.39845821615996524,50.86668130027175,4.681190397544983,2024,11,11,24062,Leuven,Onbekend,"Nat, plassen",Dag,met lichtgewonden,3,Fiets,3,Fiets,Buiten Kruispunt,Gemeenteweg,binnen bebouwde kom,Tussen 2 bestuurders: Flank tegen flank,Geen hindernis
51078,107,leuven totem,Leuven,50.8870744,4.7087919,0.3247359927188866,50.889739625893164,4.706899301098839,2024,11,0,24062,Leuven,Mist (zichtbaarheid minder dan 100m),Proper,"Nacht, openbare verlichting aanwezig en ontstoken",met lichtgewonden,8,Voetganger,3,Fiets,Buiten Kruispunt,Gewestweg,binnen bebouwde kom,Met een voetganger,Geen hindernis
51078,77,Leuven teller 2,Leuven,50.88672,4.70796,0.3439119128906049,50.889739625893164,4.706899301098839,2024,11,0,24062,Leuven,Mist (zichtbaarheid minder dan 100m),Proper,"Nacht, openbare verlichting aanwezig en ontstoken",met lichtgewonden,8,Voetganger,3,Fiets,Buiten Kruispunt,Gewestweg,binnen bebouwde kom,Met een voetganger,Geen hindernis
51102,102,Diest teller 2,Diest,50.9779,5.04474,0.03570501181061949,50.9776529281271,5.044414262265492,2024,11,13,24020,Diest,Onbekend,Droog,Dag,met lichtgewonden,9,personenauto,3,Fiets,Buiten Kruispunt,Gewestweg,binnen bebouwde kom,Tss. 2 best.: langs opzij (voor-/achterkant-flank),Geen hindernis
51102,101,Diest teller 1,Diest,50.97799,5.04481,0.046609190551570354,50.9776529281271,5.044414262265492,2024,11,13,24020,Diest,Onbekend,Droog,Dag,met lichtgewonden,9,personenauto,3,Fiets,Buiten Kruispunt,Gewestweg,binnen bebouwde kom,Tss. 2 best.: langs opzij (voor-/achterkant-flank),Geen hindernis
51105,111,Zaventem totem,Zaventem,50.8871216,4.4597084,0.18138236560655402,50.88729234745807,4.4622799337513595,2024,11,9,23094,Zaventem,Normaal,"Nat, plassen",Dag,met lichtgewonden,9,personenauto,3,Fiets,Buiten Kruispunt,Gemeenteweg,binnen bebouwde kom,Tussen 2 bestuurders: Frontale botsing,Geen hindernis
51146,13,Gent,Gent,51.03018,3.70146,0.4144424359848435,51.03245946407412,3.696771031048829,2024,11,15,44021,Gent,Normaal,Droog,Dag,met lichtgewonden,3,Fiets,3,Fiets,Op Kruispunt,Gemeenteweg,buiten bebouwde kom,Tussen 2 bestuurders: Flank tegen flank,Geen hindernis
51180,7,Evergem 1,Evergem,51.1089,3.70317,0.39538359851538113,51.10800390246855,3.7086506305217735,2024,11,12,44019,Evergem,Onbekend,Onbekend,Dag,met lichtgewonden,3,Fiets,5,Lichte vrachtauto,Buiten Kruispunt,Gemeenteweg,binnen bebouwde kom,Tss. 2 best.: langs opzij (voor-/achterkant-flank),Geen hindernis
51180,6,Evergem 2,Evergem,51.10894,3.70298,0.40934190698509937,51.10800390246855,3.7086506305217735,2024,11,12,44019,Evergem,Onbekend,Onbekend,Dag,met lichtgewonden,3,Fiets,5,Lichte vrachtauto,Buiten Kruispunt,Gemeenteweg,binnen bebouwde kom,Tss. 2 best.: langs opzij (voor-/achterkant-flank),Geen hindernis
51243,122,Dendermonde teller 2,Dendermonde,51.0373918,4.1019222,0.17021670808405298,51.03890568313719,4.102283077754509,2024,11,8,42006,Dendermonde,Onbekend,Onbekend,Dageraad - schemering,met lichtgewonden,3,Fiets,3,Fiets,Buiten Kruispunt,Gewestweg,buiten bebouwde kom,Tss. 2 best.: langs opzij (voor-/achterkant-flank),Geen hindernis
51243,125,Dendermonde totem,Dendermonde,51.0372706,4.1025998,0.18315664382173333,51.03890568313719,4.102283077754509,2024,11,8,42006,Dendermonde,Onbekend,Onbekend,Dageraad - schemering,met lichtgewonden,3,Fiets,3,Fiets,Buiten Kruispunt,Gewestweg,buiten bebouwde kom,Tss. 2 best.: langs opzij (voor-/achterkant-flank),Geen hindernis
51345,140,Hasselt ring,Hasselt,50.9300038,5.3438616,0.48245015688412396,50.92730663199287,5.338469504729665,2024,11,16,71022,Hasselt,Normaal,Droog,Dageraad - schemering,met lichtgewonden,5,Lichte vrachtauto,3,Fiets,Op Kruispunt,Gewestweg,binnen bebouwde kom,Tss. 2 best.: langs opzij (voor-/achterkant-flank),Geen hindernis
51617,136,Gent R4,Gent,51.0876313,3.7587918,0.20741498980610706,51.08948482447936,3.7584582466340843,2024,12,12,44021,Gent,Normaal,Droog,Dag,met lichtgewonden,3,Fiets,9,personenauto,Op Kruispunt,Gemeenteweg,buiten bebouwde kom,Tss. 2 best.: langs opzij (voor-/achterkant-flank),Geen hindernis
51635,118,Gent teller 1,Gent,51.028049,3.7681359,0.4912179326500553,51.024669454522225,3.7726592461091286,2024,12,8,44040,Melle,Normaal,Droog,Dageraad - schemering,met lichtgewonden,4,Vrachtwagen,3,Fiets,Op Kruispunt,Gewestweg,buiten bebouwde kom,Tss. 2 best.: langs opzij (voor-/achterkant-flank),Geen hindernis
51635,119,Gent teller 2,Gent,51.0281795,3.7683918,0.4913331630814672,51.024669454522225,3.7726592461091286,2024,12,8,44040,Melle,Normaal,Droog,Dageraad - schemering,met lichtgewonden,4,Vrachtwagen,3,Fiets,Op Kruispunt,Gewestweg,buiten bebouwde kom,Tss. 2 best.: langs opzij (voor-/achterkant-flank),Geen hindernis
51641,6,Evergem 2,Evergem,51.10894,3.70298,0.2962236408985413,51.11159610571524,3.702653512047151,2024,12,15,44019,Evergem,Regenval,"Nat, plassen",Dag,met lichtgewonden,3,Fiets,8,Voetganger,Op Kruispunt,Gemeenteweg,binnen bebouwde kom,Met een voetganger,Geen hindernis
51641,7,Evergem 1,Evergem,51.1089,3.70317,0.3019537658905868,51.11159610571524,3.702653512047151,2024,12,15,44019,Evergem,Regenval,"Nat, plassen",Dag,met lichtgewonden,3,Fiets,8,Voetganger,Op Kruispunt,Gemeenteweg,binnen bebouwde kom,Met een voetganger,Geen hindernis
51664,120,Zele teller 1,Zele,51.0607671,4.0547741,0.4549773318868732,51.06485719824791,4.054591409429678,2024,12,15,42028,Zele,Onbekend,Onbekend,Dag,met lichtgewonden,3,Fiets,3,Fiets,Buiten Kruispunt,Gemeenteweg,onbekend,Tussen 2 bestuurders: Flank tegen flank,Geen hindernis
51715,66,Nieuwpoort totem,Nieuwpoort,51.1347,2.74369,0.36934195764616734,51.13362776622027,2.748699966747125,2024,12,7,38016,Nieuwpoort,Onbekend,Onbekend,Onbekend,met lichtgewonden,3,Fiets,3,Fiets,Buiten Kruispunt,Gemeenteweg,onbekend,Tussen 2 bestuurders: Frontale botsing,Geen hindernis
51715,63,Nieuwpoort teller 3,Nieuwpoort,51.13529,2.74289,0.44553419077216905,51.13362776622027,2.748699966747125,2024,12,7,38016,Nieuwpoort,Onbekend,Onbekend,Onbekend,met lichtgewonden,3,Fiets,3,Fiets,Buiten Kruispunt,Gemeenteweg,onbekend,Tussen 2 bestuurders: Frontale botsing,Geen hindernis
51715,65,Nieuwpoort teller 2,Nieuwpoort,51.13435,2.75511,0.4544126165813724,51.13362776622027,2.748699966747125,2024,12,7,38016,Nieuwpoort,Onbekend,Onbekend,Onbekend,met lichtgewonden,3,Fiets,3,Fiets,Buiten Kruispunt,Gemeenteweg,onbekend,Tussen 2 bestuurders: Frontale botsing,Geen hindernis
51732,143,Eco Display Classic Budastraat,Kortrijk,50.83066,3.26286,0.3900712883949907,50.8334209558231,3.266286336226116,2024,12,16,34022,Kortrijk,Onbekend,Onbekend,Onbekend,met lichtgewonden,3,Fiets,6,Bromfiets,Buiten Kruispunt,Gemeenteweg,onbekend,Tussen 2 bestuurders: Flank tegen flank,Geen hindernis